SMILES,MLM_Pred,HLM_Pred
CC[n+]1ccc(/C=C/C(C)=C/C=C/C(C)=C/C=C/C=C(C)/C=C/C=C(C)/C=C/c2cc[n+](CC)cc2)cc1,32.37,44.56
CN1CCSC1=CC=CC=CC=CC1=[N+](C)CCS1,16.73,38.61
CC=CC=CC=CC=CC=CC(=O)C1=C(O)[C@@H](CCC(=O)O)N(C)C1=O,71.42,73.99
CC1(C)C(C=CC2=C(Cl)C(=CC=C3N(CCCCS(=O)(=O)[O-])c4ccc5ccccc5c4C3(C)C)CCC2)=[N+](CCCCS(=O)(=O)[O-])c2ccc3ccccc3c21.[Na+],34.24,45.0
CCCCn1c(=CC=CC=CC=CC2=[N+](CCCC)c3cccc4cccc2c34)c2cccc3cccc1c32,26.15,38.49
CC(C=CC=CC=CC=CC(=O)C1=C(O)C(CCC(=O)O)N(C)C1=O)=CC(C)C(O[C@H]1C[C@H](O)[C@H](O)[C@@H](C)O1)C(C)C,72.75,76.02
CC1CC2OC(C=CC=CC=CC=CC=CC(=O)C3=C(O)N(C)C(C(C)C)C3=O)C(O)C2O1,70.69,74.55
CCN1C(=CC=CC=C2CCC(C=CC=Cc3sc4ccccc4[n+]3CC)=C2Cl)Sc2ccccc21,25.81,35.57
CC1(C)C(=CC=C2CCCC(C=CC3=[N+](CCCCS(=O)(=O)[O-])c4ccc5ccccc5c4C3(C)C)=C2Cl)N(CCCCS(=O)(=O)[O-])c2ccc3ccccc3c21,32.71,43.22
CN1/C(=C\C=C2/CCC(C=CC3=[N+](C)c4ccccc4C3(C)C)=C2Cl)C(C)(C)c2ccccc21,21.19,28.04
[K+].[K+].[O-]S([O-])(=O)=O,84.99,82.59
CN1/C(=C\C=C2/CCCC(C=CC3=[N+](C)c4ccccc4C3(C)C)=C2Cl)C(C)(C)c2ccccc21,20.74,27.58
CCN1C(=O)/C(=C\C=C\C=C\C=C2\N(C)c3ccccc3C2(C)C)SC1=S,13.49,12.02
CC(C=CC=C(C)C=CC(=O)[C@@]1(C)C[C@@H](O)CC1(C)C)=CC=CC=C(C)C=CC=C(C)C=CC1=C(C)C[C@H](O)CC1(C)C,28.96,34.57
CC(C=O)=CC=CC(C)=CC=CC=C(C)C=CC=C(C)C=CC1=C(C)CCCC1(C)C,20.87,25.43
CC(C=CC=C(C)C=CC(=O)[C@]1(C)C[C@@H](O)CC1(C)C)=CC=CC=C(C)C=CC=C(C)C=CC1=C(C)C[C@@H](O)CC1(C)C,28.25,33.87
CC1(C)C(/C=C/C2=C(Cl)/C(=C/C=C3\N(CCCCS(=O)(=O)[O-])c4ccccc4C3(C)C)CCC2)=[N+](CCCCS(=O)(=O)[O-])c2ccccc21.[Na+],22.73,27.34
CC(C=CC=C(C)C=CC1=C(C)C[C@@H](O)CC1(C)C)=CC=CC=C(C)C=CC=C(C)C=CC1=C(C)C[C@@H](O)CC1(C)C,28.69,34.74
CC1(C)C(=CC=C2CCCC(C=CC3=[N+](CCCCCC(=O)O)c4ccccc4C3(C)C)=C2Cl)N(CCCCCC(=O)O)c2ccccc21,37.02,48.77
CCN1C(=CC=C2CCC(C=Cc3sc4ccccc4[n+]3CC)=C2Cl)Sc2ccccc21,23.79,32.64
CC(C=CC=C(C)C=CC1=C(C)CC(O)CC1(C)C)=CC=CC=C(C)C=CC=C(C)C=CC1=C(C)CC(O)CC1(C)C,28.7,34.94
CC1(C)C(C=CC2=C(Cl)C(=CC=C3N(CCCCCC(=O)O)c4ccccc4C3(C)C)CCC2)=[N+](CCCCCC(=O)O)c2ccccc21.[Br-],39.27,51.31
CC1(C)C(/C=C/C=C/C=C/C=C2/N(CCCCS(=O)(=O)O[Na])c3ccc4ccccc4c3C2(C)C)=[N+](CCCCS(=O)(=O)[O-])c2ccc3ccccc3c21,26.65,34.48
CC(C)(C)C1=CC(=CC=CC=Cc2cc(C(C)(C)C)c3ccccc3[o+]2)Oc2ccccc21,42.22,62.38
CC(C=CC=C(C)C=CC1=C(C)C(=O)CCC1(C)C)=CC=CC=C(C)C=CC=C(C)C=CC1=C(C)C(=O)C(O)CC1(C)C,28.76,33.6
CCCN1/C(=C\C=C2/CCCC(/C=C/C3=[N+](CCC)c4ccccc4C3(C)C)=C2Cl)C(C)(C)c2ccccc21.[I-],25.3,33.94
C[N+]1=C(C=CC=CC=CN2CCOCC2)C(C)(C)c2ccccc21,16.34,32.88
CN(C)/C=C/C=C/C=C1\CC[n+]2c1sc1ccccc12,12.8,23.86
CC(C=CC=C(C)C=CC1=C(C)C(=O)CCC1(C)C)=CC=CC=C(C)C=CC=C(C)C=CC1=C(C)C(=O)CCC1(C)C,24.57,28.78
CN1/C(=C/C=C/C=C2\c3cc([N+](=O)[O-])ccc3-c3c2cc([N+](=O)[O-])cc3[N+](=O)[O-])C(C)(C)c2ccccc21,42.49,53.1
CC(C=CC=C(C)C=CC1=C(C)C(=O)[C@@H](O)CC1(C)C)=CC=CC=C(C)C=CC=C(C)C=CC1=C(C)C(=O)[C@@H](O)CC1(C)C,34.27,40.79
CC[N+]1=C(/C=C/C=C/C=C/C=C2/N(CCCCCC(=O)O)c3ccc(S(=O)(=O)O)cc3C2(C)C)C(C)(C)c2cc(S(=O)(=O)[O-])ccc21,30.78,37.73
CN1/C(=C\C=C\C=C\C=C\C2=[N+](C)c3ccccc3C2(C)C)C(C)(C)c2ccccc21,16.61,21.79
CN1/C(=C/C=C/C=C/C=C/C2=[N+](C)c3ccccc3C2(C)C)C(C)(C)c2ccccc21,16.06,21.05
CCN1C(=CC=CC=CC=Cc2sc3ccccc3[n+]2CC)Sc2ccccc21,16.79,23.89
CCCCn1c(=CC=CC2=[N+](CCCC)c3cccc4cccc2c34)c2cccc3cccc1c32,25.07,37.39
CCCN1/C(=C\C=C2/CCCC(/C=C/C3=[N+](CCC)c4ccccc4C3(C)C)=C2Cl)C(C)(C)c2ccccc21,22.36,30.4
CC[N+]1=C(C=CC=CC=CN(C)C)C(C)(C)c2c1ccc1ccccc21,12.11,16.12
CC1(C)C(/C=C/C2=C(Cl)/C(=C/C=C3\N(CCCCS(=O)(=O)[O-])c4ccccc4C3(C)C)CCC2)=[N+](CCCCS(=O)(=O)[O-])c2ccccc21,21.57,26.05
CC(/C=C/C=C(\C)C(=O)[O-])=C\C=C\C=C(C)\C=C\C=C(/C)C(=O)[O-].[Na+].[Na+],26.75,26.35
CC[N+]1=C(/C=C/C=C/C=C/C=C2/N(CCCCCC(=O)ON3C(=O)CCC3=O)c3ccc(S(=O)(=O)O)cc3C2(C)C)C(C)(C)c2cc(S(=O)(=O)[O-])ccc21,27.68,31.72
CN1/C(=C\C=C\C=C\C2=[N+](C)c3ccc4ccccc4c3C2(C)C)C(C)(C)c2c1ccc1ccccc21,24.17,35.19
CCc1ccc(-c2cc(-c3ccccc3)c3c([o+]2)/C(=C/c2ccc(N(C)C)cc2)CCC3)cc1,50.15,71.87
CCN1C(=CC=C2CCc3c(-c4ccccc4)cc(-c4ccccc4)[o+]c32)Sc2ccccc21,34.21,51.95
C(=CC=CC=Cc1ccco1)C=CC=CC=NN/C(=N\c1ccccc1)c1ccccn1,21.43,40.95
CN1C(=CC=CC=CC=CC2=[N+](C)c3ccccc3C2(C)C)C(C)(C)c2ccccc21,14.51,18.42
CN(C)/C=C/C=C/C=C1\c2ccccc2-c2ccc([N+](=O)[O-])cc21,30.21,41.41
O=[N+]([O-])C1=CC2=C(C=C1)C(C=CC=C3)=C3/C2=C\C=C\C=C\N(C)C,30.21,41.41
CCN1C(=O)/C(=C\C=C\C=C2\N(C)c3ccccc3C2(C)C)OC1=S,12.49,12.62
CC(C=CC1=C(C)CCCC1(C)C)=CC=CC(C)=CC(=O)ON1C(=O)CCC1=O,21.81,26.9
CCCCN1/C(=C\C=C\C=C\C2=[N+](CCCC)c3ccc4ccccc4c3C2(C)C)C(C)(C)c2c1ccc1ccccc21,25.11,35.7
CN(C)c1ccc(C=C2CCCC(=Cc3ccc([N+](=O)[O-])cc3)C2=O)cc1,24.87,32.71
CCN1C(=CC=C2CCC(=CC=C3Sc4ccc5ccccc5c4N3CC)C2=O)Sc2ccc3ccccc3c21,25.84,37.36
CN(C)/C=C/C=C/C=C1\CCC/C(=C\C=C\C=C\N(C)C)C1=O,28.74,52.53
[2H]C([2H])([2H])C(C=CC=C(C)C=CC1=C(C)CCCC1(C)C)=CCOC(C)=O,21.19,27.62
CCCCN(CCCC)c1ccc(C2=C([O-])C(=C3C=CC(=[N+](CCCC)CCCC)C=C3O)C2=O)c(O)c1,27.8,38.37
CN1C(=O)/C(=C(O)\C=C\C=C\C=C\C=C\C=C\C(=O)O)C(=O)[C@@H]1CO,84.54,84.87
CCN1C(=CC=C2CCC(C=Cc3sc4ccccc4[n+]3CC)=C2C)Sc2ccccc21,19.33,26.62
CCc1ccc(-c2cc(-c3ccccc3)c3c([o+]2)C(=Cc2ccc(N(C)C)cc2)CCC3)cc1,42.6,62.11
CN(C)/C=C/C=C/C=C1\CCC/C(=C\C=C\N(C)C)C1=O,31.99,59.11
CN1C(=O)C(=C(O)C=CC=CC=C[C@H]2C=CCC[C@@H]2C=CC=CC=CC(O)=C2C(=O)[C@H](CO)N(C)C2=O)C(=O)[C@@H]1CO,83.97,87.83
CCN1C(=O)/C(=C\C=C\C=C\C=C2\N(C)c3ccccc3C2(C)C)OC1=S,14.59,14.37
CCN1/C(=C/C=C/C=C/C=C/c2sc3ccccc3[n+]2CC)Sc2ccccc21,20.49,29.25
CC(=O)N(/C=C/C=C/C=C/C1=[N+](CCCCS(=O)(=O)[O-])c2ccc3ccccc3c2C1(C)C)c1ccccc1,17.84,21.13
"[Na+].[O-]c1ccc(cc1)N=C1C=C(Cl)C(=O)C(Cl)=C1 |c:16,t:10|",44.12,62.58
CCN1/C(=C\C=C\C=C\C=C\c2sc3ccccc3[n+]2CC)Sc2ccccc21,19.4,27.78
CN(C)C=CC=CC=CC1=[N+](C)c2ccccc2C1(C)C,10.98,21.58
O=C(O)c1ccccc1C1=c2cc3c4c(c2Oc2c1cc1c5c2CCCN5CCC1)CCC[N+]=4CCC3,40.29,58.25
CC(C=CC1=C(C)CCCC1(C)C)=CC=CC(C)=CC(=O)O,32.76,42.43
CC(=O)OCC=C(C)C=CC=C(C)C=CC1=C(C)CCCC1(C)C,15.38,19.48
CC(C=CC=C(C)C=CC1=C(C)C(O)CCC1(C)C)=CC=O,24.5,35.36
CN(C)c1ccc(/C=C2\CCc3c(-c4ccccc4)cc(-c4ccccc4)[se+]c32)cc1,48.53,70.55
CC(C=CC1=C(C)C(O)CCC1(C)C)=CC=CC(C)=CC(=O)O,55.42,66.16
N#CC(C#N)=C(C#N)C#N,27.28,31.31
CCCN(CCC)c1ccc(/C=C/c2cc(-c3ccc(OCC)cc3)cc(-c3ccc(OCC)cc3)[o+]2)cc1,56.8,79.63
CCN1/C(=C\C=C2\CCc3c(-c4ccccc4)cc(-c4ccccc4)[o+]c32)Sc2ccccc21,49.82,71.82
COc1ccc(N(/C=C/C=C/C=C2\SC(=S)N(C)C2=O)C(C)=O)cc1,31.91,43.97
CCN1C(=O)C(=CC2=C(OC)C(=CC=C3Sc4ccccc4N3CC)CC2)SC1=S,13.73,12.04
CC(C=CC1=C(C)CCCC1(C)C)=CC=CC(C)=CC=NCCCC[C@H](N)C(=O)O,30.64,41.54
CCN1/C(=C/C=C/C=C/C2=[N+](CCCCCC(=O)O)c3ccc(S(=O)(=O)O)cc3C2(C)C)C(C)(C)c2cc(S(=O)(=O)[O-])ccc21,29.5,36.27
OCCN1C(=CC=C2CCC(C=Cc3sc4ccccc4[n+]3CCO)=C2c2ccccc2)Sc2ccccc21,24.8,34.37
CN(C)c1ccc(/C=C2\CCc3c(-c4ccccc4)cc(-c4ccccc4)[o+]c32)cc1,47.8,70.04
CCN1/C(=C/C=C2\CC/C(=C\C=C3/Sc4ccccc4N3CC)C2=O)Sc2ccccc21,22.52,30.63
CCN(CC)c1ccc(C=CC=CC=Cc2cc[n+](CCC[N+](CC)(CC)CC)cc2)cc1,13.35,19.34
O=C1NC(=S)S/C1=C/C=C/C=C/c1ccc([N+](=O)[O-])cc1,59.69,65.05
CC(C=CC1=C(C)CCCC1(C)C)=CC=CC(C)=CCO[Si](C)(C)C(C)(C)C,15.29,23.33
CCO/C=C1/CCCc2cc3c([o+]c21)/C(=C/OCC)CCC3,29.58,42.84
CN(/C=C/C=C/C=C/C1=[N+](C)c2ccccc2C1(C)C)c1ccccc1,13.88,21.14
CC(C=CC1=C(C)C(=NO)CCC1(C)C)=CC=CC(C)=CC(=O)O,60.83,67.62
CN(/C=C/C=C1\CC/C(=C\C=C\N(C)c2ccccc2)C1=O)c1ccccc1,16.74,26.6
CN(C)C=CC=CC=CC(=O)c1ccc(C(=O)C=CC=CC=CN(C)C)cc1,19.56,26.6
CCN(CC)CC.CC[N+]1=C(/C=C/C=C/C=C/C=C2/N(CCCCCC(=O)ON3C(=O)CCC3=O)c3ccc(S(=O)(=O)O)cc3C2(C)C)C(C)(C)c2cc(S(=O)(=O)[O-])ccc21,29.77,35.59
[C][C]([C])[N]C(c1ccc(N2[C][C][C][C]2)cc1)=c1ccc(=C(C#N)C#N)cc1,33.2,43.48
CCN1/C(=C\C=C\C=C\C2=[N+](CC)c3ccc(S(=O)(=O)[O-])cc3C2(C)C)C(C)(C)c2cc(S(=O)(=O)O)ccc21,17.6,20.15
O=C1/C(=C\C=C(Cl)Cl)CCC/C1=C\C=C(Cl)Cl,35.72,45.86
CN(C)c1ccc(/C=C2\CCc3c(-c4ccccc4)cc(-c4ccccc4)[s+]c32)cc1,47.53,68.89
CN1C(=O)C(=CC=CC=Cc2ccc([N+](=O)[O-])cc2)SC1=S,34.89,38.15
N#CC(C#N)=c1ccc(=C(C#N)c2ccc(N3[C][C][C][C]3)cc2)cc1,30.18,40.35
CN(C)C=CC=CC=C1c2ccccc2-c2c(-c3ccccc3)cc(-c3ccccc3)[o+]c21,37.87,57.51
CN(C)c1ccc(/C=C2\CCC/C(=C/c3ccc([N+](=O)[O-])cc3)C2=O)cc1,28.96,38.98
N#Cc1c2cc3c4c(c2[o+]c2c5c6c(cc12)CCCN6CCC5)CCCN4CCC3,20.74,32.52
CN(C)/C=C/C=C1\CC/C(=C\C=C\N(C)C)C1=O,45.18,75.54
N#CC(C#N)=c1ccc(=C(C#N)c2ccc(N3[C][C][C][C][C]3)cc2)cc1,31.79,42.38
Cc1ccc(C(=O)c2c(/C=C/c3ccc(N(C)C)cc3)oc3cc(C#N)c(C#N)cc23)cc1,43.98,61.02
COC(=O)/C(C(C)=O)=C(\C=C\C=C\C=C\N(C)C)N(C)C,19.37,24.84
CCN1C=C/C(=C/C=C\c2cc[n+](CC)c3ccccc23)c2ccccc21,25.57,40.25
CC(C=CC1=C(C)CCCC1(C)C)=CC=CC(C)=CC=NNc1nc2ccccc2s1,19.62,23.73
CC1=C(/C=C/C(C)=C/C=C/C(C)=C/C(=O)ON2C(=O)CCC2=O)C(C)(C)CCC1,23.61,30.2
CC(C=CC1=C(C)CCCC1(C)C)=CC=CC(C)=CC(=O)N[C@@H](CC(C)C)C(=O)O,26.15,33.85
CC(=O)OC/C=C(C)\C=C\C=C(C)\C=C\C1=C(C)CCCC1(C)C,16.85,22.88
CN1/C(=C/C=C/c2cc(-c3ccccc3)cc(-c3ccccc3)[o+]2)C(C)(C)c2ccccc21,39.37,58.54
CC1=C(C=CC(C)=CC=CC(C)=CC=CC=C(C)C=CC=C(C)C=CC2=C(C)C(=O)CCC2(C)C)C(C)(C)CCC1=O,24.57,28.78
CN(C)c1ccc(C2=C([O-])c3nc4ccccc4cc3C2=O)cc1,32.52,47.39
O=C1/C(=C\C=C(Cl)Cl)CC/C1=C/C=C(Cl)Cl,37.42,47.03
CC(C=CC1=C(C)C(=O)CCC1(C)C)=CC=CC(C)=CC(=O)O,44.87,53.15
COc1ccc(N/C=C/C=C/C=C2\SC(=S)N(C)C2=O)cc1,28.24,42.49
CN1/C(=C\C=C\C=C\C2=[N+](C)c3cc4oc5ccccc5c4cc3C2(C)C)C(C)(C)c2cc3c(cc21)oc1ccccc13,31.9,46.51
N#Cc1c2cc3c4c(c2[o+]c2c5c6c(cc12)CCCN6CCC5)CCCN4CCC3.[O-][Cl+3]([O-])([O-])[O-],49.31,69.4
CN(C)c1ccc(/C=C/c2cc(-c3ccccc3)[se+]c3ccccc23)cc1,37.11,57.25
CCC1=C(/C=C/c2sc3ccccc3[n+]2CC)CCC/C1=C\C=C1\Sc2ccccc2N1CC,22.75,31.74
CCN1/C(=C/C=C/C=C/C2=C/C(=C/c3sc4ccccc4[n+]3CC)CC(C)(C)C2)Sc2ccccc21,22.09,30.38
CC1=C(/C=C/C(C)=C/C=C/C(C)=C\C(=O)O)C(C)(C)CCC1,39.25,51.37
CN(C)c1ccc(/C=C2\CCc3c(-c4cccs4)cc(-c4cccs4)[s+]c32)cc1,47.6,67.21
CC(C)(C)C1=CC(=CC=Cc2cc(C(C)(C)C)c3ccccc3[o+]2)Oc2ccccc21,42.42,62.89
CN(C)c1ccc(/C=C/c2cc(C(C)(C)C)c3ccccc3[o+]2)cc1,33.13,51.39
CCN(CC)c1ccc(C=CC=CC=Cc2cc[n+](CCC[N+](CC)(CC)CC)cc2)cc1.[Br-].[Br-],16.51,19.82
COC1CC(=O)C2CCCCC(C)OC(=O)C3=C(C=CC=CC=CC(=O)O)OC1C32,74.05,82.53
CC(=O)OC/C=C(C)\C=C\C=C(C)/C=C/C1=C(C)CCCC1(C)C,17.07,23.17
C=Cc1ccc(/C2=C3\C=CC(=N3)/C(c3ccc(C=C)cc3)=c3/cc/c4n3[Co]n3c2ccc3/C(c2ccc(C=C)cc2)=C2/C=CC(=N2)\C=4c2ccc(C=C)cc2)cc1,62.67,92.22
CC(=O)OC/C=C(C)/C=C/C=C(C)/C=C/C1=C(C)CCCC1(C)C,16.6,22.49
[Na+].[Na+].Nc1ccc2cc(cc(c2c1)S([O-])(=O)=O)S([O-])(=O)=O,64.22,79.54
N#CC(C#N)=Cc1cc2c3c(c1)CCCN3CCC2,13.8,22.24
O=C1/C(=C\C=C(Cl)Cl)CCCC/C1=C\C=C(Cl)Cl,34.65,45.43
CCN1CCS/C1=C/C=C/C1=[N+](CC)CCS1,12.7,32.54
CC(=O)N(/C=C/C=C/C=C1\Sc2ccccc2C1=O)c1ccccc1,24.01,33.97
CCN1/C(=C\C=C\C=C\c2sc3ccccc3[n+]2CC)Sc2ccccc21.[I-],22.83,32.19
N#CC(C#N)=c1ccc(=C(C#N)c2ccc(N3CCCC3)cc2)cc1,22.44,29.8
CCN1/C(=C\C=C\C=C\c2sc3ccccc3[n+]2CC)Sc2ccccc21,17.65,25.5
CN1/C(=C/C=C/C=C/C=C/c2sc3ccccc3[n+]2C)Sc2ccccc21,21.54,32.03
CC(C=CC1=C(C)CCCC1(C)C)=CC=Cc1ccc(C(=O)O)cc1,40.27,52.99
CC1=C(/C=C/C(C)=C/C=C/C(C)=C/CO)C(C)(C)CCC1,17.94,26.61
C\C(=C/CO)\C=C\C=C(/C)\C=C\C1=C(C)CCCC1(C)C |c:12|,15.21,22.32
CCCCN1C(=O)/C(=C/C=C/C=C/N(C(C)=O)c2ccc(OC)cc2)SC1=S,18.84,23.85
CCN1/C(=C/C=C(Cl)/C=C/c2sc3ccccc3[n+]2CC)Sc2ccccc21,28.09,37.1
CCN1/C(=C/C=C/C=C/C2=[N+](CCCCCC(=O)NCCCN=[N+]=[N-])c3ccc4c(S(=O)(=O)[O-])cc(S(=O)(=O)O)cc4c3C2(C)C)C(C)(C)c2c1ccc1c(S(=O)(=O)O)cc(S(=O)(=O)O)cc21,46.39,59.37
CC(C)(C)C1=CC(=CC=CC=Cc2cc(C(C)(C)C)[o+]c3ccccc23)c2ccccc2O1,41.75,61.66
CN1c2ccccc2Sc2cc(C=C(C#N)C#N)ccc21,17.55,23.51
C=Cc1ccc(/C2=C3\C=CC(=N3)/C(c3ccc(C=C)cc3)=c3/cc/c4n3[Co]n3c2ccc3/C(c2ccc(C=C)cc2)=C2/C=CC(=N2)/C=4c2ccc(C=C)cc2)cc1,62.22,91.72
CCCCCCCCCCCCCCCC(=O)OCC=C(C)C=CC=C(C)C=CC1=C(C)CCCC1(C)C,16.44,25.33
CN1C=CC(=CC=CC=Nc2ccc(C(=O)O)cc2)c2ccccc21,61.17,82.26
CCOC=C1CCCC2=C1OC1=C(C=C(C#N)C#N)CCC1=C2,23.1,32.59
C=CCN1C(=O)/C(=C/C=C/C=C/N(C(C)=O)c2ccc(OC)cc2)SC1=S,26.07,35.95
N#CC(C#N)=C/C=C/C=C/C=C/c1ccccc1,16.72,23.93
CCCC(=O)OCc1ccc(OC(=O)C=C(C)C=CC=C(C)C=CC2=C(C)CCCC2(C)C)cc1,21.23,25.73
[C][N+]([C])=c1ccc2cc3c4c(c2o1)[C][C][C]N4[C][C][C]3,29.21,42.22
[C][C][C]N([C][C][C])c1ccc(C([N][C]([C])[C])=c2ccc(=C(C#N)C#N)cc2)cc1,32.5,40.93
[C][C][C]N([C][C][C])c1ccc(C([N][C][C][O])=c2ccc(=C(C#N)C#N)cc2)cc1,31.21,38.7
CC(=O)N(/C=C/C=C/C=C1\SC(=S)N(CCc2ccccc2)C1=O)c1ccc(C)cc1,17.43,20.09
CCN1/C(=C/C=C/C=C/c2sc3ccccc3[n+]2CC(=O)O)Sc2ccccc21,38.97,52.28
C[N+]1=C(/C=C/C=C/C=C2/N(CCOCCOCCO)c3ccccc3C2(C)C)C(C)(C)c2ccccc21,9.92,7.3
CCN(CC)CC.CCN1/C(=C/C=C/C=C/C2=[N+](CCCCCC(=O)O)c3ccc(S(=O)(=O)O)cc3C2(C)C)C(C)(C)c2cc(S(=O)(=O)[O-])ccc21,24.71,29.1
COC(=O)C=C(C)C=CC=C(C)C=CC1=C(C)C(=O)CCC1(C)C,18.71,22.64
Cc1ccc(C(=O)c2c(C=Cc3ccc(N(C)C)cc3)oc3cc(C#N)c(C#N)cc23)cc1,40.59,56.3
CN(C)c1ccc2c(c1)CC/C2=C1/CCc2c(-c3ccccc3)cc(-c3ccccc3)[o+]c21,50.09,72.02
CC1=C(/C=C/C(C)=C/C=C/C(C)=C/C(=O)O)C(C)(C)CCC1,39.28,51.48
COc1ccc(N/C=C/C=C/C=C2\SC(=S)N(CCc3ccccc3)C2=O)cc1,17.54,21.55
N#CC(C#N)=c1ccc(=C(C#N)c2ccc(N3CCCCC3)cc2)cc1,22.27,29.93
CCN1C=CC(=CC=Cc2cc[n+](CC)c3ccccc23)c2ccccc21,20.53,33.93
CC1=C[C@H](O)CC(C)(C)[C@H]1/C=C/C(C)=C/C=C/C(C)=C/C=C/C=C(C)/C=C/C=C(C)/C=C/C1=C(C)C[C@@H](O)CC1(C)C,31.52,38.98
CCN1C(=O)/C(=C\C=C\c2ccc(N(C)C)cc2)SC1=S,17.23,26.92
CN(C)c1ccc(/C=C/C=C2\SC(=S)N(CCc3ccccc3)C2=O)cc1,13.27,14.37
CCN1C(=O)/C(=C\C=C\C=C\N(C(C)=O)c2ccccc2)SC1=S,23.89,32.52
CC1=C(/C=C/C(C)=C\C=C\C(C)=C\C(=O)O)C(C)(C)CCC1,39.13,51.21
CN1C(=CC=CC=CC2=[N+](C)c3ccc4ccccc4c3C2(C)C)C(C)(C)c2c1ccc1ccccc21,21.2,30.68
O=C1C(=Cc2ccc(C=C3CCC(=Cc4ccco4)C3=O)cc2)CCC1=Cc1ccco1,37.56,54.48
CCCN1/C(=C\C=C\C=C\c2sc3ccccc3[n+]2CCC)Sc2ccccc21,17.99,24.4
CN(C)c1ccc(/C=C/c2cc(-c3ccccc3)c3ccccc3[o+]2)cc1,36.01,56.39
COc1cc(C=CC=C2CCCC(=CC=Cc3ccc(O)c(OC)c3)C2=O)ccc1O,45.74,64.94
CC(C=CC1=C(C)CCCC1(C)C)=CC=CC(C)=CC(=O)Nc1ccc(O)cc1,27.38,36.72
COc1ccc(N/C=C/C=C/C=C2\SC(=S)N(Cc3ccccc3)C2=O)cc1,18.61,24.87
[C][C][C][C]N([C][C][C][C])c1ccc(C([N][C][C][O])=c2ccc(=C(C#N)C#N)cc2)cc1,33.08,41.0
CCN1/C(=C\C=C2/CC/C(=C\N(C)C)C2=O)Sc2ccccc21,11.58,16.68
CC1=C(/C=C/C(C)=C/C=C/C(C)=C/C=C/C=C(C)/C=C/C=C(C)/C=C/C2=C(C)CCCC2(C)C)C(C)(C)CCC1,24.36,32.26
CN(C)c1ccc(/C=C/C=C2\SC(=O)NC2=O)cc1,62.97,73.78
CN(C)c1ccc(C=C2CCCC3=CC4Sc5ccccc5C4[O+]=C23)cc1,16.81,28.33
CN(C)c1ccc(N=Nc2ccc(S(=O)(=O)[O-])cc2)cc1.[Na+],41.19,58.03
[C][C][C][C]N([C][C][C][C])c1ccc(C([N][C]([C])[C])=c2ccc(=C(C#N)C#N)cc2)cc1,34.42,43.27
C\C(\C=C\C=C(/C)\C=C\C1=C(C)CCCC1(C)C)=C/C=O |c:9|,14.51,18.82
CC1=C(/C=C/C(C)=C/C=C/C(C)=C/C=O)C(C)(C)CCC1,16.36,22.62
CCCN1/C(=C/C=C/C=C/c2sc3ccccc3[n+]2CCC)Sc2ccccc21,19.01,26.01
CCCCN1C(=CC=CC=CC2=[N+](CCCC)c3ccc4ccccc4c3C2(C)C)C(C)(C)c2c1ccc1ccccc21,21.56,30.29
CC1=C(/C=C/C(C)=C/C=C/c2ccc(C(=O)O)cc2)C(C)(C)CCC1,45.75,61.45
CN(C)c1ccc2c(c1)CC/C2=C\c1cc(-c2ccccc2)cc(-c2ccccc2)[o+]1,47.53,69.62
CC(=O)OC1CC(C)(C)C(=C=C/C(C)=C/C=C/C(C)=C/C=C/C=C(C)/C=C/C=C(\C)C(=O)CC23OC2(C)CC(O)CC3(C)C)C(C)(O)C1,31.99,38.47
CN(C)c1ccc(/C=C/c2cc(-c3ccccc3)c3c([o+]2)-c2ccccc2C3)cc1,48.19,71.05
CN(C)c1ccc(/C=C/C=C2C(=O)c3ccccc3C2=O)cc1,29.92,43.22
CCCCN1C(=O)/C(=C/C=C/C=C/Nc2ccc(OC)cc2)SC1=S,17.79,23.5
CO[C@H]1[C@@H]([C@@]2(C)O[C@@H]2CC=C(C)C)[C@]2(CC[C@H]1OC(=O)C=CC=CC=CC=CC(=O)O)CO2,63.87,72.64
CC[n+]1c(/C=C/C=C/C=C/N(C(C)=O)c2ccccc2)sc2ccccc21,17.09,23.79
Cc1ccc(N/C=C/C=C/C=C2\SC(=S)N(CCc3ccccc3)C2=O)cc1,16.83,21.38
CCOC(=O)c1ccc(NC(=O)C=C(C)C=CC=C(C)C=CC2=C(C)CCCC2(C)C)cc1,21.72,26.39
CC1=C(/C=C/C(C)=C/C=C/C(C)=C/C=C/C=C(C)/C=C/C=C(C)/C=C/C2=C(C)C[C@@H](O)CC2(C)C)C(C)(C)C[C@H](O)C1,31.68,38.68
C[N+]1=C(C=CC=CC=C2N(CCCCCC(=O)[O-])c3ccc4ccccc4c3C2(C)C)C(C)(C)c2c1ccc1ccccc21,21.35,27.76
CN(C)c1ccc(/C=C2/CCC/C(=C\c3ccc([N+](=O)[O-])o3)C2=O)cc1,30.47,39.83
C=CCN1C(=O)/C(=C/C=C/C=C/Nc2ccc(OC)cc2)SC1=S,22.46,34.26
CC(C=CC1=C(C)CCCC1(C)C)=CC=CC(C)=CC(=O)O[C@@H]1O[C@H](C(=O)O)[C@@H](O)[C@H](O)[C@H]1O,72.37,75.93
CCN(CC)c1ccc(N=Nc2ccc3c(c2)C(=O)OC3=O)cc1,40.1,56.85
Cc1ccc(N/C=C/C=C/C=C2/SC(=S)N(Cc3ccccc3)C2=O)cc1,17.32,23.68
[C]N1C(=O)C(=[C]/[C]=[C]/c2ccc(N([C])[C])cc2)C(=O)N([C])C1=S,36.96,35.24
CN1/C(=C/C=C/C2=[N+](CCCCCC(=O)O)c3ccc4ccccc4c3C2(C)C)C(C)(C)c2c1ccc1ccccc21,28.57,39.15
CC[n+]1c(/C=C/C=C/C=C/Nc2ccc(C)cc2)sc2ccccc21,18.48,31.53
CN1C=C/C(=C\C=C\C=N\c2ccc(C(=O)O)cc2)c2ccccc21,60.77,82.88
CN1/C(=C\C=C2/CCc3c2cc(-c2ccccc2)[o+]c3-c2ccccc2)C(C)(C)c2ccccc21,46.99,67.5
[C]C1([C])[C]C([C]=[C]c2ccc(N(c3ccccc3)c3ccccc3)cc2)=[C]C(=C(C#N)C#N)[C]1,35.93,49.03
CN(C)c1ccc(/C=C/c2cc(C(C)(C)C)[s+]c(C(C)(C)C)c2)cc1,37.78,56.96
CN(C)/C=C/C=C/C=C/C(=O)C1CCC/C(=C\C=C\C=C\N(C)C)C1=O,31.71,50.58
O=C1/C(=C/c2ccc(-c3ccc([N+](=O)[O-])cc3)o2)C=C(c2ccccc2)N1c1ccc(Nc2ccccc2)cc1,50.22,72.85
CC(C=CC1=C(C)CCCC1(C)C)=CC=CC(C)=CCO[C@@H]1O[C@H](CO)[C@@H](O)[C@H](O)[C@H]1O,62.16,68.72
CCCCn1c(=CC2=C([O-])/C(=C/C3=[N+](CCCC)c4cccc5cccc3c45)C2=O)c2cccc3cccc1c32,36.95,51.09
CN(C)c1ccc(/C=C/C=C2/SC(=S)N(Cc3ccccc3)C2=O)cc1,13.63,16.1
CC(=O)N(/C=C\C=C\C=C1/Sc2ccccc2C1=O)c1ccccc1,24.56,34.72
CCCCCCCCCCCCCCCC(=O)OC/C=C(C)/C=C/C=C(C)/C=C/C1=C(C)CCCC1(C)C,19.07,29.36
CN(C)c1ccc(-c2cc(-c3ccc([N+](=O)[O-])cc3)[nH]n2)cc1,38.48,48.34
O=C1/C(=C\C=C\c2ccco2)CC/C1=C\C=C\c1ccco1,26.79,43.91
[C]N([C])c1ccc([C]=[C]C2=[C]C(=C(C#N)C#N)[C]C([C])([C])[C]2)cc1,31.07,37.83
[C][C][N]c1ccc(C(=C2[C][C]C(=[N+]([C][C])[C][C])[C][C]2)c2ccc(N([C][C])[C][C])cc2)c2ccccc12,45.69,60.42
CCN1/C(=C\C=C\C=C\c2ccc3ccccc3[n+]2CC)C=Cc2ccccc21,25.96,39.81
COC(=O)c1c(O)cccc1/C=C/C=C/C=C/C=C/C=C/C=C/c1cccc(O)c1C(=O)OC,38.48,50.93
CC[n+]1c(/C=C/C=C/C=C/N(C)c2ccccc2)sc2c(C)c(C)sc21,14.89,20.04
O=c1c2ccc3c(=O)n4c5cccc6cccc(nc4c4ccc(c2c34)c2nc3cccc4cccc(c43)n12)c65,42.24,68.24
CC(C=CC1=C(C)CCCC1(C)C)=CC=CC(C)=CCO[C@@H]1O[C@H](C(=O)O)[C@@H](O)[C@H](O)[C@H]1O,73.99,78.47
O=[N+]([O-])c1ccc(C=C2CCC(C=NN=Cc3ccco3)=C2N2CCOCC2)cc1,45.42,57.37
O=C1/C(=C\C=C\c2ccco2)CC/C1=C/C=C/c1ccco1,29.65,47.61
O=S(=O)([O-])CCCN1C(=CC2=CC(=C3CCC[n+]4c3sc3ccccc34)CCC2)Sc2ccccc21,18.93,23.91
C1=C/C2=C(\c3ccncc3)c3ccc4n3[Cu]n3/c(cc/c3=C(\c3ccncc3)C3=N/C(=C\4c4ccncc4)C=C3)=C(/c3ccncc3)C1=N2,55.23,76.76
CC1=C(C=C2Sc3ccccc3N2C)CCC1=Cc1sc2ccccc2[n+]1C,19.37,27.68
"[I-].CN(C)C1=CC=C(\C=C\C=C\C2=[N+](C)C=CC=C2)C=C1 |c:11,14,16,19,t:3,5|",19.44,39.0
N#Cc1ccc(/N=N/c2ccc(N(CCO)CCO)cc2)cc1C#N,65.2,81.22
CC1=C(/C=C/C(C)=C/C=C/C(C)=C/C=C/C=C(C)/C=C/C=C(C)/C=C/C2=C(C)C(=O)[C@@H](O)CC2(C)C)C(C)(C)C[C@H](O)C1=O,38.45,46.17
N#Cc1ccc(-c2ccc(/C=C3\SC(=O)N(CC(=O)Nc4ccc(N5CCOCC5)cc4)C3=O)o2)cc1,53.09,63.84
CC[n+]1c(/C=C/C=C/c2ccc(N(C)C)cc2)ccc2cc(N(C)C)ccc21,17.93,29.52
CCN(CC)c1ccc(/C=C/c2cc(-c3ccccc3)[s+]c(-c3ccccc3)c2)cc1,45.44,66.66
CN(C)c1ccc(C2(c3ccc(N(C)C)cc3)OC(=O)c3cc([N+](=O)[O-])ccc32)cc1,21.87,27.38
CC1=C(/C=C/C(C)=C/C=C/C(C)=C/C=C/C=C(C)/C=C/C=C(C)/C=C/C2=C(C)CC(O)CC2(C)C)C(C)(C)CC(O)C1,31.92,39.98
CN1C(=CC=CC=C2C(=O)NC(=S)NC2=O)Sc2ccccc21,66.92,70.09
COC(=O)/C=C(C)/C=C/C=C(C)/C=C/C1=C(C)CCCC1(C)C,17.18,22.35
CC(=O)N(/C=C/C=C/C=C1\SC(=S)N(Cc2ccccc2)C1=O)c1ccccc1,18.15,22.88
CO[C@@H]1[C@H](OC(=O)C=CC=CC=CC=CC(=O)O)CC[C@]2(CO2)[C@H]1[C@@]1(C)O[C@@H]1CC=C(C)C,68.65,76.07
CCCN(CCC)c1ccc(C(NC(C)C)=c2ccc(=C(C#N)C#N)cc2)cc1,14.39,19.34
C1=C/C2=C(\c3ccccc3)c3ccc4n3[Ni]n3/c(cc/c3=C(\c3ccccc3)C3=N/C(=C\4c4ccccc4)C=C3)=C(/c3ccccc3)C1=N2,56.2,81.77
C1=C/C2=C(\c3cccnc3)c3ccc4n3[Cu]n3/c(cc/c3=C(\c3cccnc3)C3=N/C(=C\4c4cccnc4)C=C3)=C(/c3cccnc3)C1=N2,53.45,74.54
CN1C(=CC=CC=CC2=[N+](C)c3ccc(S(=O)(=O)[O-])cc3C2(C)C)C(C)(C)c2cc(S(=O)(=O)[O-])ccc21,16.41,15.02
CC1=C(/C=C/C(C)=C/C=C/C(C)=C/C=O)C(C)(C)CC(O)C1,29.75,42.2
CC(C=CC12OC1(C)CCCC2(C)C)=CC=CC(C)=CC(=O)O,43.34,54.26
CC(=O)N(/C=C/C=C/C=C1/OC(=S)N(C)C1=O)c1ccc(C)cc1,30.03,41.92
CC[n+]1c(/C=C/C=C2/C=C(C=CN(C)c3ccccc3)CC(C)(C)C2)sc2ccccc21,16.78,23.24
O=C1c2ccccc2C(=O)c2c(NC3CCCCC3)ccc(NC3CCCCC3)c21,21.49,37.49
O=C(C1=CC=CC=C21)C3=C(C2=O)C(NC4CCCCC4)=CC=C3NC5CCCCC5,21.49,37.49
"CC(C)(C)C1=CC(=CC(=C1)C1=C2/N\C(\C=C2)=C(/C2=N/C(/C=C2)=C(\C2=N\C(\C=C2)=C(/C2=CC=C\1N2)C1=CC(=CC(=C1)C(C)(C)C)C(C)(C)C)C1=CC(=CC(=C1)C(C)(C)C)C(C)(C)C)C1=CC(=CC(=C1)C(C)(C)C)C(C)(C)C)C(C)(C)C |c:6,8,15,17,22,24,29,31,42,44,57,59,72,74,t:4,11,19,26,33,35,40,55,70|",66.79,95.81
CN(C)c1ccc(/C=C/c2ccc([N+](=O)[O-])cc2)cc1,18.98,27.54
CCN1C(=O)/C(=C\C=C\C=C\Nc2ccccc2)SC1=S,22.32,35.14
O=C(N/N=C/C=C/C=C/C=C/C=C/C=C/c1ccco1)c1cccc(O)c1,42.81,63.26
CCN(CC)c1ccc(N2C(=O)/C(=C/c3ccc(-c4ccc([N+](=O)[O-])cc4)o3)SC2=S)cc1,34.44,43.44
CN(C)c1ccc(/C=C/C=C(\C#N)c2cccc([N+](=O)[O-])c2)cc1,20.69,25.12
CC1CCC(=CC=Cc2ccccc2[N+](=O)[O-])C(=O)C1=CC=Cc1ccccc1[N+](=O)[O-],31.22,40.85
CN1C(=O)/C(=C\C=C\c2ccc(N(C)C)cc2)SC1=S,21.87,35.86
CC(=O)N(/C=C/C=C/C=C1/SC(=S)N(CCc2ccccc2)C1=O)c1ccccc1,15.39,17.62
CCCCCCCCN1C=CC(=CC=Cc2sc3ccccc3[n+]2C)c2ccccc21,18.09,24.63
CN(C)c1ccc(/C=C/C=C(/C#N)c2cccc([N+](=O)[O-])c2)cc1,20.45,24.83
[C][C]N([C][C])c1ccc([C]=C2[C][C]C(=C3[C][C][C][C]3)C2=O)cc1,40.53,52.97
CN(C)c1ccc(/C=C/c2cc(C(C)(C)C)c3ccccc3[s+]2)cc1,31.84,48.96
[C][N+]1=C([C]=[C][C]=C2c3ccccc3Oc3ccccc32)C([C])([C])c2ccccc21,43.87,58.87
CN1/C(=C/C=C/C2=[N+](C)C(C)(C)Cc3ccccc32)c2ccccc2CC1(C)C,13.38,17.6
C1=C/C2=C(\c3ccccc3)c3ccc4n3[Co]n3/c(cc/c3=C(\c3ccccc3)C3=N/C(=C\4c4ccccc4)C=C3)=C(/c3ccccc3)C1=N2,56.14,81.45
CCN(CC)c1ccc2nc3c(cc(N)c4ccccc43)[o+]c2c1,18.77,37.31
CC(=O)N(/C=C/C=C/C=C1/SC(=S)NC1=O)c1ccccc1,52.34,62.88
COc1ccc(N2C(=O)/C(=C/C=C/c3ccc(N(C)C)cc3)SC2=S)cc1,23.17,30.1
CCN(CC)c1ccc(N2C(=O)C(=Cc3ccc(-c4ccc([N+](=O)[O-])cc4)o3)SC2=S)cc1,31.59,39.13
CN1C=CC=C/C1=C\C=C1C=C(C(C)(C)C)C(=O)C(C(C)(C)C)=C1,32.65,49.24
COc1cccc(N2C(=O)C(=Cc3ccc(-c4ccc([N+](=O)[O-])cc4)o3)C=C2c2ccccc2)c1,46.84,64.25
CC1=C(/C=C/C(C)=C\C=C\C(C)=C\C=O)C(C)(C)CCC1,16.63,22.95
C/C(=C\c1ccc(N(C)C)cc1)c1cc(-c2ccccc2)[s+]c(-c2ccccc2)c1,44.63,64.49
COc1ccc(N/C=C/C=C/C=C2\SC(=S)N(c3ccccc3)C2=O)cc1,22.04,31.78
[C]N([C])c1ccc(/[C]=[C]/[C]=C2C(=O)[N]C(=S)[N]C2=O)cc1,45.27,44.43
CCN(CC)c1ccc(N2C(=O)/C(=C\c3ccc(-c4ccc([N+](=O)[O-])cc4)o3)SC2=S)cc1,33.12,41.52
CCN(CC)c1ccc2nc3ccc(N(C)C)cc3[s+]c2c1,9.77,17.01
Nc1ccc(-c2c3nc(c(-c4ccc(N)cc4)c4ccc([nH]4)c(-c4ccc(N)cc4)c4nc(c(-c5ccc(N)cc5)c5ccc2[nH]5)C=C4)C=C3)cc1,59.58,93.51
NC(N)=NN=C(C=Cc1ccc([N+](=O)[O-])o1)C=Cc1ccc([N+](=O)[O-])o1,56.19,64.84
COc1cccc(N2C(=O)/C(=C/c3ccc(-c4ccc([N+](=O)[O-])cc4)o3)C=C2c2ccccc2)c1,48.62,66.62
CN1C(=O)/C(=C/C=C/C=C/Nc2ccccc2)SC1=S,29.56,45.7
CNc1ccc2nc3ccc(N(C)C)cc3[s+]c2c1,10.02,23.7
"[Na+].[Na+].OS(=O)(=O)c1ccc(Nc2ccc(cc2)C(=C2C=CC(C=C2)=Nc2ccc(cc2)S([O-])(=O)=O)c2ccc(Nc3ccc(cc3)S([O-])(=O)=O)cc2)cc1 |c:18,21|",56.68,77.05
CC(=C/C=C1\C=CN(c2ccccc2)c2ccccc21)/C=C/c1cc[n+](-c2ccccc2)c2ccccc12,38.71,59.39
CCN(CC)c1ccc(/C=C2\C(=O)c3ccccc3C2=C(C#N)C#N)cc1,31.13,42.1
Cc1ccc(C(=O)c2c(/C=C\c3ccc(N(C)C)cc3)oc3cc(C#N)c(C#N)cc23)cc1,45.05,62.47
C1=C/C2=C(\c3ccccc3)c3ccc4n3[Zn]n3/c(cc/c3=C(\c3ccccc3)C3=N/C(=C\4c4ccccc4)C=C3)=C(/c3ccccc3)C1=N2,56.56,82.26
CN(C)c1ccc(/C=C/C=C2\SC(=S)N(c3ccc([N+](=O)[O-])cc3)C2=O)cc1,33.12,40.47
CN(C)c1ccc(N=Nc2ccc3nc4ccc(N)cc4[n+](-c4ccccc4)c3c2)cc1,28.71,54.96
CC(=O)N(/C=C/C=C/C=C1/OC(=S)N(C)C1=O)c1ccccc1,32.74,44.72
Cl[Mn]1n2c3ccc2/C(c2ccccc2)=C2/C=CC(=N2)/C(c2ccccc2)=c2/cc/c(n21)=C(\c1ccccc1)C1=N/C(=C\3c2ccccc2)C=C1,57.65,83.26
CC1=C(/C=C/C(C)=C/C=C/C(C)=C\C(=O)O)C(C)(C)CCC1=O,51.33,61.1
CC[N+](CC)=c1ccc2nc3c(cc(N)c4ccccc43)oc-2c1,26.24,45.73
C(/C=C/C=C/N1CCCc2ccccc21)=[N+]1\CCCc2ccccc21,14.85,26.79
O=[N+]([O-])c1ccc(C=C2CCC(C=NN=Cc3ccc(-c4ccc(SC(F)F)cc4)o3)=C2N2CCOCC2)cc1,43.94,57.2
CC(C=Cc1cc[n+](-c2ccccc2)c2ccccc12)=CC=C1C=CN(c2ccccc2)c2ccccc21,34.12,53.14
CN1C=C/C(=C/C=C(/C=C/c2cc[n+](C)c3ccccc23)c2ccccc2)c2ccccc21,36.25,54.04
CN(C)c1ccc(/C=C/C=C2\SC(=S)N(c3cccc(F)c3)C2=O)cc1,25.0,34.23
O=S(=O)([O-])c1cc(S(=O)(=O)[O-])c2c(/N=N/c3ccc(S(=O)(=O)[O-])c4ccccc34)c(O)ccc2c1.[Na+].[Na+].[Na+],57.61,68.23
C1=C/C2=C(\c3cccnc3)c3ccc4n3[Zn]n3/c(cc/c3=C(\c3cccnc3)C3=N/C(=C\4c4cccnc4)C=C3)=C(/c3cccnc3)C1=N2,53.59,75.18
[H][C@]12[C@H](OC(=O)c3ccccc3)[C@]3(O)C[C@H](OC(=O)[C@H](OC(=O)CCCCCNC4=C(C=CC5=[N+](CCCCS(=O)(=O)[O-])c6ccc7ccccc7c6C5(C)C)CCCC4=CC=C4N(CCCCS(=O)(=O)[O-])c5ccc6ccccc6c5C4(C)C)[C@@H](NC(=O)c4ccccc4)c4ccccc4)C(C)=C([C@@H](OC(C)=O)C(=O)[C@]1(C)[C@@H](O)C[C@@]1([H])OC[C@@]21OC(C)=O)C3(C)C.[Na+],66.65,95.19
CCN(CC)c1ccc(/C=C/c2ccc([N+](=O)[O-])cc2C#N)cc1,24.77,34.31
N#CC1=C(/C=C/C2=CC=C(N(CC)CC)C=C2)C=CC([N+]([O-])=O)=C1,24.77,34.31
CN(C)c1ccc2nc3ccc(N(C)C)cc3[s+]c2c1,9.39,18.7
CN1/C(=C/C=C2\CC/C(=C\Nc3ccc([N+](=O)[O-])cc3)C2=O)C(C)(C)c2ccccc21,23.84,29.29
CN1c2ccc([N+](=O)[O-])cc2N=C(c2ccc(C(=O)O)cc2)c2cc3c(cc21)C(C)(C)CCC3(C)C,52.86,68.11
CN(C)c1ccc(/C=C/C=C2/SC(=S)N(C3CCCCC3)C2=O)cc1,12.49,19.1
CN1/C(=C/C=C/C2=[N+](C)c3ccc4ccccc4c3C2(C)C)C(C)(C)c2ccc3ccccc3c21,21.31,31.06
CCCCCCCCCCCCCCCCCCN1C(=CC=CC=CC=CC2=[N+](CCCCCCCCCCCCCCCCCC)c3ccccc3C2(C)C)C(C)(C)c2ccccc21,47.42,66.67
CC(C)(C)C1=CC(=CC=Cc2cc(C(C)(C)C)c3ccccc3[s+]2)Sc2ccccc21,39.4,58.25
CN(C)c1ccc(/C=C/C=C2\SC(=S)N(c3cccc([N+](=O)[O-])c3)C2=O)cc1,31.44,38.22
CC(C)Nc1ccc(NC(C)C)c2c1C(=O)c1ccccc1C2=O,22.17,30.46
"[Na+].[Na+].CCN(Cc1cccc(c1)S([O-])(=O)=O)c1ccc(cc1)C(=C1C=CC(C=C1)=[N+](CC)Cc1cccc(c1)S([O-])(=O)=O)c1ccccc1S([O-])(=O)=O |c:24,27|",31.15,37.57
CCN(CCC#N)c1ccc(N=Nc2c(Cl)cc([N+](=O)[O-])cc2Cl)cc1,26.7,35.34
N#Cc1ccc(N=Nc2ccc(N(CCO)CCO)cc2)cc1C#N,66.95,82.87
CN1C(=CC2=CC(=Cc3sc4ccccc4[n+]3C)CCC2)Sc2ccccc21,18.63,28.27
CCCCN1C(=O)/C(=C\C=C\C=C\N(C(C)=O)c2ccccc2)SC1=S,15.19,18.89
CC(C=CC1=C(C)C(=O)CCC1(C)C)=CC=CC(C)=CC(=O)Nc1ccc(O)cc1,34.03,44.32
CCCCN(CCCC)c1ccc(C(NC(C)C)=c2ccc(=C(C#N)C#N)cc2)cc1,14.41,19.86
CN(C)c1ccc(/C=C/c2c3sc(-c4ccccc4)c([O-])[n+]3c3ccccc3[n+]2C)cc1,33.08,48.15
CN(C)c1ccc(/N=N/c2cccc([N+](=O)[O-])c2)cc1,31.29,47.97
[C]c1cc2nc3ccc(=[N+]([C])[C])cc-3sc2cc1[N],33.1,47.9
O=C1C(Cl)=C(Cl)C(=O)C(c2cnc(N3CCCC3)s2)=C1Cl,40.08,50.43
CN(C)c1ccc(/C=C\C=C\c2cc[n+](CCCS(=O)(=O)[O-])cc2)cc1,23.49,35.35
CN(C)c1ccc(/C=C/C=C/c2cccc[n+]2C)cc1,16.44,37.02
CCN(CC)c1ccc(N2C(=O)/C(=C\C=C\c3ccco3)SC2=S)cc1,15.45,18.88
CCCN(CCC)c1ccc(C(NCCO)=c2ccc(=C(C#N)C#N)cc2)cc1,15.55,21.96
CN(C)c1ncc(C2=C(Cl)C(=O)C(Cl)=C(Cl)C2=O)s1,38.61,43.82
CN(C)c1ccc(/C=C2\CCc3c2cc(-c2ccccc2)[o+]c3-c2ccccc2)cc1,47.71,69.93
N#CCCNc1ccc(/N=N/c2ccc3c(c2)C(=O)c2ccccc2C3=O)cc1,44.85,65.06
COC(=O)/C(C)=C/C=C/C(C)=C/C=C/C=C(C)/C=C/C=C(\C)C(=O)OC,22.61,24.66
COC(=O)c1ccc2c(c1)C(C)(C)C(/C=C/c1c(C)[nH]c3ccccc13)=[N+]2C,21.49,21.99
CCCC[N+]1=C(C=Cc2ccc(N(C)C)cc2)c2cccc3c(Cl)ccc1c23,28.02,40.67
CN(C)c1ccc(/C=C/C(=C(C#N)C#N)C2CC2)cc1,14.79,19.31
CN(C)c1ccc(/C=C/c2cc(-c3ccc([N+](=O)[O-])cc3)nc3ccc4ccccc4c23)cc1,41.76,61.06
COc1ccc(/C=C2\CCCc3c2[o+]c2c(c3-c3ccc(OC)cc3)CCC/C2=C\c2ccc(OC)cc2)cc1,60.85,85.8
CCN(c1ccc(/N=N/c2ccc([N+](=O)[O-])cc2)cc1)C(C)C,20.15,31.55
CC(C)N(CC)C(C=C1)=CC=C1/N=N/C2=CC=C([N+]([O-])=O)C=C2,20.15,31.55
CC[n+]1c(C=CC=C2C=C(C=CN(C)c3ccccc3)CC(C)(C)C2)sc2ccccc21,15.59,21.13
CCN1/C(=C/C=C(/C=C/c2sc3ccccc3[n+]2CC)CCCO)Sc2ccccc21,20.54,25.77
C[n+]1c(C=CC=C2C=CN(CCO)c3ccccc32)sc2ccccc21,18.97,28.93
CN(C)c1ccc(C=CC2=[N+](C)c3ccc([N+](=O)[O-])cc3C2(C)C)cc1,15.47,15.79
CCN1CCS/C1=C\C=C\C1=[N+](CC)CCS1,12.95,32.53
O=C1C(=Cc2ccc(-c3ccc([N+](=O)[O-])cc3)o2)C=C(c2ccccc2)N1c1ccc(Sc2ccc([N+](=O)[O-])cc2)cc1,52.85,71.0
CC(/C=C/C=C(\C)C(=O)OCCc1ccc(F)cc1)=C\C=C\C=C(C)\C=C\C=C(/C)C(=O)OCCc1ccc(F)cc1,31.1,38.93
CN(C)c1ccc(N2C(=O)C(=Cc3ccc(-c4cc(Cl)ccc4Cl)o3)C=C2c2ccccc2)cc1,46.63,66.53
CN(C)c1ccc(-c2cc[n+]3c([O-])c(-c4ccc(N(C)C)cc4)sc3n2)cc1,23.78,36.19
O=[V]1n2c3ccc2/C(c2ccccc2)=C2/C=CC(=N2)/C(c2ccccc2)=c2/cc/c(n21)=C(\c1ccccc1)C1=N/C(=C\3c2ccccc2)C=C1,57.81,83.1
CC(C=CC=C(C=CC1=C(C)CCCC1(C)C)c1ccc(C)cc1)=CC(=O)O,33.69,43.58
CN(C)c1ccc(/C=C2\CCC/C(=C\c3cccs3)C2=O)cc1,18.16,26.97
C=CC1=C(C)C2=N/C1=C\c1c(C)c(C=C)c3n1[Fe]n1/c(c(C)c(CCC(=O)O)/c1=C/C1=N/C(=C\3)C(C)=C1CCC(=O)O)=C\2,69.58,84.92
O=C1C(Cl)=C(Cl)C(=O)C(c2cnc(N3CCCCC3)s2)=C1Cl,35.88,45.53
CN(C)c1ccc(/C=C/C=C2\SC(=O)N(CCc3ccccc3)C2=O)cc1,16.33,18.28
[C][N+]1=C([C]=[C][C]=C2c3ccccc3Sc3ccccc32)C([C])([C])c2ccccc21,42.91,57.07
CN(C)c1ccc(-c2cnc(-c3ccc4c(c3)C(=O)OC4=O)s2)cc1,36.86,48.94
O=[N+]([O-])c1ccc(/N=N/c2ccc(Nc3ccc(/N=N/c4ccc([N+](=O)[O-])cc4)cc3)cc2)cc1,48.69,72.99
O=[N+]([O-])C1=CC=C(C=C1)/N=N/C2=CC=C(C=C2)NC3=CC=C(/N=N/C4=CC=C([N+]([O-])=O)C=C4)C=C3,48.69,72.99
[C][C][C][C]N1[C][C][C]c2cc([C]=[C]C3=C([C])C(=C(C#N)C#N)c4ccccc43)ccc21,44.37,57.6
O=C1/C(=C/c2ccc(-c3ccc(Br)cc3)o2)C=C(c2ccccc2)N1c1ccc(Sc2ccc([N+](=O)[O-])cc2)cc1,55.09,75.55
O=C1/C(=C/C=C/C=C/Nc2ccccc2)SC(=S)N1C1CCCCC1,17.3,27.85
O=C1/C(=C/c2ccc(-c3cc(Cl)ccc3Cl)o2)C=C(c2ccccc2)N1c1ccc(Sc2ccc([N+](=O)[O-])cc2)cc1,56.3,77.64
O=C1C(=Cc2cccc([N+](=O)[O-])c2)CCCC1=Cc1ccco1,27.44,38.54
CC1=C(/C=C/C(C)=C/C=C/C(C)=C/C=C/C=C(C)/C=C/C=C(\C)C=O)C(C)(C)CCC1,23.81,30.79
O=[N+]([O-])c1ccc(C=C2CCC(C=NN=Cc3cccc(Br)c3)=C2N2CCOCC2)cc1,45.29,57.48
CCCCN(CCCC)c1ccc2nc3ccc(N(CCCC)CCCC)cc3[s+]c2c1,15.56,23.56
O=C1/C(=C/C=C/C=C/c2sc3cccc[n+]3c2[O-])Sc2cccc[n+]21,34.81,49.18
CN(C)c1ccc2nc3c(ccc4ccccc43)[o+]c2c1,13.32,28.8
CN1C(=CC=CC=C2C(=O)NC(=O)NC2=O)Sc2ccccc21,71.85,70.15
O=C1c2ccccc2C(=O)c2c1cc(NC1CCCCC1)c1nonc21,34.22,51.03
Nc1ccc2c3ccccc3c3nc4ccccc4nc3c2c1,22.38,50.22
O=C1/C(=C/c2ccc(-c3ccc([N+](=O)[O-])cc3)o2)C=C(c2ccccc2)N1c1ccc(Sc2ccc([N+](=O)[O-])cc2)cc1,53.94,72.51
C[n+]1ccccc1C(=O)C=CC=C(Cl)Cl,21.17,20.06
CN(C)c1ccc(-c2cc(-c3ccc(N=Cc4ccc([N+](=O)[O-])cc4)cc3)c3c(ccc4ccccc43)n2)cc1,45.49,66.82
COc1ccc(/C2=C3\C=CC(=N3)/C(c3ccc(OC)cc3)=c3/cc/c4n3[Cu]n3c2ccc3/C(c2ccc(OC)cc2)=C2/C=CC(=N2)/C=4c2ccc(OC)cc2)cc1,60.57,86.11
CN(C)c1ccc(/C=C/c2cc(-c3ccccc3)[o+]c(-c3ccccc3)c2)cc1,44.66,67.1
CC(/C=C/C=C(\C)C(=O)[O-])=C\C=C\C=C(C)\C=C\C=C(/C)C(=O)[O-],26.21,26.73
O=C1/C(=C/c2ccc(-c3ccc(Cl)c(Cl)c3)o2)C=C(c2ccccc2)N1c1ccc(Sc2ccc([N+](=O)[O-])cc2)cc1,56.37,77.71
CC1CCCC(O)C2C(=O)CC(O)C3OC(C=CC=CC=CC(=O)O)=C(C(=O)O1)C32,82.5,85.43
Cc1ccc(Nc2ccc(Nc3ccc(C)cc3S(=O)(=O)[O-])c3c2C(=O)c2ccccc2C3=O)c(S(=O)(=O)[O-])c1.[Na+].[Na+],51.29,64.95
O=C1C(Cl)=C(Cl)C(=O)C(c2cnc(N3CCOCC3)s2)=C1Cl,51.93,57.97
CC(=O)N(/C=C/C=C/C=C1/SC(=S)N(c2ccccc2)C1=O)c1ccccc1,22.89,30.97
CCN1C(=O)/C(=C/c2ccc(-c3ccc(C#N)cc3)o2)SC1=Nc1ccc(N2CCOCC2)cc1,35.52,46.21
Br[Co]1n2c3ccc2/C(c2ccccc2)=C2/C=CC(=N2)/C(c2ccccc2)=c2/cc/c(n21)=C(\c1ccccc1)C1=N/C(=C\3c2ccccc2)C=C1,57.86,83.09
CC[n+]1c(C=CC=Cc2ccc(N(C)C)cc2)sc2ccccc21,14.57,23.12
COc1ccc(N2C(=O)/C(=C/c3ccc(-c4ccc([N+](=O)[O-])cc4)o3)C=C2c2ccccc2)cc1,49.92,68.55
CN(C)c1ccc(N2C(=O)C(=Cc3ccc(-c4ccc(Cl)c(Cl)c4)o3)C=C2c2ccccc2)cc1,46.66,66.57
CCN1C(=O)/C(=C/C=C/C=C\N(C(C)=O)c2ccccc2)OC1=S,27.09,37.4
C1=C/C2=C(\c3ccccc3)c3ccc4n3[Co+]n3/c(cc/c3=C(\c3ccccc3)C3=N/C(=C\4c4ccccc4)C=C3)=C(/c3ccccc3)C1=N2,56.78,82.54
CN(C)c1ccc(C=C2CCc3c2cc(-c2ccccc2)[o+]c3-c2ccccc2)cc1,39.51,59.5
"N#CC1=CC(C=C1C#N)=C1C=CC=CC=C1 |c:5,11,13,15,t:2|",48.86,67.86
O=C1/C(=C\C=C\C=C\Nc2ccccc2)SC(=S)N1Cc1ccccc1,16.0,23.28
CC1=C(/C=C/C(C)=C/C=C/C(C)=C/C(=O)Nc2ccc(O)cc2)C(C)(C)CCC1,30.51,41.89
CC[n+]1c(/C=C/C=C2/C=C(C=CN(C(C)=O)c3ccccc3)CC(C)(C)C2)sc2ccccc21,18.67,23.79
[C]N(c1ccc([C]=C(C#N)C#N)cc1)c1ccc([C]=C(C#N)C#N)cc1,25.37,32.33
COC(=O)/C=C(C)\C=C\C=C(C)\C=C\C1=C(C)C(=O)CCC1(C)C,20.66,26.41
C=CCN1C(=O)/C(=C\C=C\c2ccc(N(C)C)cc2)SC1=S,17.4,26.23
COc1ccc(/C2=C3\C=CC(=N3)/C(c3ccc(OC)cc3)=c3/cc/c4n3[Co]n3c2ccc3/C(c2ccc(OC)cc2)=C2/C=CC(=N2)/C=4c2ccc(OC)cc2)cc1,60.52,86.0
Cc1ccc(N2C(=O)/C(=C/c3ccc(-c4ccc([N+](=O)[O-])cc4)o3)C=C2c2ccccc2)cc1,48.68,67.8
[C]N([C])c1ccc(/[C]=C2\[C][C][C]C(=C3S[C][C]S3)C2=O)cc1,38.41,50.57
CN(C)c1ccc(/C=C/c2ccc3ccccc3[n+]2[O-])cc1,20.93,35.55
COC(=O)[C@H](Cc1ccccc1)NC(=O)[C@H](CC(=O)OCC=C(C)C=CC=C(C)C=CC1=C(C)CCCC1(C)C)NC=O,20.67,22.08
CN1C(=CC=CC=C2C(=O)CC(C)(C)CC2=O)Sc2ccccc21,15.95,19.91
O=S(=O)([O-])c1ccc(/N=N/c2ccc(/N=N/c3c(O)c(S(=O)(=O)[O-])cc4cc(S(=O)(=O)[O-])ccc34)c(S(=O)(=O)[O-])c2)cc1.[Na+].[Na+].[Na+].[Na+],62.56,71.31
O=C1C(=C2SCCS2)C(=O)C(=C2SCCS2)C(=O)C1=C1SCCS1,24.94,28.3
CCOC(=O)c1ccc(-c2ccc(/C=C3/C=C(c4ccccc4)N(c4ccc(N(C)C)cc4)C3=O)o2)cc1,42.26,56.53
CC(C)NC(c1ccc(N2CCCC2)cc1)=c1ccc(=C(C#N)C#N)cc1,16.05,18.92
CC[n+]1c(/C=C/C=C/C=C/Nc2ccccc2C)sc2ccccc21,16.79,27.57
O=C1/C(=C\C=C\C=C\Nc2ccccc2)SC(=S)N1CCc1ccccc1,14.82,19.5
COc1ccc(/C2=C3\C=CC(=N3)/C(c3ccc(OC)cc3)=c3/cc/c4n3[Cu]n3c2ccc3/C(c2ccc(OC)cc2)=C2/C=CC(=N2)\C=4c2ccc(OC)cc2)cc1,61.22,87.04
CC(=O)O[C@H]1C(=O)[C@@]2(C)[C@H]([C@H](OC(=O)c3ccccc3)[C@]3(O)C[C@H](OC(=O)[C@H](OC(=O)CCCCCNC4=C(C=CC5=[N+](CCCCS(=O)(=O)[O-])c6ccc7ccccc7c6C5(C)C)CCCC4=CC=C4N(CCCCS(=O)(=O)[O-])c5ccc6ccccc6c5C4(C)C)[C@@H](NC(=O)c4ccccc4)c4ccccc4)C(C)=C1C3(C)C)[C@]1(OC(C)=O)CO[C@@H]1C[C@@H]2O,66.63,95.14
CCCC[N+]1=C(C=Cc2ccc(N(C)C)cc2)c2cccc3cccc1c23,21.24,31.88
CC1CC/C(=C\C=C\c2ccccc2[N+](=O)[O-])C(=O)/C1=C/C=C/c1ccccc1[N+](=O)[O-],35.39,46.84
[C]N([C])c1ccc2c(c1)SC(=[C]C1=[C]C(=C(C#N)C#N)[C]C([C])([C])[C]1)N2[C],36.1,43.21
CNc1ccc2nc3ccc(N(C)C)cc3[s+]c2c1.[Cl-],11.21,24.47
[C]N([C])c1ccc([C]=[C]C2=[C]C(=C(C#N)C#N)[C]C([C])([C])[C]2)s1,31.11,36.18
C=Cc1c(C)c2cc3nc(c4c5[nH]c(cc6nc(cc1[nH]2)C(C)=C6CC)c(C)c5C(=O)C4)[C@@H](CCC(=O)OC)[C@@H]3C,35.77,43.94
CN(C)c1ccc(N2C(=O)C(=Cc3ccc(-c4ccc(Br)cc4)o3)C=C2c2ccccc2)cc1,44.43,63.18
N#CC(C#N)=CC1=C(Cl)/C(=C/[C-](C#N)C#N)CCC1,26.52,34.16
COc1ccc(/C2=C3\C=CC(=N3)/C(c3ccc(OC)cc3)=c3/cc/c4n3[Zn]n3c2ccc3/C(c2ccc(OC)cc2)=C2/C=CC(=N2)/C=4c2ccc(OC)cc2)cc1,60.77,86.59
CN(C)c1ccc(N2C(=O)/C(=C\c3ccc(-c4ccc(Br)cc4)o3)C=C2c2ccccc2)cc1,47.36,67.16
CCN1C(=O)/C(=C\C=C\C=C\Nc2ccccc2)OC1=S,23.33,37.63
O=C1/C(=C/c2ccc(-c3ccc([N+](=O)[O-])cc3)o2)C=C(c2ccccc2)N1c1ccc(-c2ccccc2)cc1,52.61,74.4
CN(C)c1ccc(-c2cc(-c3ccc(/N=C/c4ccc([N+](=O)[O-])cc4)cc3)c3c(ccc4ccccc43)n2)cc1,46.82,68.54
CC(C)(C)c1ccc(N(c2ccccc2)c2ccc3c(c2O)C(=O)c2ccccc2C3=O)cc1,48.7,71.23
CN(C)c1ccc(/C=C/C2=CC(=C(C#N)C#N)CC(C)(C)C2)cc1,16.69,19.5
CCN1C(=O)/C(=C/c2ccc(-c3ccc(C#N)cc3)o2)S/C1=N\c1ccc(N2CCOCC2)cc1,36.6,48.02
[Na+].[Na+].[Na+].[O-]S(=O)(=O)c1cc(c2cccc(c2c1)S([O-])(=O)=O)S([O-])(=O)=O,63.73,69.57
CN(C)c1ccc(C=CC=CC2=[N+](C)c3ccccc3C2(C)C)cc1,13.36,19.2
COc1ccc(/C2=C3\C=CC(=N3)/C(c3ccc(OC)cc3)=c3/cc/c4n3[Co]n3c2ccc3/C(c2ccc(OC)cc2)=C2/C=CC(=N2)\C=4c2ccc(OC)cc2)cc1,61.18,86.94
COC(=O)c1ccccc1/N=N/c1ccc(N(C)C)cc1,14.42,24.54
[C][C]N([C][C])c1ccc2cc([C]=[C]C3=[C]C(=C(C#N)C#N)[C]C([C])([C])[C]3)oc2c1,36.42,45.03
CC1=C(/C=C/C(C)=C/C=C/C(C)=C/C(=O)O)C(C)(C)CCC1=O,51.56,61.38
[C]SC(S[C])=C1[C][C]/C(=[C]/c2ccc(N([C])[C])cc2)C1=O,40.67,51.94
[C]SC(S[C])=C1[C][C][C]/C(=[C]\c2ccc(N([C])[C])cc2)C1=O,41.57,52.73
CN1C(=CC=CC=CC2=[N+](CCCCCC(=O)ON3C(=O)CCC3=O)c3ccccc3C2(C)C)C(C)(C)c2ccccc21,17.19,16.58
CN1/C(=C/C=C2\C=C([N+](=O)[O-])C=CC2=O)C=Cc2ccccc21,43.1,54.82
C/C=C/C=C/C=C/C(=O)/C=C/C=C/N(C)C,23.37,36.89
CCN(CC)c1ccc(C=C2CCC(C=NN=CC3=C(N4CCOCC4)C(c4ccccc4)CC3)=C2N2CCOCC2)cc1,19.16,23.09
CC1Cc2c(ccc3[o+]c(-c4ccccc4)cc(/C=C/c4ccc(N(C)C)cc4)c23)O1,34.89,52.89
[Na+].[O-]S(=O)(=O)c1cccc(c1)\N=N\c1ccc(Nc2ccccc2)cc1,27.16,46.43
CC1=CC(C)(C)N(C)c2ccc(/C=C3\N=C(c4ccccc4)OC3=O)cc21,21.77,28.23
CCN(CC)c1ccc(C(=C(C#N)C#N)C(F)(F)F)cc1,22.57,33.75
CN(C)c1ccc(N2C(=O)/C(=C/c3ccc(-c4cc(Cl)ccc4Cl)o3)C=C2c2ccccc2)cc1,48.28,68.65
CC[N+]1=C(C=CC=CC=C2N(CCCCCC(=O)O)c3ccc(S(=O)(=O)O)cc3C2(C)C)C(C)(C)c2cc(S(=O)(=O)[O-])ccc21,29.38,35.5
CCN(CC)c1ccc(N2C(=O)/C(=C/c3ccc([N+](=O)[O-])cc3)C=C2c2ccccc2)cc1,29.64,40.11
CN(C)c1ccc2c(c1)N(O)CC(c1ccc(-c3cccc([N+](=O)[O-])c3)o1)=[N+]2[O-],42.03,50.87
Cc1ccc(Nc2ccc(Nc3ccc(C)cc3)c3c2C(=O)c2ccccc2C3=O)cc1,45.16,68.28
[C]c1ccc(N(c2ccc([C])cc2)c2ccc(-c3ccc([C]=C(C#N)C#N)c4nsnc34)s2)cc1,44.4,62.06
C=Cc1c(C)c2cc3nc(c4c5[nH]c(cc6nc(cc1[nH]2)C(C)=C6CC)c(C)c5C(=O)C4)[C@@H](CCC(=O)O)[C@@H]3C,59.87,77.58
CN(C)c1ccc(/C=C/c2cc(C(C)(C)C)[o+]c3ccccc23)cc1,33.12,51.22
CCCCc1ccc(Nc2ccc(NC)c3c2C(=O)c2ccccc2C3=O)cc1,33.59,48.38
CN(C)c1ccc(/C=C/C=C2/SC(=S)N(c3cccc([N+](=O)[O-])c3)C2=O)cc1,30.04,36.52
[C]C1([C])[C]C([C]=[C]c2cc3c4c(c2)[C][C][C]N4[C][C][C]3)=[C]C(=C(C#N)C#N)[C]1,41.48,51.84
CCN(CC)c1ccc2c(c1Oc1ccc(C(C)(C)C)cc1)C(=O)c1ccccc1C2=O,38.41,54.74
CN1C(=CC=NN=CC2=C(N3CCOCC3)C(=Cc3ccc([N+](=O)[O-])cc3)CC2)C(C)(C)c2ccccc21,28.67,33.51
CCCCNc1ccc(NCCCC)c2C(=O)c3ccccc3C(=O)c12,18.77,30.21
CCCCNc1ccc(NCCCC)c2c1C(=O)c1ccccc1C2=O,18.77,30.21
CCOc1ccc(Nc2ccc(/C(=C3/C=C/C(=[N+](\CC)Cc4cccc(S(=O)(=O)[O-])c4)C=C3C)c3ccc(N(CC)Cc4cccc(S(=O)(=O)[O-])c4)cc3C)cc2)cc1.[Na+],48.17,64.86
COc1ccccc1N1C(=O)NC(=O)/C(=C(O)\C=C\c2ccc(N(C)C)cc2)C1=O,73.71,77.32
CN(C)c1ccc(/N=N/c2ccc([N+](=O)[O-])cc2)cc1,30.95,46.34
[Na+].[Na+].[Na+].[Na+].[O-]S(=O)(=O)c1cc(c2ccc3c(cc(c4ccc1c2c34)S([O-])(=O)=O)S([O-])(=O)=O)S([O-])(=O)=O,50.35,55.63
C=CCN1C(=O)/C(=C\C=C\C=C\Nc2ccccc2)SC1=S,20.92,33.36
CCN(CC)c1ccc(C=Cc2nc3cc([N+](=O)[O-])ccc3s2)cc1,18.18,23.6
CCN(CC)c1ccc(C=C2CCC(C=NN=Cc3cccc([N+](=O)[O-])c3)=C2N2CCOCC2)cc1,26.15,30.53
COc1ccc(/C2=C3\C=CC(=N3)/C(c3ccc(OC)cc3)=c3/cc/c4n3[Zn]n3c2ccc3/C(c2ccc(OC)cc2)=C2/C=CC(=N2)\C=4c2ccc(OC)cc2)cc1,61.43,87.52
CC(=C/C(=O)O)/C=C/C=C(C)/C=C/C12OC1(C)CCCC2(C)C,48.76,60.82
CN(C)c1ccc(/C=C2\CCCc3c2cc(-c2ccccc2)[o+]c3-c2ccccc2)cc1,46.92,68.69
CCN(CC)c1ccc2nc3ccc(N(CC)CC)cc3[o+]c2c1,11.25,19.62
COc1cc(/C=C/C=C2/CC/C(=C/C=C/c3ccc(O)c(OC)c3)C2=O)ccc1O,52.38,73.06
CN(C)c1ccc(/C=C(/C#N)c2ccc(C#N)cc2)cc1,22.58,32.85
CN(C)c1ccc(C=CC=C2SC(=S)N(CCc3ccccc3)C2=O)cc1,11.6,11.53
[C]N1/C(=[C]/[C]=[C]/[C]=[C]/[C]=C2c3cc([N+](=O)[O-])ccc3-c3ccc([N+](=O)[O-])cc32)C([C])([C])c2ccccc21,47.51,58.86
CCOc1ccc(Nc2ccc(/C(=C3/C=C/C(=[N+](\CC)Cc4cccc(S(=O)(=O)[O-])c4)C=C3C)c3ccc(N(CC)Cc4cccc(S(=O)(=O)[O-])c4)cc3C)cc2)cc1,46.98,63.44
O=[N+]([O-])c1ccc(-c2ccc(C=Nc3ccc(N4CCOCC4)cc3)o2)cc1,32.48,44.54
CC(C)(C)c1ccc(N2C(=O)/C(=C/c3ccc(-c4ccc([N+](=O)[O-])cc4)o3)C=C2c2ccccc2)cc1,52.36,72.26
COc1ccc(N2C(=O)/C(=C/C=C/c3ccc(N(C)C)cc3)NC2=S)cc1,27.08,35.62
C=C(C)C/N=c1/scc(-c2ccc([N+](=O)[O-])cc2)n1/N=C/c1ccc(N(CC)CC)cc1,23.42,29.57
CC[n+]1c(C=CC2=C3C=C(c4ccccc4)OC(c4ccccc4)=C3CC2)sc2ccccc21,32.54,48.75
CN(C)c1ccc(CN2c3ccccc3Oc3cc(C#N)c(C#N)cc32)cc1,22.01,31.48
O=S(=O)([O-])c1cc(S(=O)(=O)[O-])c2cc(O)ccc2c1.[K+].[K+],77.44,88.02
CCN1/C(=C/C=c2/s/c(=C3\SC(=S)N(Cc4ccccc4)C3=O)n(CC)c2=O)C(C)(C)c2cc(-c3ccccc3)ccc21,21.16,25.89
CCN(CC)c1ccc(/N=C/c2ccc([N+](=O)[O-])o2)cc1,14.32,23.32
Cc1ccc(N/C=C/C=C/C=C2/OC(=S)N(C)C2=O)cc1,26.86,41.63
CCOC(=O)CCNc1ccc(Nc2ccc(C)cc2)c2c1C(=O)c1ccccc1C2=O,31.52,41.41
O=C1/C(=C/C=C/C=C/Nc2ccccc2)SC(=S)N1Cc1ccccc1,16.79,24.45
CN(C)c1ccc(/C=C/C=C2/SC(=S)N(c3ccc([N+](=O)[O-])cc3)C2=O)cc1,31.67,38.74
Cc1ccc2ccc(/C=C/c3ccc(N(C)C)cc3)[n+](CCCS(=O)(=O)[O-])c2c1,19.67,26.8
O=C1/C(=C/c2cccc([N+](=O)[O-])c2)CCC/C1=C\c1ccco1,31.38,44.29
[C]N1/C(=[C]/[C]=[C]/[C]=C2c3cc([N+](=O)[O-])ccc3-c3ccc([N+](=O)[O-])cc32)C([C])([C])c2ccccc21,48.05,59.94
CN(C)c1ccc(C=CC=CC2=[N+](c3ccccc3)c3ccccc3C2(C)C)cc1,19.0,28.95
O=S(=O)([O-])CCC[n+]1c(C=Cc2ccc(-c3ccc(SC(F)F)cc3)o2)sc2ccccc21,32.17,42.96
CN(CCCS(=O)(=O)[O-])c1ccc(/C=C/c2ccc3ccccc3[n+]2C)cc1,18.54,25.62
CCN(CC)c1ccc(N2C(=O)C(=Cc3ccc([N+](=O)[O-])cc3)C=C2c2ccccc2)cc1,28.27,37.95
FC(F)(F)c1c2cc3c4c(c2[o+]c2c5c6c(cc12)CCCN6CCC5)CCCN4CCC3,29.68,45.8
O=[N+]([O-])c1ccc(Nc2ccc(N3CCCCC3)cc2)c(Cl)c1,19.36,32.35
O=S(C1=C(C=C2O)C(C=C2)=CC(S(=O)([O-])=O)=C1)([O-])=O.[K+].[K+],77.44,88.02
[Zn++].[Zn++].[Zn++].[O-]P([O-])([O-])=O.[O-]P([O-])([O-])=O,83.41,81.76
CCN(CC)c1ccc(/N=N/c2ccc([N+](=O)[O-])cc2OC)cc1,21.38,34.4
CC[N+]1=C(C=CC=CC=C2N(CCCCCC(=O)ON3C(=O)CCC3=O)c3ccc(S(=O)(=O)O)cc3C2(C)C)C(C)(C)c2cc(S(=O)(=O)[O-])ccc21,24.65,27.27
CCN1C(=O)C(=C2C=C(C=C3Sc4ccccc4N3CC)c3ccc(C)cc3O2)SC1=S,20.77,25.43
CCN(CC)c1ccc(/N=C/c2ccc([N+](=O)[O-])s2)cc1,14.05,22.48
CN(C)c1ccc(/C=C/c2c3c([o+]c4c2Cc2ccccc2-4)-c2ccccc2C3)cc1,50.56,73.62
CCCC[n+]1cccc(/C2=C3\C=CC(=N3)/C(c3ccc[n+](CCCC)c3)=c3/cc/c4n3[Zn]n3c2ccc3/C(c2ccc[n+](CCCC)c2)=C2/C=CC(=N2)/C=4c2ccc[n+](CCCC)c2)c1,56.62,78.38
O=C1/C(=C/c2ccc([N+](=O)[O-])cc2)CCC/C1=C\c1cccs1,31.47,42.6
N#Cc1cc2nc3c(nc2cc1C#N)-c1cccc2cccc-3c12,52.91,80.48
Oc1cccc(C2=C3C=CC(=N3)C(c3cccc(O)c3)=C3C=CC(=N3)C(c3cccc(O)c3)=C3CCC(=N3)C(c3cccc(O)c3)=C3C=CC2=N3)c1,59.48,83.22
COC(=O)/C(C)=C/C=C/C(C)=C/C=C/C=C(C)/C=C/C=C(\C)C(=O)O[C@@H]1O[C@H](CO)[C@@H](O)[C@H](O)[C@H]1O,57.32,61.73
O=[N+]([O-])c1ccc(N/N=C(/C=C\C=C\c2ccco2)\C=C\C=C\c2ccco2)c([N+](=O)[O-])c1,36.92,49.84
CN(C)c1ccc(/C=C/C2=CC(/C=C/c3ccc(N(C)C)cc3)=[O+][B-](F)(F)O2)cc1,31.14,43.69
CN(C)c1ccc(/C=C/c2c3ccccc3cc[n+]2[O-])cc1,20.2,34.89
c1ccc2c(c1)C1=NC2=Nc2c3ccccc3c3n2[Zn]n2c(c4ccccc4c2=NC2=NC(=N3)c3ccccc32)=N1,41.99,64.63
Nc1cc(S(=O)(=O)[O-])c2ccc3c(S(=O)(=O)[O-])cc(S(=O)(=O)[O-])c4ccc1c2c43.[Na+].[Na+].[Na+],50.74,64.35
CCN1C(=O)/C(=C\c2ccc(-c3ccc(C#N)cc3)o2)S/C1=N\c1ccc(N2CCOCC2)cc1,35.07,45.77
CN(C)c1ccc(/C=C/C=C2/SC(=S)NC2=O)cc1,43.12,57.98
O=[N+]([O-])c1ccc(-c2ccc(C=Cc3nc4ccc([N+](=O)[O-])cc4s3)o2)c(Br)c1,48.54,62.32
O=C1c2ccccc2C(=O)c2c1c(NC1CCCCC1)c1nsnc1c2NC1CCCCC1,20.23,31.21
COc1cc(-c2ccc(N(C)C)cc2)[o+]c2ccccc12,16.04,28.74
CCn1/c(=C/C=C(C=O)/C=C/C2=[N+](CC)c3cccc4cccc2c34)c2cccc3cccc1c32,33.97,48.57
COc1ccc(-c2c3nc(c(-c4ccc(OC)cc4)c4ccc([nH]4)c(-c4ccc(OC)cc4)c4nc(c(-c5ccc(OC)cc5)c5ccc2[nH]5)C=C4)C=C3)cc1,58.57,84.55
[Na+].[Na+].[Na+].[O-]S(=O)(=O)c1ccc2c(cc(cc2c1)S([O-])(=O)=O)S([O-])(=O)=O,63.97,69.98
Cc1ccc(N2CCN(C3=NC(=O)C(=Cc4ccc(-c5ccc([N+](=O)[O-])cc5)o4)S3)CC2)cc1,35.96,44.38
Cc1cc(-c2ccc(/N=N/c3ccc4c(S(=O)(=O)[O-])cc(S(=O)(=O)[O-])c(N)c4c3O)c(C)c2)ccc1/N=N/c1ccc2c(S(=O)(=O)[O-])cc(S(=O)(=O)[O-])c(N)c2c1O.[Na+].[Na+].[Na+].[Na+],64.18,86.78
COc1cc(-c2ccc(/N=N/c3ccc4c(S(=O)(=O)[O-])cc(S(=O)(=O)[O-])c(N)c4c3O)c(OC)c2)ccc1/N=N/c1ccc2c(S(=O)(=O)[O-])cc(S(=O)(=O)[O-])c(N)c2c1O.[Na+].[Na+].[Na+].[Na+],64.84,86.42
N#Cc1cc2c(cc1C#N)N1CCCCC1C1CCCCN21,16.12,31.69
O=C1NC(=S)S/C1=C/C=C/C=C/Nc1ccccc1,48.59,63.51
CN1C(=CC=CC=CC2=[N+](CCCCCC(=O)ON3C(=O)CCC3=O)c3ccccc3C2(C)C)C(C)(C)c2ccccc21.[Cl-],19.11,18.81
Cc1ccc(C(=O)c2c(C=CN(C)C)oc3cc(C#N)c(C#N)cc23)cc1,28.6,37.45
O=[N+]([O-])c1ccc(-c2cc(/C=C/c3ccc(N(CCCl)CCCl)cc3)c3c(ccc4ccccc43)n2)cc1,41.68,58.67
CC(C)=CCC/C(C)=C/C=C/C(C)=C/C=C/C(C)=C/C=C/C=C(C)/C=C/C=C(C)/C=C/C1=C(C)CCCC1(C)C,27.45,37.03
CCN1C=CC(=C/C=C(\C=C\c2cc[n+](CC)c3ccccc23)c2cc[n+](CC)c3ccccc23)C=C1,28.25,41.25
CCN(Cc1cccc(S(=O)(=O)[O-])c1)c1ccc(C(=C2C=CC(=[N+](CC)Cc3cccc(S(=O)(=O)[O-])c3)C=C2)c2ccc(S(=O)(=O)[O-])cc2)cc1.[Na+].[Na+],32.58,39.65
CN(C)c1ccc(/C=C(\C#N)c2nc(-c3ccc([N+](=O)[O-])cc3)c[se]2)cc1,29.61,39.46
O=C1c2cccc3c2C2=S(Sc4ccc(NC5CCCCC5)c1c42)N3C1CCCCC1,20.22,32.52
N#CC(C#N)=CC=CC1=C2OC(c3ccccc3)=CC(c3ccccc3)=C2CCC1,31.95,44.47
CC1C/C(=C\C=C\N(C)C)C(=O)/C(=C/C=C/N(C)C)C1,34.17,62.75
CN1c2ccccc2Sc2cc(C=C3C(=O)c4ccccc4C3=O)ccc21,35.42,50.57
CN(C)c1ccc(/C=C/C=C2/SC(=S)N(c3cccc(F)c3)C2=O)cc1,23.48,32.27
CN1C=CC(=CC=C(C=Cc2cc[n+](C)c3ccccc23)c2ccccc2)c2ccccc21,29.11,44.51
N#Cc1ccc(-c2ccc(/C=C3/SC(=O)N(CC(=O)Nc4ccc(N5CCOCC5)cc4)C3=O)o2)cc1,52.2,62.69
CC(=O)c1c(/C=C/N(C)C)oc2cc(C#N)c(C#N)cc12,24.26,32.39
Cc1ccc(N2C(=O)C(=Cc3ccc(-c4ccc([N+](=O)[O-])cc4)o3)C=C2c2ccccc2)cc1C,44.78,61.63
CN(c1ccccc1)c1ccc(N=Nc2nc3ccc([N+](=O)[O-])cc3s2)cc1,25.16,43.39
CC[n+]1c(/C=C/C=C/C=C/N(C)C)sc2ccc3ccccc3c21,14.22,22.28
CC(/C=C/C12OC1(C)CCCC2(C)C)=C\C=C\C(C)=C\CO,22.62,35.92
O=[N+]([O-])c1ccc(C=C2CCC(C=NN=Cc3cccc([N+](=O)[O-])c3)=C2N2CCOCC2)cc1,53.57,64.22
CC1(C)C2=C(Cl)C(=O)C(Cl)=CC2=Nc2ccc(O)cc21,51.53,69.7
CCC1=C(C)/C2=C/c3c(CC)c(C)c4n3[Cu]n3/c(c(C)c(CC)/c3=C/C3=N/C(=C\4)C(CC)=C3C)=C\C1=N2,34.01,41.24
CN(CCCC(=O)O)c1ccc(N=Nc2ccc([N+](=O)[O-])cc2)cc1,69.25,79.04
CCN(CC)c1ccc(/C=C(/C#N)c2ccc(C#N)cc2)cc1,26.95,39.58
CC1(C)C(/C=C2/C(=O)C(/C=C3/Nc4ccccc4C3(C)C)=C2O)=Nc2ccccc21,32.51,40.23
CCC1=C(C)/C2=C/c3c(CC)c(C)c4n3[Co+]n3/c(c(C)c(CC)/c3=C/C3=N/C(=C\4)C(CC)=C3C)=C\C1=N2,35.39,43.35
O=c1ccc2[n+]([O-])c3ccc([O-])cc3oc-2c1.[Na+],40.13,53.94
COc1cc([N+](=O)[O-])ccc1-c1ccc(C=C2C=C(c3ccc(C(C)(C)C)cc3)OC2=O)o1,51.79,68.36
COC(C=CC=C1N(C)c2ccccc2C1(C)C)=CC1=[N+](C)c2ccccc2C1(C)C,14.3,14.17
O=Cc1ccc2c(c1)C1CCCC1N2c1ccc(C=C(c2ccccc2)c2ccccc2)cc1,30.81,48.07
OCC[n+]1ccc(/C2=C3\C=CC(=N3)/C(c3cc[n+](CCO)cc3)=c3/cc/c4n3[Zn]n3c2ccc3/C(c2cc[n+](CCO)cc2)=C2/C=CC(=N2)/C=4c2cc[n+](CCO)cc2)cc1,60.21,80.27
O=C(Nc1ccc2c(O)c(N=Nc3ccc(N=Nc4ccc(S(=O)(=O)[O-])cc4)cc3S(=O)(=O)[O-])c(S(=O)(=O)[O-])cc2c1)Nc1ccc2c(O)c(N=Nc3ccc(N=Nc4ccc(S(=O)(=O)[O-])cc4)cc3S(=O)(=O)[O-])c(S(=O)(=O)[O-])cc2c1.[Na+].[Na+].[Na+].[Na+].[Na+].[Na+],68.41,93.5
Cc1ccc(C(=O)N2C(=O)C(=CC=Cc3ccc(N(C)C)cc3)SC2=S)cc1,23.54,29.02
CCOC(=O)c1ccc(-c2ccc(/C=C3\C=C(c4ccccc4)N(c4ccc(N(C)C)cc4)C3=O)o2)cc1,40.97,54.77
O=C1c2ccccc2C(=O)c2c(NCCO)ccc(NCCO)c21,73.92,87.71
C=CCN1C(=O)/C(=C\C=C2/C=CN(CC)c3ccccc32)SC1=S,18.26,21.72
O=C1/C(=C/c2ccc(-c3ccc([N+](=O)[O-])cc3)o2)C=C(c2ccccc2)N1Cc1ccccc1,38.63,54.31
C=CC1=C(C)/C2=C/c3c(C)c(CCC(=O)O)c4n3[Fe](O)n3/c(c(C)c(C=C)/c3=C/C3=N/C(=C\4)C(CCC(=O)O)=C3C)=C\C1=N2,71.54,86.72
C/C(=C\c1ccc(N(C)C)cc1)c1cc(-c2ccccc2)[o+]c(-c2ccccc2)c1,45.27,66.0
c1ccc2c(c1)C1=N/C2=N\c2c3ccccc3c3n2[Co]n2/c(c4ccccc4/c2=N/C2=N/C(=N\3)c3ccccc32)=N\1,41.35,64.89
O=C1C(=Cc2ccc([N+](=O)[O-])cc2)C=C(c2ccccc2)N1c1ccc(Nc2ccccc2)cc1,42.8,62.75
CCCCN(CCCC)c1ccc2nc3ccc(N(CCCC)CCCC)cc3[s+]c2c1.[Br-],17.42,24.74
CC[n+]1c(C=CC2=CC(=CNc3ccccc3)CCC2)sc2ccccc21,16.72,27.95
CCN1/C(=C/C=C(C)/C=C/c2sc3cc(SC)c(OC)cc3[n+]2CC)Sc2cc(SC)c(OC)cc21,29.13,36.47
CN1CC(=CC=Cc2ccccc2)C(=O)C(=CC=Cc2ccccc2)C1,27.57,48.01
CN(C)c1ccc(C=C2CCCc3c2cc(-c2ccccc2)[o+]c3-c2ccccc2)cc1,38.54,58.07
Cc1ccc(/C=[N+](\[O-])c2ccc(N(C)C)cc2)c2nsnc12,12.91,17.2
CN(C)c1ccc2c(c1Oc1ccc(C(C)(C)C)cc1)C(=O)c1ccccc1C2=O,41.56,57.82
CCN(Cc1cccc(S(=O)(=O)[O-])c1)c1ccc(C(=C2C=CC(=[N+](CC)Cc3cccc(S(=O)(=O)[O-])c3)C=C2)c2ccccc2S(=O)(=O)[O-])cc1.[Na+].[Na+],31.15,37.57
COC1CC(=O)C2CCCCC(C)OC(=O)C3=C(/C=C/C=C/C=C/C(=O)O)OC1C32,74.84,83.65
CCOc1ccc(N2C(=O)C(=CC(Cl)=Cc3ccc([N+](=O)[O-])cc3)SC2=S)cc1,35.8,42.84
COc1cccc(N2C(=O)/C(=C/c3ccc([N+](=O)[O-])cc3)C=C2c2ccccc2)c1,40.39,54.76
O=C(Nc1ccc(NC2CCCCC2)c2c1C(=O)c1ccccc1C2=O)c1ccccc1,38.45,56.89
CN1/C(=C\C=C\c2c3sc(-c4ccccc4)c([O-])[n+]3c3ccccc3[n+]2C)C(C)(C)c2ccccc21,30.36,42.69
CCN(CC)CCCC(C)Nc1cc(C=Cc2ccc([N+](=O)[O-])cc2)nc2ccc(OC)cc12,17.96,24.27
COc1ccc(-c2onc3cc(C#N)c(C#N)cc23)cc1,41.44,62.04
CCCCN1C(=O)/C(=C/C=C/C=C/Nc2ccccc2)SC1=S,15.8,22.24
CCCCC1=C(C)/C2=C(\c3ccccc3)c3c(C)c(CCCC)c4n3[Zn]n3/c(c(CCCC)c(C)/c3=C(\c3ccccc3)C3=N/C(=C\4)C(CCCC)=C3C)=C\C1=N2,56.27,77.3
Cc1ccc(N2C(=O)/C(=C/c3ccc(-c4ccc([N+](=O)[O-])cc4)o3)C=C2c2ccccc2)cc1C,46.9,64.31
C[N+]1=C(/C=N/c2c([O-])cc(N3CCc4ccccc43)c3ccccc23)C(C)(C)c2ccccc21,21.77,32.97
CN(c1ccc(N)cc1)c1ccc([N+](=O)[O-])cc1,23.62,40.06
CCN1C=CC(=CC=c2sc(=C3Sc4ccccc4C3=O)n(CC)c2=O)c2ccccc21,22.16,28.09
CN(c1ccccc1)c1ccc(/N=N/c2nc3ccc([N+](=O)[O-])cc3s2)cc1,24.5,42.5
O=[N+]([O-])c1ccc(C=C2CCC(C=NNS(=O)(=O)c3ccccc3)=C2N2CCOCC2)cc1,37.78,47.61
CN(C)c1ccc(/C=C2\CCC/C(=C\c3ccccc3)C2=O)cc1,20.08,32.31
CCN(CCO)c1ccc(/N=N/c2c(Cl)cc([N+](=O)[O-])cc2Cl)cc1,36.43,46.58
CCN(CC)c1ccc(/C=C/c2nc3cc([N+](=O)[O-])ccc3s2)cc1,20.38,27.39
CCN1C(=O)C(=CC=C2C=CN(CC)c3ccccc32)SC1=S,14.0,16.8
CN(CCCC(=O)O)c1ccc(/N=N/c2ccc([N+](=O)[O-])cc2)cc1,68.87,79.07
Nc1c(NCCO)cc(NC2CCCCC2)c2c1C(=O)c1ccccc1C2=O,45.51,63.73
O=C1C(=Cc2ccc(-c3cc(Cl)ccc3Cl)o2)C=C(c2ccccc2)N1c1ccc(Nc2ccccc2)cc1,51.05,75.83
CCOc1ccc(N(C)c2ccc(/C=C/C3=[N+](C)c4ccc(C(=O)OC)cc4C3(C)C)cc2)cc1,26.81,33.17
CN(C)c1ccc(/C=C2/N=C(/C=C/c3ccc([N+](=O)[O-])cc3)OC2=O)cc1,41.75,53.73
CN1CCCc2cc(C=C(C#N)C#N)ccc21,13.24,18.42
CN1C(=CC=CC=CC2=[N+](C)c3cc4oc5ccccc5c4cc3C2(C)C)C(C)(C)c2cc3c(cc21)oc1ccccc13,28.7,41.88
O=C1C(=Cc2ccc([N+](=O)[O-])cc2)CN(Cc2ccccc2)CC1=Cc1ccc([N+](=O)[O-])cc1,34.28,41.62
O=C([O-])c1ccccc1-c1c2ccc3cc([O-])ccc3c2oc2c1ccc1cc(=O)ccc12,52.11,75.54
C(=C/C=C/C=C/c1ccco1)\C=C\C=C\C=N\N/C(=N\c1ccccc1)c1ccccn1,23.05,43.58
N#CC(=[C]c1ccc(-c2ccc(-c3ccc([O])cc3)s2)s1)C#N,41.86,57.88
COC(=O)c1cc(C=CC2=[N+](C)c3ccccc3C2(C)C)c2sc3ccccc3n12,18.91,20.37
CCCC[n+]1cccc(/C2=C3\C=CC(=N3)/C(c3ccc[n+](CCCC)c3)=c3/cc/c4n3[Zn]n3c2ccc3/C(c2ccc[n+](CCCC)c2)=C2/C=CC(=N2)\C=4c2ccc[n+](CCCC)c2)c1,57.6,79.82
Cc1ccccc1N1C(=O)/C(=C/c2ccc(-c3ccc([N+](=O)[O-])cc3)o2)C=C1c1ccccc1,45.59,63.41
CN(C)c1ccc(N2C(=O)/C(=C/c3ccc(-c4ccc(Cl)c(Cl)c4)o3)C=C2c2ccccc2)cc1,48.31,68.69
Oc1cccc(-c2c3nc(c(-c4cccc(O)c4)c4ccc([nH]4)c(-c4cccc(O)c4)c4nc(c(-c5cccc(O)c5)c5ccc2[nH]5)CC4)C=C3)c1,55.7,82.44
C=CC1=C(C)c2cc3[nH]c(cc4nc(cc5[nH]c(cc1n2)c(C)c5C=C)C(C)=C4CCC(=O)[O-])c(CCC(=O)[O-])c3C,45.98,58.36
C=CC1=C(C)C2=NC1=CC1=NC(=CC3=NC(=CC4=NC(=C2)C(C)=C4CCC(=O)O)C(CCC(=O)O)=C3C)C(C=C)=C1C,70.64,82.92
O=C1C=CC([N+](=O)[O-])=C/C1=C/C1=C2C(=CN(Cc3ccccc3)c3ccccc32)CCC1,29.44,39.55
COc1ccc(Nc2ccc3c(c2)=NC2(CCCCC2)[N+]=3[O-])cc1,17.42,31.97
CC(=O)N1C(=O)c2cccc3c(N=Nc4ccc(N(C)C)cc4)ccc1c23,34.78,53.42
NC(=S)NN=CC1=C(N2CCOCC2)C(=Cc2ccc([N+](=O)[O-])cc2)CC1,68.23,77.86
Cc1ccc2c(c1)/C(=N/C1CCCCC1)c1nc3ccccc3nc1-2,28.23,45.93
CCN(CC)c1ccc(/C=C/C2=[N+](C)c3ccc(C(=O)OC)cc3C2(C)C)cc1,16.21,17.88
CC(=O)Sc1ccccc1[N+]1=C(C=Cc2ccc(N(C)C)cc2)CCC1,14.42,16.96
COc1ccc(OC)c(N=CC=Cc2ccc([N+](=O)[O-])cc2)c1,19.86,27.6
O=[N+]([O-])c1ccc(/C=N/c2cc(C(F)(F)F)ccc2N2CCCC2)s1,31.2,42.02
FC(F)(F)C1=CC(/N=C/C2=CC=C([N+]([O-])=O)S2)=C(C=C1)N3CCCC3,31.2,42.02
CCC1=C(C)/C2=C/c3c(CC)c(C)c4n3[Co+]N3/C(=C\C1=N2)C(C)=C(CC)C3CC1=N/C(=C\4)C(CC)=C1C,27.59,32.25
S=C(Nc1ccc2nc3c4ccccc4c4ccccc4c3nc2c1)N1CCOCC1,19.34,30.96
O=C1NC(=S)NC(=O)C1=CC=CC=C1C=Cc2ccccc2N1,73.02,74.58
C(=Cc1cc(-c2ccccc2)[s+]c2ccccc12)C=C1C=C(c2ccccc2)Sc2ccccc21,40.62,61.93
C[N+]1=C(C=CC=CC=C2N(CCCCCC(=O)O)c3ccccc3C2(C)C)C(C)(C)c2ccccc21,19.95,23.37
CCN1C(=CC=CC=Cc2ccc3ccccc3[n+]2CC)C=Cc2ccccc21,21.16,33.02
CCN1C(=O)C(=CC=Cc2ccc([N+](=O)[O-])o2)SC1=S,39.04,45.59
[C]N([C])c1ccc2c(c1)SC(=[C]C1=[C]C(=C(C#N)C#N)c3ccccc31)N2[C],36.49,46.93
CC(=O)Nc1ccc(S(=O)(=O)[O-])c2cc(S(=O)(=O)[O-])c(/N=N/c3ccc(/N=N/c4ccc(S(=O)(=O)[O-])cc4)c4ccc(S(=O)(=O)[O-])cc34)c(O)c12.[Na+].[Na+].[Na+].[Na+],60.02,72.09
O=[N+]([O-])c1ccc(/N=N/c2ccc(N3CCCCC3)cc2)c(Br)c1,27.62,40.16
Oc1ccc2ccccc2c1C=Cc1ccc2c(ccc3ccccc32)[o+]1,33.45,59.22
O=C1C(=Cc2ccc(-c3ccc(Cl)c(Cl)c3)o2)C=C(c2ccccc2)N1c1ccc(Nc2ccccc2)cc1,51.09,75.88
CCCCCCOC(=O)c1c(N)n(-c2ccc(N(CC)CC)cc2)c2nc3ccccc3nc12,21.02,30.34
CCN(CC)c1ccc(C2=C(c3ccc(N(CC)CC)cc3)S[Ni]3(S2)SC(c2ccc(N(CC)CC)cc2)=C(c2ccc(N(CC)CC)cc2)S3)cc1,29.13,40.66
CN(C)c1ccc(/C=C/C=C2\C(=O)N(CCCCl)C(=O)N(C3CCCCC3)C2=O)cc1,18.08,24.85
CN1CCCc2cc(/C=C3\CC/C(=C/c4ccc5c(c4)N(C)CCC5)C3=O)ccc21,22.01,32.43
C=Cc1c(C)c2cc3nc(c4c5[nH]c(cc6nc(cc1[nH]2)C(C)=C6CC)c(C)c5C(=O)[C@@H]4C(=O)OC)[C@@H](CCC(=O)O)[C@@H]3C,59.09,75.15
[H]C(=C=C1C(C)(C)CC(OC(C)=O)CC1(C)O)/C(C)=C/C=C/C(C)=C/C=C/C=C(C)/C=C/C=C(\C)C(=O)CC12OC1(C)CC(O)CC2(C)C,31.99,38.47
CCN(CC)c1ccc2nc3ccc(/N=N/c4ccc(N(C)C)cc4)cc3[n+](-c3ccccc3)c2c1,23.27,36.16
CC[N+]1=C(/C=C/c2ccc(N(C)c3ccc(OC)cc3)cc2)C(C)(C)c2ccc(C(=O)OC)cc21,25.53,31.31
"CC1=CC=C(C)N1C1=CC=C(C=C(C#N)C#N)C=C1 |c:18,t:1,3,8,10|",17.87,24.76
CCCCCCOC(C)c1c(C)c2cc3nc(c4c5[nH]c(cc6nc(cc1[nH]2)C(C)=C6CC)c(C)c5C(=O)C4)[C@@H](CCC(=O)O)[C@@H]3C,35.7,45.42
COC(=O)/C=C(C)/C=C/C=C(C)/C=C/C1=C(C)C(=O)CCC1(C)C,20.5,26.28
Cc1ccc(Nc2ccc(Nc3ccc(C)cc3)c3c2C(=O)c2ccc(S(=O)(=O)O)cc2C3=O)cc1,55.37,76.79
Nc1c(/N=N/c2ccc(-c3ccc(/N=N/c4cc(S(=O)(=O)[O-])c5ccccc5c4N)cc3)cc2)cc(S(=O)(=O)[O-])c2ccccc12.[Na+].[Na+],56.03,82.55
CN(C)c1ccc(/C=C/C=C2\S/C(=N\c3ccccc3)NC2=O)cc1,23.43,35.16
OCC[n+]1ccc(/C2=C3\C=CC(=N3)/C(c3cc[n+](CCO)cc3)=c3/cc/c4n3[Zn]n3c2ccc3/C(c2cc[n+](CCO)cc2)=C2/C=CC(=N2)\C=4c2cc[n+](CCO)cc2)cc1,60.7,81.16
Cc1cc(O)c(C(=O)/C=C/C=C/C=C/c2ccc([N+](=O)[O-])cc2)c(=O)o1,50.02,60.29
O=C1/C(=C\c2ccc(-c3ccc(Cl)c(Cl)c3)o2)C=C(c2ccccc2)N1c1ccc(Nc2ccccc2)cc1,53.12,78.39
CCOC(=O)c1ccc(-c2ccc(C=C3C=C(c4ccccc4)N(c4ccc(Nc5ccccc5)cc4)C3=O)o2)cc1,45.51,64.84
CCN(CC)c1ccc(/N=N/c2cn(C)nc2[N+](=O)[O-])cc1,49.06,68.88
CN(C)/C=C/c1cc(C#N)c(C#N)cc1Br,25.03,34.06
CC1(C)C(C=C2C(=O)C(C=C3Nc4ccccc4C3(C)C)=C2O)=Nc2ccccc21,31.24,38.08
CC[n+]1c(C=C2C=C(C=CN(C)C)c3ccccc3O2)sc2cc(OC)ccc21,20.49,28.17
Cc1cccc(N2C(=O)/C(=C/c3ccc(-c4ccc([N+](=O)[O-])cc4)o3)C=C2c2ccccc2)c1,47.17,65.66
CCOc1ccc(N2C(=O)/C(=C/C(Cl)=C/c3ccc([N+](=O)[O-])cc3)SC2=S)cc1,40.13,49.61
CN1C(=O)/C(=C/C=C/C=C/Nc2ccccc2)OC1=S,31.09,47.97
CC(C)Nc1cc(NCCO)c(N)c2c1C(=O)c1ccccc1C2=O,55.18,72.24
CC(C)(C)C(=O)C(C#N)=Cc1ccc(-c2ccc([N+](=O)[O-])cc2)o1,33.59,45.31
O=C1C(=Cc2ccc(-c3ccc([N+](=O)[O-])cc3)o2)C=C(c2ccccc2)N1Cc1ccccc1,36.85,51.91
CCCCCCCCCCCCCCCCCCN1C(=CC=CC=CC=CC2=[N+](CCCCCCCCCCCCCCCCCC)c3ccccc3C2(C)C)C(C)(C)c2ccccc21.[I-],49.02,68.62
[O-]/[N+](=C\C(c1cc(N2CCOCC2)cc2nonc12)=[N+](\[O-])c1c(Br)cc(F)cc1Br)c1c(Br)cc(F)cc1Br,52.16,64.62
CC1CC(C)(C)N(C)c2ccc(C(c3ccc4c(c3)C(C)CC(C)(C)N4C)=c3ccc4c(c3)C(C)CC(C)(C)[N+]=4C)cc21,13.52,15.14
O=S(=O)([O-])CCC[n+]1c(/C=C/c2ccc(-c3ccc(SC(F)F)cc3)o2)sc2ccccc21,38.18,51.34
CC(C)C1CC(C=Cc2ccc(N(C)C)cc2)=CC(=C(C#N)C#N)C1,14.71,16.73
O=[N+]([O-])c1ccc(-c2cc(C=Cc3ccc(N(CCCl)CCCl)cc3)c3c(ccc4ccccc43)n2)cc1,39.39,55.59
C[N+](C1=CC=CC=C1C=C2)=C2/C=C/C3=CC=C(N(C)C)C=C3Cl.[I-],30.76,50.35
CCN(CCC(=O)OC)c1ccc(N=Nc2snc3ccc([N+](=O)[O-])cc23)cc1,20.8,30.24
CN(C)/C=C/C=C1\c2ccccc2-c2ccc([N+](=O)[O-])cc21,29.02,39.29
C1=C(N2CCOCC2)/C(=C\c2ccc(/C=C3/CCC=C3N3CCOCC3)cc2)CC1,21.71,35.48
C/C(=C\c1ccc(N(C)C)cc1)c1cc(-c2ccccc2)[o+]c2ccccc12,36.81,55.0
Cc1cccc(C2=N/C(=C\c3cc4cc5c6c(c4oc3=O)CCCN6CCC5)C(=O)O2)c1,27.98,38.65
COc1ccc(/C=C2\CCC/C(=C\c3ccc([N+](=O)[O-])cc3)C2=O)cc1,37.4,50.65
CN(/C=C/C=C/C=C(C#N)C#N)C1=CC=CC=C1,13.95,19.39
CN(/C=C/C=C/C=C(C#N)C#N)c1ccccc1,13.95,19.39
COC(=O)c1ccc2c(c1)C(C)(C)C(/C=C/c1ccc(N(C)C)cc1)=[N+]2C,16.82,16.88
[C]Oc1ccc(/[C]=C2\[C][C][C]C(=C(S[C])S[C])C2=O)cc1,43.14,55.25
CCN(CC)c1ccc(C=C2CCC(C=C3N=C(c4ccc(F)cc4)OC3=O)=C2N2CCOCC2)cc1,26.07,32.02
C/C=C/C=C/C=C/C1=CC2=C(Cl)C(=O)C(C)(OC(=O)CC(O)CC(C)O)C(=O)C2=CN1CCCC(=O)O,67.01,69.32
CCN(CC)c1ccc(C=Cc2nc3ccc([N+](=O)[O-])cc3s2)cc1,18.52,24.11
CN(C)c1ccc(N2C(=O)/C(=C/c3ccc(-c4ccc(Br)cc4)o3)C=C2c2ccccc2)cc1,46.07,65.46
CCN1C=CC(=CC=Cc2ccc3ccccc3[n+]2CC)c2ccccc21,20.6,33.16
O=C1c2ccccc2C(=O)c2c(NC3CCCCC3)cccc21,24.58,43.0
O=[N+]([O-])c1ccc(/C=N/c2cc(C(F)(F)F)ccc2N2CCOCC2)s1,42.46,52.68
FC(F)(F)C1=CC=C(N2CCOCC2)C(/N=C/C3=CC=C([N+]([O-])=O)S3)=C1,42.46,52.68
CCN1/C(=C/C=c2/sc(=C3C(=O)c4ccccc4C3=O)n(CC)c2=O)C(C)(C)c2cc(-c3ccccc3)ccc21,30.66,40.38
CCOc1ccc(N(C)c2ccc(C=C3C(=O)c4ccccc4C3=O)cc2)cc1,38.07,54.34
C[N+]1=C(C=Nc2c([O-])cc(N3CCc4ccccc43)c3ccccc23)C(C)(C)c2ccccc21,21.29,32.19
[C]N([C])c1ccc(/[C]=C2/[C][C]C(=C3S[C][C][C]S3)C2=O)cc1,39.36,51.59
Oc1ccccc1C=C1CCCc2c(-c3ccccc3)cc(-c3ccccc3)[o+]c21,41.31,64.64
CCN(CCO)c1ccc(N=Nc2ccc([N+](=O)[O-])cc2Cl)cc1,43.15,55.01
CN(C)c1ccc(/C=C2\CCC/C(=C\c3ccc(N(C)C)cc3Cl)C2=O)c(Cl)c1,27.69,39.09
O=C1/C(CCC/C1=C\C(C=C2)=C(Cl)C=C2N(C)C)=C/C(C=C3)=C(Cl)C=C3N(C)C,27.69,39.09
[C]1[C]C(N2[C][C][C][C]2)=[C]C(=[N+]2[C][C][C][C]2)[C]1,39.3,47.76
ClCc1ccc(-c2c3cc4c5c(c3[o+]c3c6c7c(cc23)CCCN7CCC6)CCCN5CCC4)cc1,29.28,43.53
[C]SC(S[C])=C1[C][C]C(=[C]c2ccc(N([C])[C])cc2)C1=O,38.14,47.97
CCOC(=O)c1ccc(-c2ccc(/C=C3/C=C(c4ccccc4)N(c4ccc(Nc5ccccc5)cc4)C3=O)o2)cc1,47.85,67.98
O=C1N=C(N2CCN(c3ccc(Cl)cc3)CC2)SC1=Cc1ccc(-c2ccc([N+](=O)[O-])cc2)o1,44.6,55.99
O=S(=O)([O-])c1ccc2c(N=Nc3ccc(S(=O)(=O)[O-])c4ccccc34)c(O)c(S(=O)(=O)[O-])cc2c1.[Na+].[Na+].[Na+],59.21,68.9
[C]c1cccc(/[C]=C2\[C][C]C(=C3S[C][C][C]S3)C2=O)c1,39.15,54.07
O=C1/C(=C/C=C/C=C/Nc2ccccc2)SC(=S)N1c1ccccc1,20.2,31.94
O=C1c2ccccc2C(=O)c2c(NC3CCCCC3)ccc(Nc3ccc(Oc4ccccc4)cc3)c21,39.2,59.58
O=[N+]([O-])C1=CC=C2C(C=CC=C3)=C3/C(C2=C1)=C\C=C\N(C)C,29.02,39.29
COc1cc(/C=C/C=C/C=C/C(C)=C/[C@@]2(C)O[C@@H](C)[C@@](C)(O)[C@@H]2O)oc(=O)c1C,54.82,65.58
CN(C)c1ccc(/C=C2\CCC/C(=C\c3ccccc3OC(F)F)C2=O)cc1,25.13,35.77
CC(/C=C/C12OC1(C)CCCC2(C)C)=C\C=C\C(C)=C\C(=O)O,48.59,60.76
COc1ccc(Nc2ccc3c4c(c5cc(C)ccc5nc24)-c2ccccc2C3=O)cc1,46.19,68.9
Cc1cc(C2=C(O)C(c3cc(C)c4cc(C(C)C)ccc(C)c3-4)=C2O)c2c(C)ccc(C(C)C)cc1-2,43.73,61.27
CN(C)c1ccc2c(c1)[Si](C)(C)C1=CC(=[N+](C)C)C=CC1=C2c1cc(C(=O)O)ccc1C(=O)[O-],61.22,75.22
COc1cc(=O)oc(/C=C/C=C/C=C/C=C/[C@@]2(C)O[C@@H](C)[C@@](C)(O)[C@@H]2O)c1C,61.47,73.83
O=C1/C(=C/c2ccc([N+](=O)[O-])cc2)C=C(c2ccccc2)N1c1ccc(Nc2ccccc2)cc1,43.99,64.48
O=C(CCN1C(=O)C(=CC(Cl)=Cc2ccc([N+](=O)[O-])cc2)SC1=S)N1CCOCC1,39.39,43.25
O=C1/C(=C\C=C\C=C\Nc2ccccc2)SC(=S)N1c1ccccc1,19.03,30.38
N#Cc1cc2nc3ccc4ccccc4c3nc2cc1C#N,26.06,47.59
Cc1cccc2nc3c(nc12)-c1ccccc1/C3=N/C1CCCCC1,26.85,43.52
[C]Oc1ccc(/[C]=C2/[C][C]C(=C(S[C])S[C])C2=O)cc1,42.93,55.18
Cc1cccc2nc(-c3ccc([N+](=O)[O-])cc3)c(NC3CCCCC3)n12,19.93,32.82
CC1CC(C)(C)N(C)c2ccc(/C=C3\N=C(c4ccccc4)OC3=O)cc21,16.04,19.95
CN(C)c1ccc(-c2nc3ccccn3c2N=Cc2cccc([N+](=O)[O-])c2)cc1,23.1,38.16
CC(C)(C)CN1C(=CC2=C([O-])/C(=C/C3=[N+](CC(C)(C)C)c4ccccc4C3(C)C)C2=O)C(C)(C)c2ccccc21,28.51,38.29
COc1cc(/C=C/C=C2\CCC/C(=C\C=C\c3ccc(O)c(OC)c3)C2=O)ccc1O,48.7,69.16
CN(c1ccccc1)c1ccc(/C=C2\N=C(c3ccccc3)OC2=O)cc1,26.29,42.0
O=C1/C(=C/c2ccc(-c3ccc([N+](=O)[O-])cc3)o2)C=C(c2ccccc2)N1c1ccc(O)cc1,55.96,79.55
C(=Cc1cc(-c2ccccc2)c2ccccc2[s+]1)C=C1C=C(c2ccccc2)c2ccccc2S1,40.41,61.66
O=[N+]([O-])c1ccc2sc(C=Cc3ccc(-c4ccc(S(=O)(=O)N5CCOCC5)cc4)o3)nc2c1,36.83,43.37
O=C1C(=Cc2ccc(-c3ccc(Br)cc3)o2)C=C(c2ccccc2)N1c1ccc(Nc2ccccc2)cc1,48.2,72.17
[C]N([C])c1ccc([C]=C2[C][C]C(=C3S[C][C]S3)C2=O)cc1,36.19,47.07
CC(/C=C/C=C(\C)C(=O)O)=C\C=C\C=C(C)\C=C\C=C(/C)C(=O)O[C@@H]1O[C@H](CO[C@@H]2O[C@H](CO)[C@@H](O)[C@H](O)[C@H]2O)[C@@H](O)[C@H](O)[C@H]1O,76.48,78.68
CN(C)/C=C/C=C/C=C/C(=O)c1ccc(Br)cc1,17.73,21.68
O=C(/C=C/C=C/C=C/N(C)C)C(C=C1)=CC=C1Br,17.73,21.68
[C]Oc1ccc(/[C]=C2\[C][C][C]C(=C3S[C][C]S3)C2=O)cc1,36.74,49.01
CC[N+]1=C(C=CN(C)C)c2cccc3cccc1c23,11.93,21.69
CN(C)c1ccc(/C=C/C2=CC(=C(C#N)C#N)C=C(c3ccccc3)O2)cc1,26.25,35.35
CN(C)c1ccc(C=Cc2cc(C(C)(C)C)[o+]c3ccccc23)cc1,26.91,43.2
[C](/[C]=[C]/c1c2ccccc2[s+]c2ccccc12)=C1c2ccccc2Sc2ccccc21,43.81,63.86
CCN(CC)c1ccc2c(/C=C/C=C3/Sc4ccccc4N3C)c3ccccc3[o+]c2c1,21.77,33.25
Cn1cccc1/C=C1\CCC/C(=C\c2cccn2C)C1=O,32.48,60.82
O=C1C(=Cc2ccc(-c3ccc(Cl)c(Cl)c3)o2)CCCC1=Cc1ccc(-c2ccc(Cl)c(Cl)c2)o1,56.85,80.09
CN1C(=O)/C(=C/C=C/C=C\Nc2ccccc2)OC1=S,30.61,47.17
CCN1C=C/C(=C/C=c2/s/c(=C3\Sc4ccccc4C3=O)n(CC)c2=O)c2ccccc21,27.51,35.8
O=C1NC(=O)C(=CC(Cl)=Cc2ccc([N+](=O)[O-])cc2)S1,53.45,50.97
CC1=C(/C=C/C(C)=C/C=C/C(C)=C/C(=O)Nc2ccc(O)cc2)C(C)(C)CCC1=O,38.03,50.25
OC[n+]1ccc(/C2=C3\C=CC(=N3)/C(c3cc[n+](CO)cc3)=c3/cc/c4n3[Cu]n3c2ccc3/C(c2cc[n+](CO)cc2)=C2/C=CC(=N2)/C=4c2cc[n+](CO)cc2)cc1,68.06,89.65
CN(C)c1ccc(/C=C(\C#N)c2nc(-c3ccc([N+](=O)[O-])cc3)cs2)cc1,28.8,38.03
CCN(Cc1cccc(S(=O)(=O)[O-])c1)c1ccc(C(=C2C=CC(=[N+](CC)Cc3cccc(S(=O)(=O)[O-])c3)C=C2)c2ccc(O)cc2S(=O)(=O)[O-])cc1.[Na+].[Na+],38.94,47.79
CC(N)=C(C#N)C(=O)COC(=O)c1ccccc1N=Nc1ccc(N(C)C)cc1,21.44,26.11
[C]Oc1ccc(/[C]=C2\[C][C][C]C(=C3S[C][C][C]S3)C2=O)cc1,37.65,50.02
[Na+].[O-]c1ccc(/N=N/c2ccccn2)c(O)c1,60.82,79.4
O=[N+]([O-])c1ccc(/C=N/N=C/c2ccc([N+](=O)[O-])s2)s1,63.96,72.35
O=C1/C(=C\c2ccc(-c3ccc(Br)cc3)o2)C=C(c2ccccc2)N1c1ccc(Nc2ccccc2)cc1,50.61,75.08
C1=Cc2nc1c(-c1cccnc1)c1ccc([nH]1)c(-c1cccnc1)c1nc(c(-c3cccnc3)c3ccc([nH]3)c2-c2cccnc2)C=C1,45.55,68.1
COc1ccc(-c2csc(C(C#N)=CC=Cc3ccc([N+](=O)[O-])cc3)n2)cc1,31.26,41.3
O=C1/C(=C/c2ccccc2)CCC/C1=C\c1ccc([N+](=O)[O-])cc1,31.35,44.84
CCN(CC)c1ccc(C=C2CCC(C=NN=Cc3ccc(Cl)cc3Cl)=C2N2CCOCC2)cc1,28.59,36.62
[C][C]N([C][C])c1ccc2c(-c3ccccc3C([O])=O)c3ccc(=[N+]([C][C])[C][C])cc-3oc2c1,48.88,64.1
O=[N+]([O-])c1cccc(C=C2CCC(C=NN=Cc3ccccc3I)=C2N2CCOCC2)c1,48.92,62.1
Cc1ccc(/C=C2\CCC/C(=C\c3ccc([N+](=O)[O-])cc3)C2=O)cc1,35.0,48.53
CN(C)c1ccc(C=CC2=CC(=Cc3sc4ccccc4[n+]3C)CC(C)(C)C2)cc1,17.37,23.95
CN(C)c1ccc(-c2nc3ccccn3c2/N=C/c2cccc([N+](=O)[O-])c2)cc1,23.59,38.61
CN1C(=O)C(=C/C=C/c2ccc(N(C)C)cc2)C(=O)N(C)C1=S,45.19,63.2
Nc1ccc(-c2ccc(NC3=C([N+](=O)[O-])CS(=O)(=O)C3)cc2)cc1,66.55,85.88
COCCCN1C(=O)N=C(O)/C(=C(O)\C=C\c2ccc(N(C)C)cc2)C1=O,78.62,79.02
O=[N+]([O-])c1ccc(C=C2CCC(C=NNc3ccc(S(=O)(=O)O)cc3)=C2N2CCOCC2)cc1,60.63,70.76
CCCCCCCCCCCCOc1ccc(-c2c3nc(c(-c4cccnc4)c4ccc([nH]4)c(-c4cccnc4)c4nc(c(-c5cccnc5)c5ccc2[nH]5)C=C4)C=C3)cc1OC,54.23,76.49
[C]Oc1cccc(N2[C][C]N(OS(=O)c3ccc4c(c3)C(=C3[C][C][C][C]3)C(=O)N4[C])[C][C]2)c1,53.79,63.98
COc1ccccc1N1C(=O)/C(=C/c2ccc(-c3ccc([N+](=O)[O-])cc3)o2)C=C1c1ccccc1,46.65,63.87
O=S(=O)([O-])c1cc(S(=O)(=O)O)ccc1-c1c2cc3c4c(c2[o+]c2c5c6c(cc12)CCCN6CCC5)CCCN4CCC3,26.52,36.6
O=[N+]([O-])c1ccc(-c2ccc(C=Cc3cc(O)c4ccccc4n3)o2)cc1,45.93,71.16
CCN(CC)c1ccc(-n2c(N)c(C(=O)OC3CCCCC3)c3nc4ccccc4nc32)cc1,20.25,29.82
[C][C]N1C(=[C][C]=C2[C][C][C]C([C]=C(C#N)C#N)=[C]2)Sc2ccccc21,28.34,33.84
Cc1ccc(N2CCN(C3=NC(=O)C(=Cc4ccc(-c5ccc([N+](=O)[O-])cc5)o4)S3)CC2)cc1Cl,40.81,50.22
O=C1c2ccccc2C(=O)c2c1nc1ccc(N3CCOCC3)cc1[n+]2[O-],48.46,58.4
CN1C(=O)/C(=C/c2ccc(-c3ccc(C#N)cc3)o2)SC1=Nc1ccc(N2CCOCC2)cc1,38.03,49.83
CCN1C(=CC=CC=Cc2ccc3ccc4ccoc4c3[n+]2CC)C=Cc2ccc3ccoc3c21,28.21,43.51
CN(C)c1ccc(C=CC=C2SC(=S)N(c3ccccc3)C2=O)cc1,16.19,21.33
CN1C(=CC=CC=CC2=[N+](C)c3ccccc3C2(C)C)C(C)(C)c2ccccc21,13.12,16.21
Cc1cc([N+](=O)[O-])ccc1-c1ccc(C=Cc2ccc3cccc(O)c3n2)o1,48.1,71.49
COc1ccc(N2C(=O)C(=CC=Cc3ccc(N(C)C)cc3)SC2=S)cc1,19.6,24.36
CCC(=Cc1[se]c2ccccc2[n+]1CCCS(=O)(=O)[O-])C=C1Sc2ccc(C)cc2N1CCO,18.98,20.9
O=C1C(Cl)=C(N2CCOCC2)C(=O)C(Cl)=C1c1cnc(N2CCCCC2)s1,36.1,43.59
CN(C)c1ccc(/C=C/C2=[N+](C)CCS2)cc1,11.47,28.51
CN(C)c1ccc(/C=C/C2=CC(=C3C(=O)c4ccccc4C3=O)C=C(c3ccccc3)O2)cc1,40.96,58.39
O=[N+]([O-])c1ccc2nc(C=Cc3ccc(N(c4ccccc4)c4ccccc4)cc3)sc2c1,33.06,50.96
CN(C)c1ccc(C=CC=C(C#N)c2cccc([N+](=O)[O-])c2)cc1,17.96,19.9
CCN1C(=O)/C(=c2\s/c(=C\C=C3\Sc4ccc(-c5ccccc5)cc4N3CC)c(=O)n2CC)SC1=S,21.49,24.39
[C](/[C]=[C]/c1cc(-c2ccccc2)[s+]c2ccccc12)=C1c2ccccc2Sc2ccccc21,50.52,72.76
CCCCCc1ccc(C(=O)Nc2ccc(NCCCC)c3c2C(=O)c2ccccc2C3=O)cc1,29.42,43.34
COc1cccc(N2C(=O)C(=CC=Cc3ccco3)SC2=S)c1,16.32,21.51
CCOc1ccc(N(C)c2ccc(/C=C3/SC(=S)N(CC)C3=O)cc2)cc1,18.74,23.38
CN(C)c1ccc(/C=C/C=C2/SC(=O)N(CC(=O)OC(C)(C)C)C2=O)cc1,27.67,38.59
CN(C)c1ccc(C(/N=C/c2cc([N+](=O)[O-])ccc2O)=C2C=CC(=[N+](C)C)C=C2)cc1,37.61,47.11
O=[N+]([O-])c1ccc2nc3c4ccccc4c4ccccc4c3nc2c1,26.49,44.31
CCCN1C(=CC=CC=CC2=[N+](CCC)c3ccccc3C2(C)C)C(C)(C)c2ccccc21,12.97,15.45
COc1cccc(N2C(=O)/C(=C/C=C/c3ccco3)SC2=S)c1,19.49,26.36
OC[n+]1ccc(/C2=C3\C=CC(=N3)/C(c3cc[n+](CO)cc3)=c3/cc/c4n3[Ni]n3c2ccc3/C(c2cc[n+](CO)cc2)=C2/C=CC(=N2)/C=4c2cc[n+](CO)cc2)cc1,67.91,89.75
[C]N1C(=[C]C2=[C]C(=C(C#N)C#N)[C]C([C])([C])[C]2)Sc2ccccc21,33.58,41.33
CN(C)c1ccc(-c2cccc(-c3ccc(N(C)C)cc3)[o+]2)cc1,19.67,33.08
O=C(O)CCN1C(=O)/C(=C\C(Cl)=C\c2ccc([N+](=O)[O-])cc2)SC1=S,66.91,66.87
COc1cc([N+](=O)[O-])cc(/C=C/C2=[N+](CCO)c3ccccc3C2(C)C)c1[O-],24.3,27.84
CCOC(=O)N1CC(=CC=Cc2ccccc2)C(=O)C(=CC=Cc2ccccc2)C1,19.98,27.4
CCN(CC)c1ccc(-n2c(N)c(C(=O)OCCC(C)C)c3nc4ccccc4nc32)cc1,18.73,26.3
CC(=O)N(/C=C/C=C/c1sc2ccccc2[n+]1C)c1ccccc1,15.68,22.6
CN(C)c1ccc(/C=C2\CCC/C(=C/c3ccncc3)C2=O)cc1,22.36,34.05
CC[N+]1=C(C=CC=CC=C2N(CCCCCC(=O)NCCCN=[N+]=[N-])c3ccc(S(=O)(=O)O)cc3C2(C)C)C(C)(C)c2cc(S(=O)(=O)[O-])ccc21,19.22,21.37
CN(C)c1ccc(N2C(=O)/C(=C/c3ccc([N+](=O)[O-])cc3)C=C2c2ccccc2)cc1,34.61,46.7
CC(C)N(c1ccccc1)c1ccc(NC(=O)C=Cc2cccc([N+](=O)[O-])c2)cc1,23.42,34.11
CCN(CC)c1ccc(N=Nc2ccc([N+](=O)[O-])cc2OC)cc1,21.91,34.6
CN(C)c1ccc(C=CC2=[N+](C)c3cc([N+](=O)[O-])ccc3C2(C)C)cc1,15.34,15.6
CCNc1cc2oc3cc(=[NH+]CC)c4ccccc4c-3nc2cc1C,15.01,29.83
C=CC1=C(C)c2cc3[n-]c(cc4[n-]c(cc5nc(cc1n2)C(C)=C5C=C)c(C)c4CCC(=O)O)c(CCC(=O)O)c3C,66.03,88.96
CN(C)c1ccc(/C=C/C=C2/SC(=S)N(CC(=O)O)C2=O)cc1,75.35,80.44
Cc1cccc(N2CCN(C3=NC(=O)C(=Cc4ccc(-c5ccc([N+](=O)[O-])cc5)o4)S3)CC2)c1,34.17,41.95
Cc1cc(C)c(Nc2ccc(Nc3ccc([N+](=O)[O-])cc3)c3c2C(=O)c2ccccc2C3=O)c(C)c1,47.95,65.62
Cc1ccc(NC(=O)CN2C(=O)S/C(=C\C=C\c3ccc(N(C)C)cc3)C2=O)cc1,33.28,44.15
O=[N+]([O-])c1ccc(C=C2CCC(c3cc(O)ccc3O)=C2N2CCOCC2)cc1,59.98,69.23
O=C1c2cccc(NC3CCCCC3)c2C(=O)c2cccc(NC3CCCCC3)c21,21.27,37.18
COC(=O)CCC1=C(C)/C2=C/c3c(C)c(C(C)OC)c4n3[Co]n3/c(c(C)c(CCC(=O)OC)/c3=C/C1=N2)=C\C1=N/C(=C\4)C(C)=C1C(C)OC,34.76,36.91
O=C1N=C(N2CCN(c3ccc(Cl)cc3)CC2)S/C1=C\c1ccc(-c2ccc([N+](=O)[O-])cc2)o1,46.56,58.61
[C][C]N([C][C])c1ccc2c(-c3ccc(S(=O)O[O-])cc3S(=O)O[O-])c3ccc(=[N+]([C][C])[C][C])cc-3oc2c1,53.88,67.23
[C][C]N1C(=O)C(=[C]c2ccc(N3[C][C][C][C][C]3)cc2)C(=O)N([C][C])C1=S,48.7,51.76
C1=C/C(=N\c2ccc3c(c2)N2CCN=C2S3)C=C2C1=NC13CCCCC1CC1=C(CCCC1)N23,21.38,33.36
COc1ccc(-c2csc(/C(C#N)=C/c3ccc([N+](=O)[O-])cc3)n2)cc1,37.09,49.65
CCC(C)n1cc(/C=C2/C(C)=C(C#N)c3nc(N)c(C#N)c(C)c32)c2ccccc21,43.06,61.38
CC1=C(/C=C/C(=C/C=C/C(C)=C/C(=O)O)c2ccc(C)cc2)C(C)(C)CCC1,39.6,52.71
O=C1/C(=C/c2ccc([N+](=O)[O-])cc2)C=C(c2ccccc2)N1c1ccc(Sc2ccc([N+](=O)[O-])cc2)cc1,47.91,63.85
O=C1/C(=C/c2ccc([N+](=O)[O-])cc2)C=C(c2ccccc2)N1c1ccc(-c2ccccc2)cc1,46.26,66.3
CN1C(=O)/C(=C\c2ccc(-c3ccc(C#N)cc3)o2)S/C1=N\c1ccc(N2CCOCC2)cc1,37.38,49.17
OC[n+]1ccc(/C2=C3\C=CC(=N3)/C(c3cc[n+](CO)cc3)=c3/cc/c4n3[Co]n3c2ccc3/C(c2cc[n+](CO)cc2)=C2/C=CC(=N2)/C=4c2cc[n+](CO)cc2)cc1,68.02,89.51
CNc1ccc(Nc2ccc([N+](=O)[O-])cc2)c2c1C(=O)c1ccccc1C2=O,51.0,68.91
CCN(CC)c1ccc(NC(=O)c2ccc(-c3ccc([N+](=O)[O-])cc3)o2)cc1,29.4,40.76
O=[N+]([O-])c1ccc(-c2ccc(-c3ccc4ccccc4n3)s2)s1,38.44,54.64
Cc1ccc(N2CCN(C3=NC(=O)/C(=C\c4ccc(-c5ccc([N+](=O)[O-])cc5)o4)S3)CC2)cc1,37.18,46.11
N#CC(C#N)=Cc1ccc(N2CCCC2)o1,13.76,22.0
COc1ccc(-c2c3nc(c(-c4ccc(OC)c(OC)c4)c4ccc([nH]4)c(-c4ccc(OC)c(OC)c4)c4nc(c(-c5ccc(OC)c(OC)c5)c5ccc2[nH]5)C=C4)C=C3)cc1OC,60.49,85.92
COC(=O)C1=C(C)N(CCc2ccccc2)C(=O)C1=CC=Cc1ccc(N(C)C)cc1,14.9,13.41
CCN(CC)c1ccc(NC(=O)CSc2ccc3c4c(cccc24)C(=O)c2ccccc2-3)cc1,31.29,45.49
Nc1c(NC2CCCCC2)cc(NCCO)c2c1C(=O)c1ccccc1C2=O,45.18,63.4
Nc1c(N=Nc2ccc(-c3ccc(N=Nc4cc(S(=O)(=O)[O-])c5ccccc5c4N)cc3)cc2)cc(S(=O)(=O)[O-])c2ccccc12.[Na+].[Na+],57.04,83.71
CN(C)c1ccc(/C=C2\N=C(c3cc(C(C)(C)C)cc(C(C)(C)C)c3)OC2=O)cc1,38.23,55.01
C=CC1=C(C)c2cc3[nH]c(c4c5[nH]c(cc6nc(cc1n2)C(C)=C6CC)c(C)c5C(=O)OC4=O)[C@@H](CCC(=O)O)[C@@H]3C,64.91,79.33
CN(C)c1ccc(/C=C/c2ccc3ccccc3[n+]2C)c(Cl)c1,24.46,41.36
Cc1ccc(Nc2ccc(N)c3c2C(=O)c2ccccc2C3=O)cc1,47.04,74.54
CCCN1/C(=C/C=C/C=C/c2oc3ccccc3[n+]2CCC)Oc2ccccc21,20.58,28.45
CCN(CC)c1ccc2c(/C=C/C=C3\N(C)c4ccccc4C3(C)C)c3ccccc3[o+]c2c1,20.86,30.45
CN(c1ccccc1)c1ccc(/C=C2\C(=O)ON=C2c2ccc([N+](=O)[O-])cc2)cc1,47.13,63.35
[C]Oc1cccc(N([C]=O)C(=O)[C]2[C]([C])[C]3[C]=[C][C]2C3=C2[C][C][C][C]2)c1,42.4,53.38
CN(C)c1ccc(-n2nc3cc(C(F)(F)F)ccc3nc2=O)cc1,39.52,59.48
O=C1/C(=C/c2ccc(-c3ccc([N+](=O)[O-])cc3)o2)C=C(c2ccccc2)N1c1ccc2ccccc2c1,49.46,70.2
CCN(CC)c1ccc(N2C(=O)/C(=C\c3ccc(-c4cc(C(=O)O)ccc4Cl)o3)SC2=S)cc1,60.2,79.1
COc1cc(N(C)C)c(OC)cc1C=C1C=CC=C1,16.37,38.49
O=C(O)c1c2c(nc3ccccc13)C(=Cc1ccc(-c3ccc([N+](=O)[O-])cc3Br)o1)CC2,63.91,87.1
CN(C)c1ccc2nc3c(nc2c1)C(=O)c1ccccc1C3=O,32.31,50.56
[C][C][C][C][C][C][C][C][C][C][C][C][C][C][C][C]SC1=C(C(=O)O[C])SC(=C2C(=O)[C][C][C]C2=O)S1,44.54,50.03
Cc1ccc(Nc2ccc(Nc3ccc(C)cc3[N+](=O)[O-])c3c2C(=O)c2ccccc2C3=O)cc1,49.97,69.68
COc1ccc(CN2C(=O)C(=CC=Cc3ccco3)SC2=S)cc1,13.62,15.92
COc1cccc(N2C(=O)C(=Cc3ccc([N+](=O)[O-])cc3)C=C2c2ccccc2)c1,38.64,52.35
O.O.O.[Cl-].CN(C)c1ccc2nc3ccc(cc3[s+]c2c1)N(C)C,32.54,52.01
CCOc1ccc(N2C(=O)C(=CC=Cc3ccco3)SC2=S)cc1,18.76,23.84
N#CC(C#N)=Cc1ccc([N+](=O)[O-])s1,27.65,31.37
O=[N+]([O-])C1=CC=C(C=C(C#N)C#N)S1,27.65,31.37
O=C(O)CCNc1ccc(NCCC(=O)O)c2c1C(=O)c1ccccc1C2=O,83.24,87.56
CN(CCO)c1ccc(/C=C(/C#N)c2ccc(C#N)cc2)cc1,24.44,33.87
CCOc1ccc2c(c1)S/C(=C\C=c1\s/c(=C3/SC(=S)N(CC)C3=O)n(CC)c1=O)N2C,19.62,19.9
CCOC=C(C)C=CC1=CC(=Cc2sc3ccccc3[n+]2CC)CC(C)(C)C1,15.92,17.75
[O-]/[N+](=C\C(c1cc(N2CCOCC2)c2nonc2c1)=[N+](\[O-])c1c(Br)cc(F)cc1Br)c1c(Br)cc(F)cc1Br,52.12,64.36
O=C1C(=Cc2ccc(-c3ccc([N+](=O)[O-])cc3)o2)C=C(c2ccccc2)N1c1ccc(Cl)cc1,52.7,73.3
CCCCCCc1ccc(C(=O)Nc2ccc(NCCCC)c3c2C(=O)c2ccccc2C3=O)cc1,28.82,42.75
[C][C]Oc1ccc2c(c1)C(=N[N]c1ccc([N+](=O)[O-])cc1)c1cc(O[C][C])ccc1-2,50.69,68.08
CCN(CC)c1ccc(-n2c(N)c(C(=O)NC3CCCC3)c3nc4ccccc4nc32)cc1,23.98,41.25
[C][C][n+]1c(/[C]=[C]/[C]=C2[C][C][C][C][C]2)sc2cccc(/[C]=[C]/N([C])c3cccc([C])c3[C])c21,44.32,57.53
CCC(/C=C1\[Se]c2ccc(OC)cc2N1CCCS(=O)(=O)[O-])=C\c1[se]c2ccc(OC)cc2[n+]1CC,25.94,30.91
O=C1C(=Cc2ccc(-c3ccc([N+](=O)[O-])cc3)o2)C=C(c2ccccc2)N1c1cccc2ccccc12,46.48,66.21
OC[n+]1ccc(/C2=C3\C=CC(=N3)/C(c3cc[n+](CO)cc3)=c3/cc/c4n3[Cu]n3c2ccc3/C(c2cc[n+](CO)cc2)=C2/C=CC(=N2)\C=4c2cc[n+](CO)cc2)cc1,68.21,90.08
"CN(C)C1=CC=C(\C=C\C=[N+]2/OC(=O)[C-](C2=O)C2=NC=C(C=C2Cl)C(F)(F)F)C=C1 |c:20,22,30,t:3,5,18|",48.3,62.4
CC(C)(C)C1=CC(=CC=Cc2cc(C(C)(C)C)[o+]c3ccccc23)c2ccccc2O1,41.93,62.13
CN(C)c1ccc(/C=C/C=C2\SC(=O)N(c3ccc(Cl)cc3)C2=O)cc1,36.05,47.43
CN1/C(=C/C=C/c2cc(C(C)(C)C)cc(C(C)(C)C)[n+]2C)C(C)(C)c2ccccc21,26.5,38.0
CCN1C(=CC=C(C=CC2=[N+](CC)c3ccccc3C2(C)C)CCCO)C(C)(C)c2ccccc21,14.1,15.04
O=[N+]([O-])c1ccc(C=C(Cl)C=C2SC(=S)N=C2O)cc1,54.88,58.23
COc1ccc(-c2c(N)n(O)c3cc(C#N)c(C#N)cc23)cc1,54.67,77.92
O=C1C(=Cc2ccc(-c3ccc([N+](=O)[O-])cc3)o2)C=C(c2ccccc2)N1c1ccc(Br)cc1,53.72,73.2
CCn1c(=C2C(=O)c3ccccc3C2=O)s/c(=C/C=C2/N(C)c3ccc(-c4ccccc4)cc3C2(C)C)c1=O,31.98,41.89
OC[n+]1ccc(/C2=C3\C=CC(=N3)/C(c3cc[n+](CO)cc3)=c3/cc/c4n3[Co]n3c2ccc3/C(c2cc[n+](CO)cc2)=C2/C=CC(=N2)\C=4c2cc[n+](CO)cc2)cc1,68.17,89.94
[C](/[C]=[C]/c1c2ccccc2[o+]c2ccccc12)=C1c2ccccc2[Se]c2ccccc21,44.39,65.97
CC1(C)C(=CC=C2C(=O)c3ccccc3C2=C(C#N)C#N)N2CCCc3cccc1c32,29.2,37.64
CCN(CC)C(=O)/C=C/c1ccc(-c2ccc([N+](=O)[O-])cc2)o1,24.8,34.03
CC(=O)Nc1ccc(N2C(=O)/C(=C/c3ccc([N+](=O)[O-])cc3)C=C2c2ccccc2)cc1,48.9,66.74
Nc1ccc(/C=C/c2ccc([N+](=O)[O-])cc2)cc1,31.65,54.0
CCN(CCO)c1ccc(/N=N/c2ccc([N+](=O)[O-])cc2Cl)cc1,41.34,53.43
O=[N+]([O-])c1ccc2c(c1)Oc1cc3c(cc1=N2)Oc1cc([N+](=O)[O-])ccc1N=3,42.83,58.45
CN(C)c1ccc(/C=C2/CCC/C(=C\c3c(Cl)cccc3Cl)C2=O)cc1,36.04,51.49
CC1CCCCN1c1ccc(C=C(C#N)C#N)o1,13.12,22.59
CCN(CC)c1ccc2c(/C=C/C=C3/Sc4ccccc4N3C)c3ccc(OC)cc3[o+]c2c1,23.81,34.6
Cc1[nH]c2ccccc2c1/C=C/C1=[N+](C)c2ccccc2C1(C)C,16.86,25.36
CCN(CC)c1ccc(C=C2CCC(C=NN=Cc3ccccc3Cl)=C2N2CCOCC2)cc1,22.25,27.95
O=C1N=C(N2CCN(c3ccccc3)CC2)SC1=Cc1ccc(-c2ccc([N+](=O)[O-])cc2)o1,35.79,44.27
CC(C)Nc1cc(N(C)C)c(N)c2c1C(=O)c1ccccc1C2=O,30.18,44.97
"CN(C)C1=CC=C(\C=C(/C#N)C2=CC=C(S2)C(=O)C2=C(F)C=CC=C2)C=C1 |c:13,19,22,24,27,t:3,5,11|",25.11,32.22
CC(C)(C)/[N+]([O-])=C/c1ccc(S(=O)(=O)[O-])cc1S(=O)(=O)[O-].[Na+].[Na+],49.7,61.64
CC[n+]1c(C=C2C=C(C=C3Sc4ccccc4N3CCCS(=O)(=O)[O-])CC(C)(C)C2)sc2ccccc21,15.26,16.19
N#C/C(=C/c1ccc(N2CCOCC2)cc1)c1ccc([N+](=O)[O-])cc1,34.59,43.71
Cn1cccc1/C=C1\CC/C(=C\c2cccn2C)C1=O,41.96,72.81
O=C1/C(=C/c2ccc(-c3cc(Cl)ccc3Cl)o2)C=C(c2ccccc2)N1c1ccc(Nc2ccccc2)cc1,52.06,77.09
CCOc1ccc2c(c1)S/C(=C\C=c1\s/c(=C3\SC(=S)N(CC)C3=O)n(CC)c1=O)N2C,20.78,21.06
CCCCCCCCCCCCCCCCCC[N+]1=C(/C=N/c2c([O-])ccc3ncccc23)C(C)(C)c2ccccc21,22.96,32.93
CC(C)CN1C(=O)C(=Cc2ccc(-c3ccc([N+](=O)[O-])cc3)o2)SC1=S,24.06,27.38
CCN1C(=O)C(=CC=C2Sc3ccc(-c4cccs4)cc3N2CC)SC1=S,15.08,16.76
O=C1C(=Cc2ccc(-c3ccc([N+](=O)[O-])cc3)o2)c2ccccc2N1c1ccccc1,46.81,66.08
CN(C)c1ccc(/C=C/c2ccc3ccccc3[n+]2C)c(Cl)c1.[I-],30.76,50.35
Cc1ccc(C(=O)/C=C/C=C/C=C/N(C)C)cc1,14.17,22.8
O=C(/C=C/C=C/C=C/N(C)C)C(C=C1)=CC=C1C,14.17,22.8
CCCCC1=C(C)/C2=C(\c3ccccc3OC)c3c(C)c(CCCC)c4n3[Zn]n3/c(c(CCCC)c(C)/c3=C(\c3ccccc3OC)C3=N/C(=C\4)C(CCCC)=C3C)=C\C1=N2,59.32,81.34
N#CC(C#N)=C1[C]=C([C]=[C]c2cc3c4c(c2)[C][C][C]N4[C][C][C]3)Oc2ccccc21,39.12,51.37
[C]N([C])c1ccc([C]=[C][C]=[C]C2=[C]C(=C(C#N)C#N)c3ccccc3O2)cc1,28.26,35.04
CCN(CC)c1ccc(C=C2C(=O)c3ccccc3C2=O)o1,22.39,30.37
CN(C)c1ccc(/C=N/n2c(N)c(C(=O)NC3CCCC3)c3nc4ccccc4nc32)cc1,34.51,59.25
CC(C)Nc1cc(N(C)CCO)c(N)c2c1C(=O)c1ccccc1C2=O,47.12,61.53
CCn1c2ccccc2c2cc(C=NN=CC3=C(N4CCOCC4)C(=Cc4ccc([N+](=O)[O-])cc4)CC3)ccc21,35.4,45.29
C(/C=C/c1c2ccccc2[s+]c2ccccc12)=C1c2ccccc2Oc2ccccc21,43.6,66.58
[C][C]N([C][C])C1=[C]C(=[N+]2[C][C][C][C]2)[C]C([C])([C])[C]1,41.21,48.96
O=C1/C(=C/c2ccc(-c3ccc([N+](=O)[O-])cc3)o2)C=C(c2ccccc2)N1c1cccc2ccccc12,48.32,68.55
C=CC1=C(C)C2=NC1=CC1=NC(=CC3=NC(=CC4=NC(=C2)C2=CC=C(C(=O)OC)[C@@H](C(=O)OC)[C@]24C)C(C)=C3CCC(=O)O)C(CCC(=O)OC)=C1C,59.87,71.0
CCN(CC)c1ccc(C=C2CCC(C=NN=Cc3ccccc3)=C2N2CCOCC2)cc1,18.34,24.24
[C][C]N1C(=O)C(=[C]c2c([C])c3cc4c5c(c3oc2=O)[C][C][C]N5[C][C][C]4)C(=O)N([C][C])C1=S,53.09,60.45
CCN(CC)c1ccc(/C=C2\CCc3ccc([N+](=O)[O-])cc3C2=O)cc1,22.45,30.54
COc1ccc(N2C(=O)/C(=C/c3ccc(-c4ccc([N+](=O)[O-])cc4)o3)NC2=S)cc1,47.76,58.34
CCN1C(=CC2=CC(=C3C(=O)c4ccccc4C3=O)CCC2)N(CC)c2ccccc21,20.47,26.99
CN(C)c1ccc(-n2nc3cc4c(cc3n2)C(=O)c2ccccc2C4=O)cc1,41.19,55.27
CCCCNc1cc(NCCO)c(N)c2c1C(=O)c1ccccc1C2=O,38.2,54.62
COC(=O)c1ccc2c(c1)C(C)(C)C(/C=C/c1ccc(OC)c(OC)c1OC)=[N+]2C,22.92,24.24
CCN1C(=O)/C(=c2/s/c(=C\C=C3\Sc4ccc(-c5ccccc5)cc4N3CC)c(=O)n2CC)SC1=S,22.8,26.29
"COC1=CC=C2OCC(C=C3C(=O)C4=CC=CC=C4C3=O)=CC2=C1 |c:15,17,22,25,t:2,4,13|",38.22,52.72
OC[n+]1ccc(/C2=C3\C=CC(=N3)/C(c3cc[n+](CO)cc3)=c3/cc/c4n3[Ni]n3c2ccc3/C(c2cc[n+](CO)cc2)=C2/C=CC(=N2)\C=4c2cc[n+](CO)cc2)cc1,68.06,90.17
N#CC(C#N)=C(C#N)c1ccc(N(c2ccccc2)c2ccccc2)cc1,21.48,30.95
CCN(CC)c1ccc(N2C(=O)/C(=C/C=C/c3ccccc3)SC2=S)cc1,17.54,22.56
[C][C]N1C(=O)C(=[C]c2cccn2-c2ccc(N([C])[C])cc2)C(=O)N([C][C])C1=S,38.36,39.87
[C]Oc1ccc(/[C]=C2/[C][C][C][C]C(=C(S[C])S[C])C2=O)cc1,45.13,57.38
O=[N+]([O-])c1ccc(/C=N/c2ccc(N3CCOCC3)cc2)s1,36.95,50.63
CC(C)(C)C1=CC(=CC2=C([S-])/C(=C/c3cc(C(C)(C)C)[o+]c(C(C)(C)C)c3)C2=S)C=C(C(C)(C)C)O1,49.8,69.3
O=C1C(=Cc2ccc(-c3ccc([N+](=O)[O-])cc3)o2)C=C(c2ccccc2)N1c1cccc(Br)c1,52.81,71.83
CN(C)c1ccc(/N=N/c2ccccc2C(=O)O)cc1,70.34,85.45
[C]Oc1ccc(/[C]=C2/[C][C][C]C(=C(S[C])S[C])C2=O)cc1,44.09,56.34
Cc1cc2c(cc1C)-c1nc3ccccc3cc1/C2=N\C1CCCCC1,33.97,52.15
CN1C(=CC=C(C=CC2=[N+](C)c3ccccc3C2(C)C)CCCO)C(C)(C)c2ccccc21,14.28,14.15
[C]N1/C(=[C]/[C]=[C]/[C]=[C]/[C]=C(C#N)C#N)C([C])([C])c2ccccc21,26.05,29.94
CCOc1cc(N2CCOCC2)c(OCC)cc1/N=C/c1ccc([N+](=O)[O-])o1,25.84,36.77
O=c1ccc2c(o1)/C(=C\C=C(Cl)Cl)CC2,31.28,44.93
[C]N1C(=O)C(=C2[C][C][C][C]2)c2cc(S(=O)ON3[C][C]N(c4ccc(Cl)cc4)[C][C]3)ccc21,54.27,67.13
C[N+]1=C(C=CC=C2)C2=CC=C1/C=C/C3=CC=C(N(CCC#N)C)C=C3.[I-],22.87,32.54
Cn1/c(=C\C=C\c2c3sc(-c4ccccc4)c([O-])[n+]3c3ccccc3[n+]2C)c2cccc3cccc1c32,40.49,58.4
CN(C)c1ccc(/C=C/C=c2\sc3nc4ccccc4n3c2=O)cc1,19.23,33.72
CCCCCCCCCCCCn1c2c(c(=[NH2+])c3c1CCC3)CCCC2,13.75,27.49
COc1cc(C=C2CCC(=Cc3cc(OC)c(OC(C)C)cc3Br)C2=O)c(Br)cc1OC(C)C,39.85,49.63
[C][C][C]Oc1ccc2c(c1)C(=N[N]c1ccc([N+](=O)[O-])cc1)c1cc(O[C][C][C])ccc1-2,50.96,67.6
CC1N(C)c2ccc(C=Cc3cc[n+](CCCS(=O)(=O)[O-])cc3)cc2C1(C)C,12.37,15.12
CCCCCCCCCCCCCCCCCCN1/C(=C/C=C/C=C/C2=[N+](CCCCCCCCCCCCCCCCCC)c3ccccc3C2(C)C)C(C)(C)c2ccccc21.[O-][Cl+3]([O-])([O-])[O-],55.82,77.47
N#CC(C#N)=Cc1ccc(-c2ccc([N+](=O)[O-])cc2)o1,28.09,36.02
CCN(CCC#N)c1ccc(/N=N/c2ccc([N+](=O)[O-])cc2)cc1,24.23,38.27
CCN1C(=O)C(=Cc2ccc(-c3ccc(C#N)cc3)o2)C(=O)N(CC)C1=S,33.99,43.37
[C]Oc1ccc([C]=C2[C][C][C]C(=C3S[C][C]S3)C2=O)cc1,35.53,46.48
COCCNc1cc(NC(C)C)c(N)c2c1C(=O)c1ccccc1C2=O,25.64,36.87
COC(=O)c1ccc2c(c1)C(C)(C)C(/C=C/c1cc(O)ccc1O)=[N+]2C,43.13,55.74
COc1ccc(-c2csc(/C(C#N)=C3\C=CC=CN3C)n2)cc1,20.49,23.78
[C]C1([C])/C(=[C]\[C]=C2/C(=O)c3ccccc3C2=C(C#N)C#N)N2[C][C][C]c3cccc1c32,48.13,61.82
CCN(CC)c1ccc(C=C2CCC(C=NN=Cc3ccccc3C(F)(F)F)=C2N2CCOCC2)cc1,29.35,37.87
[C]Oc1ccc([C]2[N]C(=S)[N]C3=C2[C][C][C]C3=C2S[C][C]S2)cc1,34.84,44.79
O=C(O)CCCN1C(=O)/C(=C\C(Cl)=C/c2ccc([N+](=O)[O-])cc2)SC1=S,62.71,65.13
O=C1N=C(N2CCN(c3cccc(Cl)c3)CC2)SC1=Cc1ccc(-c2ccc([N+](=O)[O-])cc2)o1,42.95,53.67
Cc1ccc(Nc2ccc(NC(=O)c3ccccc3)c3c2C(=O)c2ccccc2C3=O)cc1,48.12,71.15
COc1ccc(N2C(=O)C(=Cc3ccc(-c4ccc(Br)cc4)o3)C=C2c2ccccc2)cc1,49.23,69.71
CN(C)c1ccc(/C=C2\CC[n+]3c2sc2ccccc23)cc1,17.37,29.64
[C]OC(=O)c1ccccc1-c1c2ccc(=[N+]([C])[C])cc-2oc2cc(N([C])[C])ccc12,42.0,53.64
CCOc1ccc2c(c1)[N+](C)=C(/C=C/c1ccc(C(=O)OC)cc1)C2(C)C,22.83,27.26
COc1ccc(CN2C(=O)/C(=C/C=C/c3ccco3)SC2=S)cc1,16.24,19.81
[C]1[C][C]C(=C2[C][C]c3cc4c(nc32)/C(=[C]/c2ccccc2)[C][C]4)[C]1,37.31,58.89
C1=Cc2nc1c(-c1ccccc1)c1ccc([nH]1)c(-c1ccccc1)c1nc(c(-c3ccccc3)c3ccc([nH]3)c2-c2ccccc2)C=C1,50.75,76.19
[C]Oc1ccc([C]=C2[C][C]C(=C3S[C][C][C]S3)C2=O)cc1,35.62,46.59
C=CCN1C(=O)/C(=C/C=C2/C=CN(CC)c3ccccc32)SC1=S,19.8,23.54
COc1ccc(Nc2ccc(N)c3c2C(=O)c2c([N+](=O)[O-])ccc(O)c2C3=O)cc1,66.04,86.88
CN1C(=O)C(=CC=Cc2ccc([N+](=O)[O-])cc2)SC1=S,41.09,45.17
[C](/[C]=[C]/c1cc(-c2ccccc2)[s+]c(-c2ccccc2)c1)=C1c2ccccc2Sc2ccccc21,55.08,78.85
CN1/C(=C\C=C\c2ccc(/N=N/c3ccccc3)cc2)C(C)(C)c2ccccc21,21.82,35.01
O=C1C(=Cc2ccc([N+](=O)[O-])cc2)C=C(c2ccccc2)N1c1ccc(Sc2ccc([N+](=O)[O-])cc2)cc1,46.71,62.22
C1=C(c2ccccc2)Oc2ccccc2/C1=C\C=C1/C=C(c2ccccc2)Oc2ccccc21,47.11,71.64
[C]Oc1ccc([C]=C2[C][C][C]C(=C3S[C][C][C]S3)C2=O)cc1,36.55,47.8
N/N=C1/c2ccccc2-c2nc3ccccc3nc21,28.43,56.21
CCCCN(CCCC)c1ccc2nc3ccc(N(CCCC)CCCC)cc3[s+]c2c1.O=C[O-],14.84,21.3
CN(C)c1ccc(/C=C/C(O)=C2/C(=O)N(c3ccccc3Cl)C(=O)N=C2O)cc1,73.6,81.31
[C][C]N([C][C])c1ccc2c(-c3ccc(S(=O)(=O)[O-])cc3S(=O)(=O)[O-])c3ccc(=[N+]([C][C])[C][C])cc-3oc2c1,49.15,61.87
COc1ccc(NC(=O)C=Cc2ccc(-c3ccc([N+](=O)[O-])cc3)o2)cc1,33.33,46.72
CC12CCC(C/C1=N\N=C1/NC(=O)/C(=C\C=C\c3ccc([N+](=O)[O-])cc3)S1)C2(C)C,41.53,52.21
CCCCCCCCCCCCCCCCCCNc1ccc2c(c1)C(=O)c1cc([N+](=O)[O-])ccc1-2,25.64,40.23
O=C1C(=Cc2ccc(-c3ccc([N+](=O)[O-])cc3)o2)C=C(c2ccccc2)N1c1ccccc1,44.77,63.43
CCN(CC)c1ccc2c(/C=C/c3ccc(N(C)C)cc3)c3ccccc3[o+]c2c1,20.97,32.73
O=C1/C(=C/c2ccc(-c3ccc([N+](=O)[O-])cc3)o2)C=C(c2ccccc2)N1c1ccc(Cl)cc1,54.19,75.24
O=C1C(=Cc2ccc(-c3ccc([N+](=O)[O-])cc3)o2)C=C(c2ccccc2)N1c1ccccc1Cl,49.87,69.2
CCN(CC)c1ccc(C=C2CCC(C=NNS(=O)(=O)c3ccccc3)=C2N2CCOCC2)cc1,14.2,18.4
O=[N+]([O-])c1ccc(-c2ccc(/C=C/c3ccc4cccc(O)c4n3)o2)cc1,49.19,75.66
CC(C)(C)c1ccc(Oc2cc(N3CCCCC3)cc3c2C(=O)c2ccccc2C3=O)cc1,40.34,57.56
[O-][N+]1=c2ccc(Nc3ccccc3)cc2=NC12CCCCC2,14.63,31.05
CN(C)c1ccc(/C=N/n2c(N)c(C(=O)NC3CCCCC3)c3nc4ccccc4nc32)cc1,31.59,54.43
[C]c1c([C]=C2C(=O)N([C])C(=S)N([C])C2=O)c(=O)oc2c3c4c(cc12)[C][C][C]N4[C][C][C]3,54.54,60.93
CN(C)c1ccc(/C=N/n2c(S)nnc2C(F)(F)F)cc1,47.27,61.29
CNc1ccc(Sc2ccc(C(C)(C)C)cc2)c2c1C(=O)c1ccccc1C2=O,42.03,59.63
C=Cc1c(C)c2cc3nc(c4c5[nH]c(cc6nc(cc1[nH]2)C(C)=C6CC)c(C)c5C(=O)OC4=O)C(CCC(=O)O)C3C,62.55,76.96
CC1N(C)c2ccc(/C=C/c3sc4ccccc4[n+]3C)cc2C1(C)C,14.48,19.65
CCN1C(=O)/C(=C/C=C(/C=C2/Sc3ccccc3N2CC)c2ccccc2)SC1=S,19.35,22.07
C=CC1=C(C)c2cc3[nH]c(cc4nc(cc5[nH]c(cc1n2)c(C)c5CCC(=O)O)C(CCC(=O)O)=C4C)c(C)c3C=C,68.34,86.47
C=CC1=C(C)c2cc3[nH]c(cc4nc(cc5[nH]c(cc1n2)c(C)c5C=C)C(C)=C4CCC(=O)O)c(CCC(=O)O)c3C,68.34,86.47
O=c1ccc2[n+]([O-])c3ccc([O-])cc3oc-2c1,41.79,57.91
O=C1C(=Cc2ccc(-c3ccc([N+](=O)[O-])cc3)o2)C=C(c2ccccc2)N1c1cccnc1,44.88,62.48
O=C1/C(=C/c2ccc(-c3ccc([N+](=O)[O-])cc3)o2)C=C(c2ccccc2)N1c1ccc(Br)cc1,54.89,74.85
CCCCCCCCCCCCCc1ncc(-c2c3nc(c(-c4cccnc4)c4ccc([nH]4)c(-c4cccnc4)c4nc(c(-c5cccnc5)c5ccc2[nH]5)C=C4)C=C3)cc1OC,51.88,72.84
O=C(O)c1ccccc1-c1c2cc3c4c(c2[o+]c2c5c6c(cc12)CCCN6CCC5)CCCN4CCC3,36.94,54.85
O=C1c2ccccc2C(=O)c2c(NCCOCCNc3cccc4c3C(=O)c3ccccc3C4=O)cccc21,37.65,50.7
COc1ccc(N2C(=O)/C(=C\c3ccc(-c4ccc(Br)cc4)o3)C=C2c2ccccc2)cc1,51.91,73.39
O=C1/C(=C/c2ccc(-c3ccc([N+](=O)[O-])cc3)o2)C=C(c2ccccc2)N1c1ccccc1Cl,51.53,71.31
CCN(CC)c1ccc(/C=C/c2nc3ccc([N+](=O)[O-])cc3s2)cc1,20.74,27.9
CCN(CC)c1ccc(C(=C2C=CC(=[N+](CC)CC)C=C2)c2cc(S(=O)(=O)[O-])ccc2S(=O)(=O)[O-])cc1.[Na+],21.48,26.35
CC(C)(C)C1=CC(=CC2=C([O-])/C(=C/c3cc(C(C)(C)C)[o+]c(C(C)(C)C)c3)C2=O)C=C(C(C)(C)C)O1,48.98,68.37
Cc1cc(C=C(C#N)C#N)c(C)n1-c1ccc(N(C)C)cc1,16.33,23.78
CC(C)CNc1cc(NC(C)C)c2c(c1N)C(=O)c1ccccc1C2=O,23.55,34.63
O=[N+]([O-])c1ccc(C=Cc2nc3c(Oc4ccccc4)cccc3c3c2CCS3)cc1,35.83,51.72
O=C1C(=Cc2ccc(-c3cccc(C(F)(F)F)c3)o2)CCCC1=Cc1ccc(-c2cccc(C(F)(F)F)c2)o1,59.1,84.94
CN(C)c1ccc(/C=C/C=C/c2sc3ccccc3[n+]2C)cc1,17.02,28.68
Cc1ccc(NC(=O)c2c(N)n(/N=C/c3ccc(N(C)C)cc3)c3nc4ccccc4nc23)cc1,33.02,58.12
[C][n+]1c(/[C]=[C]/[C]=C2c3ccccc3Oc3ccccc32)sc2ccccc21,42.38,59.53
CC1N(C)c2ccc(C=Cc3ccc4ccccc4[n+]3C)cc2C1(C)C,15.76,23.58
CCN1C(=O)/C(=c2\s/c(=C\C=C3\Sc4ccc(OC)cc4N3CC)c(=O)n2CC)SC1=S,17.94,17.91
Cc1cc(/C(=C2/C=CC(=N)C(S(=O)(=O)[O-])=C2)c2ccc(N)c(S(=O)(=O)O)c2)cc(S(=O)(=O)[O-])c1N.[Na+].[Na+],75.77,87.17
O=C1C(Cl)=C(N2CCCCC2)C(=O)C(Cl)=C1C=CN1CCCCC1,27.99,47.07
CCN(CC)c1ccc2c(/C=C/C=C3\N(C)c4ccccc4C3(C)C)c3ccc(OC)cc3[o+]c2c1,23.04,32.29
Cc1nc2ccccc2[n+](C)c1/C=C/c1ccc(N(C)C)cc1,16.38,28.83
Cc1ccc(-c2c3nc(c(-c4ccc(C)cc4)c4ccc([nH]4)c(-c4ccc(C)cc4)c4nc(c(-c5ccc(C)cc5)c5ccc2[nH]5)C=C4)C=C3)cc1,56.82,82.66
[C]=[C][C]N1C(=[C][C]=[C][C]=[C][C]=C(C#N)C#N)[C]=[C]c2ccccc21,23.43,26.22
CN(c1ccc(C(C)(C)C)cc1)c1ccc2c(c1O)C(=O)c1ccccc1C2=O,48.01,68.27
CC[NH+](CC)CCOc1ccc2c(c1)C(=O)c1cc(O)ccc1-2,37.2,58.08
[Na+].[Na+].Oc1cc2ccc(cc2cc1S([O-])(=O)=O)S([O-])(=O)=O,76.19,86.11
CCOC(=O)c1ccc(-c2ccc(/C=C3\C=C(c4ccccc4)N(c4ccc(Nc5ccccc5)cc4)C3=O)o2)cc1,46.75,66.55
O=C([O-])CCCCCCCCCCc1ccc2n1[B-](F)(F)[N+]1=C(C=CC=Cc3ccccc3)C=CC1=C2.[H+],21.39,25.82
C=CC1=C(C)c2cc3[nH]c(cc4nc(cc5[nH]c(cc1n2)c(C)c5C=C)C(C)=C4CCC(=O)OC)c(CCC(=O)OC)c3C,37.36,44.88
CN(C)c1ccc(C=C2C=C(C(C)(C)C)C(=O)C(C(C)(C)C)=C2)cc1,30.35,47.56
CN(C)c1ccc(/C=C/c2cc(-c3cccs3)[o+]c(-c3cccs3)c2)cc1,45.46,65.47
CC(C)(C)c1ccc(Nc2ccc3c(c2O)C(=O)c2ccccc2C3=O)cc1,52.98,77.07
Cc1ccc(N2CCN(C3=NC(=O)C(=Cc4ccc(-c5cccc([N+](=O)[O-])c5)o4)S3)CC2)cc1,34.35,42.14
CCN1C(=O)/C(=C/C=C2/C=CN(CC)c3ccccc32)SC1=S,16.5,19.06
COc1ccccc1N1C(=O)N=C(O)/C(=C(O)\C=C\c2ccc(N(C)C)cc2)C1=O,74.94,81.1
CCCCNc1cc(NC2CCCCC2)c2c3c(onc13)-c1ccccc1C2=O,18.65,29.42
COC(=O)c1ccc(C=C2CN(C)CC(=Cc3ccc(C(=O)OC)cc3)C2=O)cc1,30.85,33.18
[C](/[C]=[C]/c1c2ccccc2[s+]c2ccccc12)=C1c2ccccc2Oc2ccccc21,44.94,65.94
[C]Oc1ccc([C]2[N]C(=S)[N]C3=C2[C][C][C]C3=C2S[C][C][C]S2)cc1,35.79,45.92
C[n+]1c(/C=C/c2cc3c4c(c2)CCCN4CCC3)sc2ccccc21,18.14,30.02
CNc1ccc(NC)c2c1C(=O)c1ccccc1C2=O,37.69,56.92
CNc1ccc(NC)c2C(=O)c3ccccc3C(=O)c12,37.69,56.92
[C]N([C])c1ccc([C][N]S(=O)(=O)c2ccc3c(c2)C(=C2[C][C][C][C]2)C(=O)N3[C])cc1,47.43,58.98
O=C1/C(=C/c2ccc(-c3ccc([N+](=O)[O-])cc3)o2)C=C(c2ccccc2)N1c1ccccc1,46.61,65.85
COc1cc([N+](=O)[O-])ccc1-c1ccc(/C=C2/C(C)=C(C#N)c3nc(N)c(C#N)c(C)c32)o1,58.82,81.8
CCCCCCN1C=CC(=CC=C(C#N)C#N)c2ccccc21,16.04,22.89
O=S(=O)([O-])CCC[n+]1c(/C=C/c2c(Cl)nc3sccn23)sc2ccccc21,20.42,23.36
O=C1/C(=C/c2ccc(-c3ccc([N+](=O)[O-])cc3)o2)C=C(c2ccccc2)N1c1cccnc1,46.32,64.45
CC(C)(C)c1ccc(Oc2ccc3noc4c5c(Oc6ccc(C(C)(C)C)cc6)cc(N6CCCCCC6)c6noc(c2c34)c65)cc1,42.24,62.14
[C][n+]1c(/[C]=[C]/[C]=C2c3ccccc3Sc3ccccc32)sc2ccccc21,41.3,57.37
O=C1C(Cl)=C(N2CCCC2)C(=O)C(Cl)=C1c1cnc(N2CCOCC2)s1,42.93,50.02
CCNc1cc(NCCO)c(N)c2c1C(=O)c1ccccc1C2=O,56.26,75.49
CC[Si](C#Cc1c2cc3ccccc3cc2c(C#C[Si](CC)(CC)CC)c2cc3ccccc3cc12)(CC)CC,54.83,76.98
[N]C(=O)C(C(=O)/[C]=[C]/c1ccc(Cl)cc1Cl)=C1S[C]S1,31.37,34.77
O=C1/C(=C/c2ccc(-c3ccc(Cl)c(Cl)c3)o2)C=C(c2ccccc2)N1c1ccc(Nc2ccccc2)cc1,52.12,77.15
O=C1/C(=C/c2ccc(-c3ccc([N+](=O)[O-])cc3)o2)C=C(c2ccccc2)N1c1cccc(Br)c1,54.14,73.62
O=[N+]([O-])c1ccc(C=Cc2nc3c(C(F)(F)F)cccc3c3c2CCS3)cc1,45.2,63.6
COc1cccc(N2C(=O)C(=Cc3ccc(-c4ccc(Br)cc4)o3)C=C2c2ccccc2)c1,48.12,68.09
O=C1OC(c2ccco2)=NC1=CC=Cc1ccc([N+](=O)[O-])cc1,42.03,53.53
CN(C)c1ccc(/C=C2\CCC/C(=C\c3ccc(OC(F)F)cc3)C2=O)cc1,28.91,41.22
CC1=C(C#N)c2nc(N)c(C#N)c(C)c2/C1=C/c1ccc(-c2ccc([N+](=O)[O-])cc2)o1,58.49,83.4
O=[N+]([O-])c1ccc(/C=N/c2cc(C(F)(F)F)ccc2NCCc2ccccn2)s1,27.21,36.9
FC(F)(F)C1=CC=C(NCCC2=NC=CC=C2)C(/N=C/C3=CC=C([N+]([O-])=O)S3)=C1,27.21,36.9
Cc1ccc2c(c1)C1=C(SSC1=C1C(=O)c3ccccc3C1=O)C(C)(C)N2,28.37,33.6
O=C1C(Cl)=C(c2cnc(N3CCOCC3)s2)C(=O)C(Cl)=C1Nc1ccccc1,45.59,53.13
CC(C)(C)C(=O)C(C#N)=Cc1ccc(-c2ccc([N+](=O)[O-])cc2Br)o1,37.8,48.33
O=S(=O)([O-])CCC[n+]1ccc(/C=C/c2c[nH]c3ccccc23)cc1,36.28,52.97
CN1CCN(c2cc(NC3CCCCC3)c3c(c2N)C(=O)c2ccccc2C3=O)CC1,35.67,55.77
CCc1ccc(N2C(=O)/C(=C\C=C\c3ccco3)SC2=S)cc1,19.84,26.66
Nc1c(S(=O)(=O)[O-])cc(Nc2ccc(-c3ccc(Nc4cc(S(=O)(=O)[O-])c(N)c5c4C(=O)c4ccccc4C5=O)cc3)cc2)c2c1C(=O)c1ccccc1C2=O,67.93,94.11
[C][C]N1C(=O)C(=[C]/[C]=[C]/[C]=[C]/[C]=C2\Sc3ccccc3N2[C][C])C(=O)N([C][C])C1=S,34.97,36.33
COc1ccc(N2C(=O)/C(=C/c3ccc([N+](=O)[O-])cc3)C=C2c2ccccc2)cc1,42.4,57.61
CCCNC(=O)c1c(N)n(-c2ccc(N(CC)CC)cc2)c2nc3ccccc3nc12,21.21,38.73
O=C1/C(=C\c2ccc([N+](=O)[O-])cc2)C=C(c2ccccc2)N1c1ccc(Sc2ccc([N+](=O)[O-])cc2)cc1,48.93,65.2
O=C1O/C(=C\c2cc3c4c(c2)CCCN4CCC3)c2ccc([N+](=O)[O-])cc21,35.55,47.52
CCN(CC)CCCC(C)Nc1cc(/C=C/c2ccc([N+](=O)[O-])cc2)nc2ccc(OC)cc12,19.0,25.87
[N-]=[N+]=C1C(=O)C=C(Br)c2nonc21,63.3,58.62
O=C1OC(c2cccs2)=NC1=CC=Cc1ccc([N+](=O)[O-])cc1,42.61,54.43
CN(C)c1ccc2nc3ccc(=[N+](C)C)c([N+](=O)[O-])c-3sc2c1,15.89,18.15
O=C(/C=C/c1ccc(-c2ccc([N+](=O)[O-])cc2)o1)c1ccc(N2CCOCC2)cc1,41.7,51.89
CC1=CC=C(C=C1)C2=C(C=C3)N=C3C(C(C=C4)=CC=C4C)=C(C=C5)NC5=C(C6=CC=C(C)C=C6)C7=NC(C=C7)=C(C(C=C8)=CC=C8C)C9=CC=C2N9,56.82,82.66
CCSC1=[NH+]C2(CCCCC2)Nc2sc3c(c21)CCCC3,10.7,24.56
O=S(=O)([O-])c1ccc(-c2c3nc(c(-c4ccc(S(=O)(=O)[O-])cc4)c4ccc([nH]4)c(-c4ccc(S(=O)(=O)[O-])cc4)c4nc(c(-c5ccc(S(=O)(=O)[O-])cc5)c5ccc2[nH]5)C=C4)C=C3)cc1,66.06,88.16
CCCCCCCCCCCCCCCCCC[N+]1=C(C=Nc2c([O-])ccc3ncccc23)C(C)(C)c2ccccc21,21.11,30.18
[C]Oc1ccc([C]=C2[C][C]C(=C3S[C][C]S3)C2=O)cc1,34.46,45.02
Cc1ccc(N2C(=O)C(=Cc3ccc(-c4ccc([N+](=O)[O-])cc4)o3)SC2=S)cc1,42.22,54.1
N#C/C(=C/c1ccc(N2CCCCC2)o1)c1ccc([N+](=O)[O-])cc1,23.6,33.08
O=C1C(Cl)=C(N2CCCCC2)C(=O)C(Cl)=C1c1cnc(N2CCOCC2)s1,36.41,43.72
OC1=CC(S(=O)([O-])=O)=C2C(C3=C(C=C2)C(S(=O)([O-])=O)=C4)=C1C=CC3=C4S(=O)([O-])=O.[Na+].[Na+].[Na+],59.95,70.51
CN1/C(=C/C=C2\CCc3ccccc3C2=O)C(C)(C)c2ccccc21,16.2,23.37
CCN1/C(=C/C=C/C=C/c2oc3ccccc3[n+]2CC)Oc2ccccc21,19.59,30.09
O=C(O)c1cccc(N2C(=O)C(=Cc3ccc(-c4ccc([N+](=O)[O-])cc4)o3)C=C2c2ccccc2)c1,68.65,92.43
CCN(CC)CCCC(C)Nc1cc(/C=C/c2ccc([N+](=O)[O-])cc2)nc2cc(OC)ccc12,18.76,25.54
CN1CCN(C2=C(Cl)C(=O)C(c3cnc(N4CCCCC4)s3)=C(Cl)C2=O)CC1,34.31,42.39
CCOc1cc(Br)c(C=C2CCCC(=Cc3cc(OC)c(OCC)cc3Br)C2=O)cc1OC,43.06,54.4
O=C1OC(c2ccc(Cl)c([N+](=O)[O-])c2)=N/C1=C\c1cc2cc3c4c(c2oc1=O)CCCN4CCC3,45.18,57.74
CN(C)c1ccc(/C=C/C=C2\S/C(=N/c3ccccc3)N(Cc3ccc(C(=O)O)cc3)C2=O)cc1,55.4,75.09
O=C1C(=CC(Cl)=Cc2ccc([N+](=O)[O-])cc2)SC(=S)N1c1ccc(F)cc1,39.65,49.09
N#CC(C#N)=Cc1ccc(N2CCCCCC2)o1,12.52,22.86
NC(N)=NN=C(/C=C/c1ccc([N+](=O)[O-])o1)/C=C/c1ccc([N+](=O)[O-])o1,59.66,69.6
CCN1/C(=C/C=C2\C(C)=Nc3ccccc32)C=Cc2cc(C)ccc21,25.83,39.01
COc1ccc(Nc2cc(NC(C)C)c(N)c3c2C(=O)c2ccccc2C3=O)cc1,40.97,61.55
O=C1O/C(C(C=C2)=C1C=C2[N+]([O-])=O)=C\C3=CC(CCC4)=C(N4CCC5)C5=C3,35.55,47.52
[C]/C(=C(C#N)\C([N])=[C]\C(=C(C#N)C#N)c1nonc1[C])c1nonc1[C],36.32,35.54
COc1ccc(-c2csc(/C(C#N)=C\C=C/c3ccc([N+](=O)[O-])cc3)n2)cc1,40.94,54.89
O=[N+]([O-])c1ccc(N(c2ccc(N(c3ccc([N+](=O)[O-])cc3)c3ccc([N+](=O)[O-])cc3)cc2)c2ccc([N+](=O)[O-])cc2)cc1,48.65,64.3
CCN(CC)c1ccc(-n2c(N)c(C(=O)OCc3ccccc3)c3nc4ccccc4nc32)cc1,22.52,33.92
CN(c1ccc(O)cc1)C1NC(=O)C(=CC(Cl)=Cc2ccc([N+](=O)[O-])cc2)S1,54.92,60.13
CCN(CC)C[C@@H](O)CNc1ccc(NC[C@H]2CO2)c2c1C(=O)c1ccccc1C2=O,53.53,70.33
CCN1C(=O)/C(=C\C=C2\N(CC)c3ccc(-c4ccccc4)cc3C2(C)C)SC1=S,15.21,17.1
COc1cc(/N=N/c2ccc(N(C)C)cc2)cc([N+](=O)[O-])c1,30.63,47.68
O=C1C(=CC=Cc2ccco2)SC(=S)N1c1cccc(O)c1,31.94,42.42
CN(C)c1ccc(C=C2C(=C(C#N)C#N)c3ccccc3C2=C(C#N)C#N)cc1,31.01,41.51
CCN(CCC#N)c1ccc(N=Nc2ccc([N+](=O)[O-])cc2)cc1,25.29,39.08
COc1ccc(Nc2cc(N3CCCCC3C)c3noc4c3c2C(=O)c2ccccc2-4)cc1,27.81,40.83
CCN(CC)c1ccc(N2C(=O)/C(=C\c3ccc(-c4cc(C(=O)O)ccc4C)o3)SC2=S)cc1,58.72,76.17
O=C(O)c1cccc(N2C(=O)C(=CC(Cl)=Cc3ccc([N+](=O)[O-])cc3)SC2=S)c1,66.1,73.86
CCCCCCCCN1C(=O)c2cccc3c(N=Nc4ccc(N(CC)CC)cc4)ccc(c23)C1=O,20.08,29.42
CCCCC(CC)CN1C(=O)C(=CC2=Cc3ccccc3OC2)SC1=S,11.18,14.19
O=C1C(=CC(Cl)=Cc2ccc([N+](=O)[O-])cc2)SC(=S)N1c1ccc(O)cc1,50.46,60.76
COCCNc1cc(NCCO)c(N)c2c1C(=O)c1ccccc1C2=O,53.37,69.71
C=CCOc1ccc(-c2c3nc(c(-c4ccc(OCC=C)cc4)c4ccc([nH]4)c(-c4ccc(OCC=C)cc4)c4nc(c(-c5ccc(OCC=C)cc5)c5ccc2[nH]5)C=C4)C=C3)cc1,61.26,90.37
[C]C([C])=C1C(=O)[N]c2ccc([O+]S([O-])=Nc3ccc([C])c(N([C])[C])c3)cc21,44.67,55.72
O=C1C(=CC(Cl)=Cc2ccc([N+](=O)[O-])cc2)SC(=S)N1c1ccc(Br)cc1,40.45,48.78
CCN(CC)c1ccc(/C=C2\CC/C(=C\C(C)C)C2=O)cc1,12.57,18.78
O=C1OC(=O)c2ccc(N3CCOCC3)c3c(N4CCOCC4)ccc1c23,41.14,51.81
Nc1c(NCCO)cc(NCCO)c2c1C(=O)c1ccccc1C2=O,73.6,88.05
O=C1c2ccccc2C(=O)c2c(Nc3ccc(Br)cc3)ccc(Nc3ccc(Br)cc3)c21,53.07,76.62
C=CCN1C(=O)C(=CC=C2C=CN(CC)c3ccccc32)SC1=S,16.64,19.32
[C]Oc1ccc(/[C]=[C]/C([C]2[C][C]2)=C(\C#N)C([N])=C(C#N)C#N)cc1,27.35,30.38
O=S(=O)([O-])c1ccc2cc(/N=N/c3cc(S(=O)(=O)[O-])c4cccnc4c3O)ccc2c1.[Na+].[Na+],59.08,74.29
O=[N+]([O-])c1ccc(C=C2NC(=S)Nc3[nH]/c(=N/c4ccccc4)sc32)cc1,52.68,60.37
CCN1/C(=C\C=c2/s/c(=C3/SC(=S)N(Cc4ccccc4)C3=O)n(C)c2=O)Sc2ccccc21,16.43,15.14
CN(C)c1ccc2c(c1)OC1=CC([NH+](C)C)C=CC1=C2c1cc(C(=O)[O-])ccc1C(=O)O,74.1,87.6
[C][C][C]([C])N=S([O-])[O+]c1ccc2c(c1)C(=C1[C][C][C][C]1)C(=O)[N]2,47.52,57.4
CN(C)c1ccc(/C=C2/CCC/C(=C\c3ccncc3)C2=O)cc1,22.35,34.05
O=C1C(=C2SCCS2)CC/C1=C\c1ccc([N+](=O)[O-])cc1,28.7,38.86
[C]N1C(=O)C(=C2[C]C([C])([C])[C]C([C]=[C]c3ccc(N([C])[C])s3)=[C]2)C(=O)N([C])C1=O,48.9,49.47
CN1C=CC=CC1=C(C#N)C#N,32.68,41.4
COc1cc(/C=C2/CC/C(=C\c3cccc([N+](=O)[O-])c3)C2=O)cc(OC)c1O,54.04,67.64
O=C1OC(c2ccccc2)=C/C1=C\c1ccc(-c2ccc([N+](=O)[O-])cc2Br)o1,55.28,73.21
CCN(CC)c1ccc(C=C2CCC(C=NN=Cc3cccnc3)=C2N2CCOCC2)cc1,22.23,31.91
CC1(C)OC(=CC=CC(=O)C=C(c2ccccc2)N2CCOCC2)C=C(c2ccccc2)O1,20.58,24.53
COc1ccc(N2C(=O)C(=Cc3ccc(-c4ccc([N+](=O)[O-])cc4)o3)SC2=S)cc1,43.53,54.71
COc1ccc(/C=C2\C(=O)c3ccccc3C2=C(C#N)C#N)cc1OC,40.99,52.8
CCOc1ccc(N2C(=O)C(=Cc3ccc(-c4ccc([N+](=O)[O-])cc4)o3)SC2=S)cc1,43.29,54.61
CCN1/C(=C\C=c2/s/c(=C3\SC(=S)N(C)C3=O)n(CC)c2=O)Sc2ccc(OC)cc21,21.25,20.99
N=C(N)NN=C(C=Cc1ccc([N+](=O)[O-])o1)C=Cc1ccc([N+](=O)[O-])o1,65.51,70.17
CCN(CC)CC.CCN(CC)CC.CC[N+]1=C(C=CC=CC=C2N(CCCCCC(=O)ON3C(=O)CCC3=O)c3ccc(S(=O)(=O)O)cc3C2(C)C)C(C)(C)c2cc(S(=O)(=O)[O-])ccc21,31.43,38.71
CC(C)(C)c1ccc(C=C2CCC(=C3SCCCS3)C2=O)o1,22.41,35.74
[C]Oc1ccc(/[C]=C2/[C][C][C]C(=C3S[C][C][C]S3)C2=O)cc1,38.65,51.01
O=C1/C(=C/c2ccc(-c3ccc([N+](=O)[O-])cc3)o2)C=C(c2ccccc2)N1c1ccc(F)cc1,53.55,75.37
COc1ccc(N2C(=O)C(=Cc3ccc(-c4ccc([N+](=O)[O-])cc4)o3)NC2=S)cc1,46.23,56.2
Cc1cc2nc(C=Cc3ccc(-c4ccc([N+](=O)[O-])cc4Br)o3)sc2cc1C,47.11,62.12
O=C(O)c1cccc(N2C(=O)/C(=C/c3ccc(-c4ccc([N+](=O)[O-])cc4)o3)C=C2c2ccccc2)c1,68.76,92.78
O=S(=O)([O-])c1ccc(/N=N/c2c(O)ccc3cc(S(=O)(=O)[O-])ccc23)cc1.[Na+].[Na+],65.3,79.49
CCN1C(=O)/C(=c2/s/c(=C\C=C3\Sc4ccc(OC)cc4N3CC)c(=O)n2CC)SC1=S,19.02,19.0
O=C(Nc1ccc2nc(N3CCOCC3)sc2c1)c1ccc([N+](=O)[O-])cc1,48.61,59.19
Cc1cc(/C=C/c2ccc3cc(N(C)C)ccc3[n+]2C)c(C)n1-c1ccccc1,22.28,37.99
O=C([O-])CCCCCCCCCCc1ccc2n1[B-](F)(F)[N+]1=C(C=CC=Cc3ccccc3)C=CC1=C2,20.89,25.82
N#C/C(=C/c1ccc(N2CCCCC2)cc1)c1ccc([N+](=O)[O-])cc1,24.77,34.28
Cc1ccc(C(=O)c2c(/C=C/N(C)C)oc3cc(C#N)c(C#N)cc23)cc1,30.88,41.21
CCN(CC)c1ccc(-n2c(N)c(C(=O)OCC(C)C)c3nc4ccccc4nc32)cc1,18.75,26.7
O=C1C(=CC=Cc2ccc([N+](=O)[O-])o2)SC(=S)N1c1cccc(Cl)c1,39.01,48.33
CCN1/C(=C\C=c2/s/c(=C3/SC(=S)N(C)C3=O)n(CC)c2=O)Sc2ccc(OC)cc21,20.36,20.51
CCN1/C(=C\C=c2/s/c(=C3\SC(=S)N(Cc4ccccc4)C3=O)n(CC)c2=O)C(C)(C)c2cc(-c3ccccc3)ccc21,23.7,29.59
CCc1ccc(N2CN=c3s/c(=C\C=C\c4ccccc4)c(=O)n3C2)cc1,24.89,35.66
O=C1C2CCCN2C(=O)N1c1ccc(/N=N/c2ccccc2)cc1,52.64,73.74
CC1=C(C#N)c2nc(N)c(C#N)c(C)c2/C1=C\c1ccc(N2CCCC2)cc1,48.11,70.82
CN(C)c1ccc(/C=C/C=C(\C#N)c2cccc(F)c2)cc1,21.38,31.47
CN1c2cc3c(cc2N=C(c2ccc(C(=O)O)cc2)c2ccccc21)C(C)(C)CCC3(C)C,41.05,56.95
Cc1cc(-c2ccc(/N=C/c3ccc([N+](=O)[O-])s3)c(C)c2)ccc1/N=C/c1ccc([N+](=O)[O-])s1,43.77,57.9
CCN(CC)c1ccc(C=C2CCC(C=NN=Cc3cnc4ccccc4n3)=C2N2CCOCC2)cc1,22.97,30.92
Cc1cc(C=C(C#N)C#N)c(C)n1-c1ccc(N2CCOCC2)cc1,27.12,34.54
O=C1[N]c2ccc([O+]S([O-])=N[C]c3ccccc3)cc2C1=C1[C][C][C][C]1,44.03,64.55
[C]N1C(=O)C(=C2[C][C][C][C]2)c2cc(S(=O)(=O)N([C])[C]3[C][C][C][C][C]3)ccc21,55.36,61.85
CN(C)c1ccc(C=C2C=C(c3ccccc3)OC(c3ccccc3)=C2)cc1,25.07,41.9
CCN(CC)c1ccc2c(C=CC=C3C=Cc4ccccc4N3C)c3ccccc3[o+]c2c1,22.71,35.06
CN(C)c1ccc(/C=C/c2cc(-c3ccccc3)[n+](C)c3ccccc23)cc1,29.62,47.33
COc1ccc(/C=C2\CCC/C(=C\c3ccc(N(C)C)cc3)C2=O)cc1,24.59,35.83
O=C1/C(=C/c2ccc(-c3ccc([N+](=O)[O-])cc3)o2)C=C(c2ccccc2)N1c1cccc(Cl)c1,53.06,73.59
O=C1C(=Cc2ccc(-c3cccc([N+](=O)[O-])c3)s2)CCc2[nH]c(=O)ccc21,55.76,66.57
CN(C)c1cccc(N2C(=O)C(c3ccccc3)=C(c3ccccc3)C2=O)c1,26.51,38.55
CCOc1ccc(Nc2cc(N3CCCCC3C)c3noc4c3c2C(=O)c2ccccc2-4)cc1,28.44,41.28
CC[n+]1c(C=C2C=C(C=CN(C)c3ccccc3)CC(C)(C)C2)sc2ccccc21,14.19,19.25
[C][C]([C])[N]C(c1ccc([N][C][C][O])cc1)=c1ccc(=C(C#N)C#N)cc1,29.49,38.59
[C][C]N1C(=O)C(=[C]c2ccc(N3[C][C][C][C]3)cc2[C])C(=O)N([C][C])C1=S,49.75,53.76
O=C1/C(=C\c2ccc([N+](=O)[O-])cc2)CCC/C1=C\c1ccc([N+](=O)[O-])cc1,42.95,56.08
O=C1c2ccccc2C(=O)c2cc(N3CCCCC3)ccc21,25.46,42.13
CN(CCC#N)c1ccc(/C=C/c2ccc3ccccc3[n+]2C)cc1,18.04,26.1
CCCCc1ccc(NC2=CC(=O)c3c(Nc4ccc(CCCC)cc4)cc4c5c(c(Nc6ccc(CCCC)cc6)cc2c35)C(=O)C=C4Nc2ccc(CCCC)cc2)cc1,55.59,79.46
O=C1/C(=C/c2ccc([N+](=O)[O-])cc2)CC/C1=C\c1ccc([N+](=O)[O-])cc1,45.0,57.85
Cc1cc([N+](=O)[O-])ccc1-c1ccc(/C=C/c2ccc3cccc(O)c3n2)o1,50.19,74.6
CC[n+]1c(/C=C/C=C/C=C/N(C(=O)O)c2ccccc2)oc2ccccc21,42.98,62.31
CCCCCCCCCCCCCCCCSc1[s+]c(N2CCCCC2)sc1C,17.57,28.42
CC1=C(C#N)c2nc(N)c(C#N)c(C)c2/C1=C\C=C\c1ccccc1,49.94,76.15
CC[n+]1c(/C=C\C=C2\N(C)c3ccccc3C2(C)C)sc2ccccc21,15.34,21.16
CN(C)c1c(C=C(C#N)C#N)cc(C=C(C#N)C#N)c(N(C)C)c1C#N,21.85,27.47
CN(C)C(C(C=C(C#N)C#N)=C1)=C(C#N)C(N(C)C)=C1C=C(C#N)C#N,21.85,27.47
"[K+].CC(C)(C)C1=CC=C(C=C1)[B-](F)(F)F |c:6,8,t:4|",29.72,49.08
CCc1ccccc1/N=C1\S/C(=C\C=C\c2ccc([N+](=O)[O-])o2)C(=O)N1c1ccccc1CC,33.48,43.63
O=C1N=C(N2CCN(c3cccc(Cl)c3)CC2)SC1=Cc1ccc(-c2ccc([N+](=O)[O-])cc2Cl)o1,46.34,58.2
CC[n+]1c(/C=C/C=C2/N(C)c3ccccc3C2(C)C)sc2ccccc21,14.85,20.47
Cc1ccc(NC2CCCCC2)c2c1C(=O)c1ccccc1C2=O,23.7,38.86
CCNc1cc(NCc2ccccc2)c(N)c2c1C(=O)c1ccccc1C2=O,28.69,45.63
CNc1ccc(NS(=O)(=O)c2ccc(C)cc2)c2c1C(=O)c1ccccc1C2=O,39.71,55.13
C=Cc1c(C)c2cc3nc(c(CC(=O)[O-])c4[n-]c(cc5nc(cc1[n-]2)C(C)=C5CC)c(C)c4C(=O)[O-])C(CCC(=O)[O-])C3C.[Cu+2].[Na+].[Na+].[Na+],42.27,53.16
[C]N1C(=O)C(=C2[C][C][C][C]2)c2cc(S(=O)ON3[C][C]N(c4ccc(F)cc4)[C][C]3)ccc21,54.05,67.13
C=CC1=C(C)c2cc3[n-]c(cc4[n-]c(cc5nc(cc1n2)C(C)=C5C=C)c(C)c4CCC(=O)O)c(CCC(=O)O)c3C.[Fe+2],66.11,88.56
CN(C)c1ccc(/C=C2/CCC/C(=C\c3cccs3)C2=O)cc1,19.76,29.17
C[n+]1c(C=Cc2ccc(-c3ccc(SC(F)F)cc3)o2)sc2ccccc21,35.33,51.89
O=[N+]([O-])c1cccc(/N=N/c2ccc(Nc3ccccc3)cc2)c1,24.07,45.41
CCN(CC)c1ccc(C=C2CCC(C=NN=Cc3ccc(Cl)cc3)=C2N2CCOCC2)cc1,24.46,31.18
COc1ccc(N2C(=O)C(=Cc3ccc(-c4ccc(Cl)c(Cl)c4)o3)C=C2c2ccccc2)cc1,51.85,73.5
C/C(=N\N=C\c1ccc(N(C)C)cc1)c1cccc([N+](=O)[O-])c1,23.92,34.14
O=C1C(=Cc2ccc(N3CCOCC3)o2)C(=O)c2ccccc21,37.97,51.49
CCN1/C(=C\C=c2/s/c(=C3\SC(=S)N(Cc4ccccc4)C3=O)n(C)c2=O)Sc2ccccc21,17.54,16.83
COc1ccc(Nc2cc(NCCO)c(N)c3c2C(=O)c2ccccc2C3=O)cc1,48.78,71.53
N#C/C(=C\c1ccc(N2CCOCC2)o1)c1ccc([N+](=O)[O-])cc1,35.46,44.12
CCCCCCN1C=C/C(=C\C(C#N)=C2C(=O)c3ccccc3C2=O)c2ccccc21,27.97,37.65
CC(C)(C)c1ccc(N2C(=O)C(=Cc3ccc(-c4ccc(Br)cc4)o3)C=C2c2ccccc2)cc1,52.08,73.74
C[N+]1=C(C=CC=CC=C2N(CCCCCC(=O)NCCN3C(=O)C=CC3=O)c3ccccc3C2(C)C)C(C)(C)c2ccccc21,14.49,12.64
O=C1C(Cl)=C(N2CCCC2)C(=O)C(Cl)=C1c1cnc(N2CCCCC2)s1,24.66,33.49
COc1cccc(N2C(=O)/C(=C\C=C\c3ccco3)SC2=S)c1,18.26,24.87
[Na+].CC(=O)Nc1ccc(Nc2cc(c(N)c3C(=O)c4ccccc4C(=O)c23)S([O-])(=O)=O)cc1,66.91,85.89
COCCNc1cc(NCc2ccccc2)c(N)c2c1C(=O)c1ccccc1C2=O,22.11,32.39
CCCCCC[NH+]1[CH-]Nc2c(c3nc4ccccc4nc3n2/N=C/c2cccs2)C1=O,30.88,39.8
CCCN1C(=O)C(=CC=C2C=CN(CC)c3ccccc32)SC1=S,12.36,13.65
CCN(CCO)c1ccc(N=Nc2ccc([N+](=O)[O-])cc2)cc1,49.85,65.21
CN1C(=CC=CC2=[N+](C)c3ccc4ccccc4c3C2(C)C)C(C)(C)c2c1ccc1ccccc21,20.15,29.15
O=[N+]([O-])c1ccc(/C=N/c2ccc(/N=N/c3ccccc3)cc2)s1,26.78,47.49
Oc1ccc(O)c(C=C2CCCc3cc4cc(O)ccc4[o+]c32)c1,42.24,68.84
Cc1cc(C=C2C(=O)c3ccccc3C2=O)c(C)n1-c1ccc(N(C)C)cc1,31.72,45.64
O=C1C(Cl)=C(N2CCCCC2)C(=O)C(Cl)=C1c1cnc(N2CCCCC2)s1,21.46,29.44
CSCCC(C(=O)O)N1C(=O)/C(=C\C(Cl)=C\c2ccc([N+](=O)[O-])cc2)SC1=S,60.69,67.25
O=C1c2ccccc2-c2cc(N3CCOCC3)nc3cccc1c23,28.16,44.44
CCCN1CCN(c2cc(NC3CCCCC3)c3c4c(onc24)-c2ccccc2C3=O)CC1,18.91,30.39
O=C1/C(=C\c2ccc(-c3ccc([N+](=O)[O-])cc3)o2)NC(=S)N1CC1CCCO1,52.64,58.59
O=C1[N]c2ccc([O+]S([O-])=Nc3ccccc3)cc2C1=C1[C][C][C][C]1,44.64,65.55
COc1cccc(N2C(=O)C(=Cc3ccc(-c4ccc(Cl)c(Cl)c4)o3)C=C2c2ccccc2)c1,50.7,71.88
Nc1c(NCc2ccccc2)cc(NCCO)c2c1C(=O)c1ccccc1C2=O,38.21,55.33
O=C1/C(=C/c2ccc(-c3ccc([N+](=O)[O-])cc3)o2)C=C(c2ccccc2)N1c1ccccc1Br,52.86,71.67
CC1=C(C#N)c2nc(N)c(C#N)c(C)c2/C1=C\c1ccc(N2CCCCC2)cc1C,46.63,67.1
CN1/C(=C\C=C2/N=C(c3ccccc3)OC2=O)C(C)(C)c2ccccc21,20.72,26.63
[C]Oc1ccc(/[C]=C2/[C][C][C]C(=C3S[C][C]S3)C2=O)cc1,37.77,50.02
O=C1C(=[C]c2ccc(Cl)cc2)[C][C]C1=C1S[C][C][C]S1,40.48,55.78
C[N+](C1=CC=CC=C1C=C2)=C2/C=C/C3=CC=C(N(C)C)C=C3.[I-],23.88,43.11
CN1C(=O)/C(=C\C=C\c2ccc([N+](=O)[O-])o2)SC1=S,51.56,55.54
CCOC(=O)c1ccc(-c2ccc(/C=C3\C=C(c4ccccc4)N(c4cc([N+](=O)[O-])ccc4O)C3=O)o2)cc1,54.77,71.42
CN1C=CC=C/C1=C\C1=CC(=C(C#N)C#N)C=C(c2ccccc2)O1,28.9,36.63
[C][C]N1C(=O)C(=C([C])[N]c2sc3c(c2C#N)[C][C][C]3)C(=O)N([C][C])C1=S,46.19,48.1
O=C1OC2(c3ccc([O-])cc3Oc3cc([O-])ccc32)c2ccccc21.[Na+].[Na+],40.62,59.85
O=S(=O)([O-])c1cc(O)c2ccc3c(S(=O)(=O)[O-])cc(S(=O)(=O)[O-])c4ccc1c2c34.[Na+].[Na+].[Na+],59.95,70.51
CCCCCC[NH+]1[CH-]Nc2c(c3nc4ccccc4nc3n2/N=C/c2ccco2)C1=O,35.32,48.06
[C][C]N1C(=[C][C]=[C]C2=[C]C(=C(C#N)C#N)[C]C([C])([C])[C]2)N([C][C])c2ccccc21,34.07,39.87
O=C1NC(=S)S/C1=C/C(Cl)=C/c1ccc([N+](=O)[O-])cc1,48.69,50.46
CN(C)c1ccc(/C=N/c2ccc([N+](=O)[O-])cc2)cc1,16.99,27.29
CCOC(=O)C1=C(Nc2ccc(OC)cc2)SC(=Cc2ccc(-c3cccc(C(=O)O)c3)o2)C1=O,58.87,73.85
[C]N1C(=O)C(=C2[C][C][C][C]2)c2cc(S(=O)(=O)[N][C]3[C][C][C][C][C]3)ccc21,55.37,64.72
CCN(CC)c1ccc2nc3c4ccccc4c(=O)cc-3oc2c1,16.72,28.84
CCN1C=CC(=CC=C2SC(=S)N(c3ccccc3)C2=O)c2ccccc21,18.86,24.46
CCOc1ccc(N2C(=O)/C(=C\C=C\c3ccco3)SC2=S)cc1,21.45,28.58
c1ccc(C2=Nc3ccccc3N3C2C3c2ccccc2)cc1,16.15,33.17
COc1cc(C(=O)O)cc(C=Cc2ccc3cc(C(=O)O)cc(OC)c3[o+]2)c1O,78.49,91.06
CCN(CC)CC.CC[N+]1=C(C=CC=CC=C2N(CCCCCC(=O)NCCCN=[N+]=[N-])c3ccc(S(=O)(=O)O)cc3C2(C)C)C(C)(C)c2cc(S(=O)(=O)[O-])ccc21,19.94,21.8
ClC1=CC=C(C=C1)C2=C(C=C3)N=C3C(C(C=C4)=CC=C4Cl)=C(C=C5)NC5=C(C6=CC=C(Cl)C=C6)C7=NC(C=C7)=C(C(C=C8)=CC=C8Cl)C9=CC=C2N9,61.56,89.93
Clc1ccc(-c2c3nc(c(-c4ccc(Cl)cc4)c4ccc([nH]4)c(-c4ccc(Cl)cc4)c4nc(c(-c5ccc(Cl)cc5)c5ccc2[nH]5)C=C4)C=C3)cc1,61.56,89.93
CCCCCCCCCCCCCCCCN1C=C/C(=C\C=C(C#N)C#N)c2ccccc21,18.89,30.2
O=S(=O)(O)c1ccc(-c2c3nc(c(-c4ccc(S(=O)(=O)O)cc4)c4ccc([nH]4)c(-c4ccc(S(=O)(=O)O)cc4)c4nc(c(-c5ccc(S(=O)(=O)O)cc5)c5ccc2[nH]5)C=C4)C=C3)cc1,66.76,89.95
COc1ccc(-c2ccc3c(c2)C(C)(C)C2(C=Cc4cc([N+](=O)[O-])ccc4O2)N3C)cc1,30.19,39.22
O=C1/C(=N\Nc2ccc(/N=N/c3ccccc3)cc2)C(c2ccc([N+](=O)[O-])cc2)=NN1c1ccccc1,52.77,73.49
CN(C)c1ccc(/C=C/C2=CC(=C(C#N)C#N)C=C(c3ccccc3)O2)s1,24.45,30.86
O=C1/C(=C/C=C/c2ccco2)SC(=S)N1c1cccc(O)c1,34.86,47.02
CCN(CC)c1ccc(N=Nc2nc3ccc([N+](=O)[O-])cc3s2)cc1,22.11,35.42
CN(c1ccccc1)c1ccc(C=C2C(=O)ON=C2c2cccc([N+](=O)[O-])c2)cc1,43.61,58.6
CCOc1ccc(-c2csc(/C(C#N)=C/c3ccc(N(C)C)cc3)n2)cc1,34.13,46.08
CC(C)N1CC(=CC=Cc2ccccc2)C(=O)C(=CC=Cc2ccccc2)C1,18.99,28.99
CCN(CC)c1ccc(NC(=O)c2cc3cc([N+](=O)[O-])ccc3o2)cc1,21.75,31.67
O=C1/C(=C/c2ccc(-c3ccc(Br)cc3)o2)C=C(c2ccccc2)N1Cc1ccccc1,42.72,61.61
CN1C(=O)C(=C2C=C(/C=C/c3ccc(N4CCOCC4)s3)CC(C)(C)C2)C(=O)N(C)C1=O,34.5,36.19
CC[n+]1c(/C=C2/C=C(C=CN(C)c3ccccc3)CC(C)(C)C2)sc2ccccc21,14.74,20.18
CCCCc1ccc(N(C(C)=O)c2cc3c([nH]c4ccc(CCCC)cc43)c3c2C(=O)c2ccccc2C3=O)cc1,35.69,48.5
[C]N1C(=O)C(=[C]c2ccc(N3[C][C][C][C][C]3)cc2)C(=O)N([C])C1=S,55.96,57.3
O=C(O)c1ccc(N2C(=O)C(=Cc3ccc(-c4ccc([N+](=O)[O-])cc4)o3)C=C2c2ccccc2)cc1,68.55,92.44
CCN(CC)c1ccc(C=C2CCC(C=NCc3ccncc3)=C2N2CCOCC2)cc1,13.58,20.12
"COC(=O)C1=C(NC2CCCCC2)C=CC(=C1)[N+]([O-])=O |c:4,14,16|",18.12,30.91
CCN(CC)c1ccc(/C=C2\C(=O)c3ccc(C(=O)O)cc3C2=O)cc1,71.05,87.46
CN(C)c1ccc(-c2cc[n+](C3=C([N-]S(=O)(=O)c4ccc([N+](=O)[O-])cc4)C(=O)c4ccccc4C3=O)cc2)cc1,41.48,51.71
O=C1C(=Cc2ccc(-c3ccc(Br)cc3)o2)C=C(c2ccccc2)N1Cc1ccccc1,40.59,58.66
O=[N+]([O-])c1ccc(/N=N/c2ccc(Nc3ccccc3)cc2)cc1,24.39,45.41
Cc1ccc(NC(=O)c2c(N)n(/N=C/c3ccc(N(C)C)cc3)c3nc4ccccc4nc23)cc1C,34.48,57.54
O=C([O-])C1=NN(c2ccc(S(=O)(=O)[O-])cc2)C(=O)/C1=C\C=C\C=C\c1c(C(=O)[O-])nn(-c2ccc(S(=O)(=O)[O-])cc2)c1O,77.57,79.01
Cc1cc(C)c2c(N)c(/C(=N\N=C(\c3ccccc3)c3sc4nc(C)cc(C)c4c3N)c3ccccc3)sc2n1,41.82,64.13
CCOC(=O)c1ccc(-c2ccc(C=C3C=C(c4ccccc4)N(Cc4ccccc4)C3=O)o2)cc1,35.11,47.54
N#CC(C#N)=Cc1csc([N+](=O)[O-])c1,27.56,31.38
O=C1c2ccc(N(c3ccccc3)c3ccccc3)cc2C(=O)c2ccc(N(c3ccccc3)c3ccccc3)cc21,42.67,65.19
COC(=O)c1ccc2c(c1)[N+](C)=C(/C=C/c1ccc(OC)c(OC)c1OC)C2(C)C,22.81,24.08
CN(C)c1ccc(C=CC=CC2=NC(C(=O)O)CS2)cc1,73.85,83.1
Cc1ccc(C2=C/C(=C\c3ccc(-c4ccc([N+](=O)[O-])cc4Br)o3)C(=O)O2)cc1,55.54,72.93
O=C1C(=Cc2ccc(-c3ccc(Br)cc3)o2)C=C(c2ccccc2)N1c1cccc([N+](=O)[O-])c1,52.73,71.68
C[Si](C)(C)[O-].[K+],53.12,72.04
CCN1C(=O)/C(=C2/C=CC=CN2C)S/C1=N\c1ccc(Cl)cc1,32.08,44.39
O=[N+]([O-])c1ccc(-c2ccc(C=Cc3nc4ccccc4o3)o2)cc1,33.84,53.42
CCN(CC)c1ccc(/C=C2/C(C)=C(C#N)c3nc(N)c(C#N)c(C)c32)cc1,43.18,63.33
Cc1ccc2c(c1)C(=O)c1nc3ccccc3[n+]([O-])c1-2,40.42,56.94
CCN1/C(=C\C=c2/s/c(=C3\SC(=S)N(C)C3=O)n(CC)c2=O)C(C)(C)c2cc(-c3ccccc3)ccc21,21.37,23.34
O=c1c2cc([N+](=O)[O-])cc3cccc(c32)c2nc3cccc4cccc(c43)n12,35.8,55.74
O=C1N=C(N2CCOCC2)SC1=CC=Cc1ccc([N+](=O)[O-])cc1,71.06,77.65
COc1ccc([N+](=O)[O-])cc1/N=C/c1ccc(N(C)C)cc1,16.58,25.84
CCN(CC)c1ccc(-n2c(N)c(C(=O)NCCC(C)C)c3nc4ccccc4nc32)cc1,17.81,29.95
O=C1/C(=C/c2ccc(-c3ccc(Br)cc3)o2)C=C(c2ccccc2)N1c1ccc(Nc2ccccc2)cc1,49.4,73.64
O=[N+]([O-])c1ccc2nc3c4cc(I)ccc4c4ccc(I)cc4c3nc2c1,45.91,71.1
CC(C)(C)c1ccc(C2=NC(=CC=Cc3cccc([N+](=O)[O-])c3)C(=O)O2)cc1,44.98,61.03
Cc1ccc(Sc2ccc(Nc3cc(S(=O)(=O)[O-])c(N)c4c3C(=O)c3ccccc3C4=O)cc2)c(C)c1.[Na+],51.4,70.39
O=C1C(=Cc2ccc(-c3ccc(Br)cc3)o2)C=C(c2ccccc2)N1c1cccc(O)c1,50.15,74.89
CC(/C=C/C=C(\C)C(=O)O[C@@H]1O[C@H](CO)[C@@H](O)[C@H](O)[C@H]1O)=C\C=C\C=C(C)\C=C\C=C(/C)C(=O)O[C@@H]1O[C@H](CO[C@@H]2O[C@H](CO)[C@@H](O)[C@H](O)[C@H]2O)[C@@H](O)[C@@H](O)[C@H]1O,75.65,81.67
CC[N+]1=C(/C=C/C=C2/N(CCCCCC(=O)O)c3ccc(S(=O)(=O)O)cc3C2(C)C)C(C)(C)c2cc(S(=O)(=O)[O-])ccc21,28.56,35.08
CCc1ccc(N2C(=O)C(=Cc3ccc(-c4ccc(C(=O)O)cc4)o3)C(=O)N(C)C2=S)cc1,67.63,83.95
CC(C)Nc1cc(N2CCCC2)c(N)c2c1C(=O)c1ccccc1C2=O,28.0,41.96
[C]Oc1ccc(/[C]=C2/[C][C]C(=C3S[C][C][C]S3)C2=O)cc1,37.86,50.12
O=[N+]([O-])c1ccc(/C=N/c2ccc(/N=C/c3ccc([N+](=O)[O-])s3)cc2)s1,38.03,51.7
COC(=O)c1ccc2c(c1)C(C)(C)C(/C=C/c1ccc(OC)cc1OC)=[N+]2C,22.51,24.51
CCN(CC)c1ccc2c(/C=C/c3ccc(N(C)C)cc3)c3ccc(OC)cc3[o+]c2c1,23.58,34.55
CCC(C)NC(=O)c1c(N)n(/N=C/c2ccc(N(C)C)cc2)c2nc3ccccc3nc12,29.65,51.8
CC(C)Nc1cc(N2CCN(C)CC2)c(N)c2c1C(=O)c1ccccc1C2=O,41.69,61.19
CCOc1ccc2c(c1)C(C)(C)C(/C=C/c1ccc(C(=O)OC)cc1)=[N+]2C,22.95,27.43
CCCCCCCCCCCCCCCCCCN1/C(=C/C=C/C=C/C2=[N+](CCCCCCCCCCCCCCCCCC)c3ccccc3C2(C)C)C(C)(C)c2ccccc21,52.14,72.86
O=C1N=C(N2CCN(c3cccc(Cl)c3)CC2)S/C1=C\c1ccc(-c2ccc([N+](=O)[O-])cc2Cl)o1,48.04,60.46
[C][C]Oc1ccc([C]N=S([O-])[O+]c2ccc3c(c2)C(=C2[C][C][C][C]2)C(=O)[N]3)cc1,46.84,63.23
CCOC(=O)c1c(N)n(-c2ccc(N(C)C)cc2)c2nc3ccccc3nc12,18.87,32.84
CSc1[s+]sc2c1-c1cc(C)ccc1N(C)C2(C)C,15.47,21.65
O=C1[N]c2ccc([O+]S([O-])=N[C]3[C][C][C][C][C]3)cc2C1=C1[C][C][C][C]1,53.28,65.49
COC1CC(=O)C2C(O)CCCC(C)OC(=O)C3=C(/C=C/C=C/C=C/C(=O)O)OC1C32,80.79,85.69
O=[N+]([O-])c1ccc(Nc2ccc(NC3CCOCC3)cc2)nc1,60.18,76.96
CCOc1ccc(N2C(=O)/C(=C/c3ccc(-c4ccc([N+](=O)[O-])cc4)o3)SC2=S)cc1,46.24,58.76
O=C(C=Cc1ccc(-c2ccc([N+](=O)[O-])cc2)o1)c1ccc(N2CCOCC2)c(F)c1,43.76,54.12
CCN(CCO)c1ccc(-n2c(N)c(C(=O)OC)c3nc4ccccc4nc32)cc1,22.76,38.28
[C]Oc1cc(/[C]=C2\C(=O)c3ccccc3C2=C(C#N)C#N)cc(O[C])c1O[C],44.35,54.82
CN(C1=NC(=O)C(=CC(Cl)=Cc2ccc([N+](=O)[O-])cc2)S1)c1ccc(O)cc1,50.57,58.66
CCOc1ccc(/N=c2\scc(-c3ccc([N+](=O)[O-])cc3)n2-c2ccc(OCC)cc2)cc1,37.56,51.65
Nc1c(-c2ccc([N+](=O)[O-])cc2)sc2nc(N3CCOCC3)c3c(c12)CCCC3,27.88,39.58
O=C1c2ccccc2-c2cc(N3CCCC3)nc3cccc1c23,28.84,47.47
CC(C)C(C(=O)O)N1C(=O)C(=CC(Cl)=Cc2ccc([N+](=O)[O-])cc2)SC1=S,62.54,66.38
S=C1[N][C](c2ccccc2)C2=C([N]1)C(=C1S[C][C][C]S1)[C][C][C]2,28.9,41.23
[C]N1C(=O)C(=C2[C][C][C][C]2)c2cc(S(=O)(=O)[N][C]3[C][C][C][C]3)ccc21,55.46,64.58
O=C1C(=Cc2ccc(-c3ccc([N+](=O)[O-])cc3)o2)NC(=S)N1CC1CCCO1,52.29,57.56
CN(C)c1ccc(/C=N/n2c(N)c(C(=O)NCC3CCCO3)c3nc4ccccc4nc32)cc1,43.66,67.99
CN1CCN(C2=C(Cl)C(=O)C(c3cnc(N(C)C)s3)=C(Cl)C2=O)CC1,46.07,54.15
CCN1C(=CC=c2sc(=C3SC(=S)N(C)C3=O)n(CC)c2=O)Sc2ccc(OC)cc21,17.88,17.81
CC(C)C/C=C1\CC/C(=C\c2ccc(N(C)C)cc2)C1=O,11.39,15.62
[C]N1C(=O)C(=C2[C][C][C][C]2)c2cc(S(=O)(=O)N3[C][C][C][C]3)ccc21,55.77,60.48
CCN1C(=CC=CC2=CC(=Cc3sc4ccccc4[n+]3CC)CC(C)(C)C2)Oc2ccccc21,17.68,23.45
COCCCN1C(=O)NC(=O)/C(=C(O)\C=C\c2c[nH]c3ccccc23)C1=O,79.74,74.78
[C]C1([C])[C]C([N][C][C][C]N2[C][C][C][C][C]2)=[C]C(=[N+]2[C][C][C][C][C]2)[C]1,48.32,55.85
CCCCC1=C(C)/C2=C/c3c(C)c(CCCC)c4n3[Cu]n3/c(c(C)c(CCCC)/c3=C/C1=N2)=C\C1=N/C(=C\4)C(CCCC)=C1C,36.86,48.76
O=S(=O)([O-])c1ccccc1N=C1C=CC(=C(c2ccc(Nc3ccccc3S(=O)(=O)[O-])cc2)c2ccc(Nc3ccccc3S(=O)(=O)O)cc2)C=C1.[Na+].[Na+],52.15,69.87
CC1=C(C#N)c2nc(N)c(C#N)c(C)c2/C1=C\c1ccc(N2CCCC2)c(F)c1,50.39,73.79
CCN(CC)c1ccc(C(=C2C=CC(=[N+](CC)CC)C=C2)c2cc(S(=O)(=O)[O-])ccc2S(=O)(=O)[O-])cc1,20.36,25.8
COC(=O)c1ccc(N2C(=O)C(=Cc3ccc(-c4ccc([N+](=O)[O-])cc4)o3)C=C2c2ccccc2)cc1,48.02,62.04
O=C1C(=Cc2c3ccccc3cc3ccccc23)CCC1=Cc1c2ccccc2cc2ccccc12,38.4,59.43
CCN(CCO)c1ccc(N=Nc2ncc([N+](=O)[O-])s2)c(C)c1,65.49,85.85
O=C(O)CCCCCN1C(=O)/C(=C\C(Cl)=C\c2ccc([N+](=O)[O-])cc2)SC1=S,51.9,58.15
COc1ccc(N2CN=c3s/c(=C\C=C\c4ccccc4)c(=O)n3C2)cc1,27.91,43.12
O=C(O)CCC(=Cc1ccc(-c2ccc([N+](=O)[O-])cc2Br)o1)c1nc2ccccc2s1,55.01,71.01
CC1=C(C#N)c2nc(N)c(C#N)c(C)c2/C1=C\c1ccc(-c2cccc([N+](=O)[O-])c2)o1,58.95,83.73
CCc1ccc(N2CN=c3s/c(=C\c4ccc([N+](=O)[O-])cc4)c(=O)n3C2)cc1,40.48,48.1
Cc1ccc(N2CCN(C3=NC(=O)/C(=C\c4ccc(-c5ccc([N+](=O)[O-])cc5)o4)S3)CC2)cc1Cl,41.94,51.81
CCOc1ccc(N2CN=c3s/c(=C\C=C\c4ccccc4)c(=O)n3C2)cc1,27.99,39.92
CC(C)(C)c1ccc(C2=CC(=Cc3ccc(-c4cc([N+](=O)[O-])ccc4Cl)o3)C(=O)O2)cc1,54.55,73.34
O=C(/C=C/c1ccc(-c2ccc([N+](=O)[O-])cc2)o1)N1CCOCC1,59.02,69.33
CCC1=C(CC)c2cc3[nH]c(cc4nc(cc5[nH]c(cc1n2)c(CC)c5CC)C(CC)=C4CC)c(CC)c3CC,28.35,37.02
CCN(CC)c1ccc(NC(=O)c2ccc(-c3ccc([N+](=O)[O-])cc3C)o2)cc1,28.51,38.56
[C]N([C])c1ccc(C(=NC([C]2[C][C][C][C][C]2)([C]2[C][C][C][C][C]2)[C]2[C][C][C][C][C]2)c2ccc(N([C])[C])cc2)cc1,47.37,62.93
CN(C)c1ccc(C=CC2=C/C(=C/c3sc4ccccc4[n+]3C)CC(C)(C)C2)cc1,18.16,25.16
CC[n+]1c(C=C2C=C(C=CN(C)C)Oc3ccccc32)sc2ccccc21,17.79,26.47
COc1cc(N2CCCC2)c(OC)cc1/C=C(/C#N)c1ccc([N+](=O)[O-])cc1,26.71,32.87
CC(C)(C)c1ccc(N2C(=O)/C(=C/c3ccc([N+](=O)[O-])cc3)C=C2c2ccccc2)cc1,44.31,61.82
[C][C]N1C(=O)C(=[C]c2ccc(N([C][C])[C][C])cc2)C(=O)N([C][C])C1=S,37.75,38.98
COc1cc(=O)oc(/C=C/C=C/C=C/C(C)=C/[C@]2(C)O[C@H](C)[C@](C)(O)[C@H]2O)c1C,57.88,66.98
[C][C][C][C]N1C(=O)C(=[C]/[C]=[C]/[C]=[C]/[C]=C2N([C][C][C][C])c3ccccc3N2[C][C][C][C])C(=O)N([C][C][C][C])C1=S,40.43,44.99
O=S(=O)([O-])CCC[n+]1c(/C=C/C=C2/Sc3ccc4ccccc4c3N2CCCS(=O)(=O)O)sc2ccc3sccc3c21,24.24,31.38
N#CC(C#N)=c1ccc2c(c1)N1C3=C(CCCC3)CC3CCCCC31N=2,17.81,28.99
CCCCNc1cc(NC(C)C)c2c3c(onc13)-c1ccccc1C2=O,17.89,25.07
COc1cccc(N2C(=O)/C(=C/c3ccc(-c4ccc(Br)cc4)o3)C=C2c2ccccc2)c1,50.04,70.65
CCN(CC)c1ccc(C=C2CCC(C=NN=Cc3c(-c4ccccc4)nc4sccn34)=C2N2CCOCC2)cc1,21.79,26.18
C=CC1=C(C)c2cc3[n-]c(cc4nc(cc5[n-]c(cc1n2)c(C)c5C=C)C(C)=C4CCC(=O)O)c(CCC(=O)O)c3C,66.32,89.28
CN(C)c1ccc(/C=C/C=C/[C@]23NC(=O)CN2c2ccccc2C3(C)C)cc1,18.31,22.57
Cc1cc(C)c2c(c1)/C(=N/C1CCCCC1)c1cc3cccc(C)c3nc1-2,34.14,51.22
CC[n+]1c(C=C2C=C(C=C3Sc4ccccc4N3CCCS(=O)(=O)[O-])CC(C)(C)C2)sc2cc(OC)c(C)cc21,17.01,17.66
COc1cc(C)c(C=CC(C)=CC=CC(C)=CC(=O)OCC(C)C)c(C)c1C,18.44,21.3
CN(c1ccccc1)c1ccc(/C=C2/C(=O)ON=C2c2ccc(Cl)cc2)cc1,40.22,59.42
COc1ccc(-c2nc(N=Cc3ccccc3O)sc2-c2ccc([N+](=O)[O-])cc2)cc1,50.51,72.76
[C][C]n1c2ccccc2c2cc([C]=[C]C3=[C]C(=C(C#N)C#N)[C]C([C])([C])[C]3)ccc21,36.97,46.81
CCCCN(CCCC)c1ccc(/N=N/c2ccccc2C(=O)O)cc1,37.71,56.31
Cc1ccc(N2C(=O)/C(=C/c3ccc(-c4ccc([N+](=O)[O-])cc4)o3)C=C2c2ccccc2)c(Br)c1,53.12,71.35
O=C1/C(=C/c2ccc(-c3ccc([N+](=O)[O-])cc3)o2)NC(=S)N1CC1CCCO1,52.84,58.66
[C]N([C]1[C][C][C][C][C]1)S(=O)(=O)c1ccc2c(c1)C(=C1[C][C][C][C]1)C(=O)[N]2,56.74,63.19
CCN(CC)c1ccc(/N=N/c2nc3ccc([N+](=O)[O-])cc3s2)cc1,21.36,34.49
O=C(c1ccc([N+](=O)[O-])o1)c1sc(N2CCOCC2)nc1-c1cccs1,30.34,32.6
O=C1/C(=C/c2ccc([N+](=O)[O-])cc2)C=C(c2ccccc2)N1Cc1ccccc1,28.09,38.88
COc1ccc([N+](=O)[O-])cc1NC(=O)c1ccc(N(C)c2ccc(C)cc2)cc1,27.3,39.28
CN(C)c1ccc(NC(=O)/C=C/c2ccc([N+](=O)[O-])cc2)cc1,28.84,38.84
[C][C]Oc1ccc([C]N=S([O-])[O+]c2ccc3c(c2)C(=C2[C][C][C][C]2)C(=O)[N]3)cc1O[C],48.26,62.37
N#Cc1cc2c(cc1C#N)N1CCCc3cccc(c31)O2,25.13,40.74
CC(C)c1ccc(N2C(=O)/C(=C\c3ccc(-c4ccc(Cl)c(Cl)c4)o3)C=C2c2ccccc2)cc1,50.48,71.61
O=C(Nc1ccc(N(C(=O)c2ccccc2)c2ccc(NC(=O)c3ccco3)cc2)cc1)c1ccco1,34.02,54.53
CCCCCCCCCCCCCCCCN1C=CC(=CC=C(C#N)C#N)c2ccccc21,18.08,29.01
[Na+].[Na+].[O-]C(=O)c1ccccc1-c1c2ccc([O-])cc2oc2cc(=O)ccc12,54.3,73.49
O=C1C(=Cc2ccc(N3CCCC3)o2)C(=O)c2ccccc21,28.93,44.87
Cc1ccc(N2C(=O)C(=CC=Cc3ccco3)SC2=S)cc1,17.3,23.96
CCN(CC)S(=O)(=O)c1ccc(-c2ccc(/C=C/C(=O)c3cccc(N4CCOCC4)c3)o2)cc1,21.82,25.65
[C]N([C])c1ccc(/[C]=[C]/C(=O)C(C(=O)c2ccccc2)=C2S[C][C][C][C]S2)cc1,29.22,32.55
[Na+].[Na+].[O-]S(=O)(=O)c1ccc2cc(ccc2c1)S([O-])(=O)=O,56.68,70.08
Cc1ccc(C)c2c1NC(=O)/C2=c1/cc/c(=c2\cc/c(=C3/C(=O)Nc4c(C)ccc(C)c43)s2)s1,46.2,59.52
CCCN(CCC)c1ccc(/N=N/c2ccccc2C(=O)O)cc1,50.16,68.38
[C]N1C(=O)C(=[C]c2cccn2-c2ccc(N([C])[C])cc2)C(=O)N([C])C1=S,44.29,46.15
CCN1C(=O)C(=Cc2ccc(-c3ccc(C(=O)OC)cc3)o2)N(CC)C1=S,20.97,23.88
CN(CCO)c1cc(NCc2ccco2)c2c(c1N)C(=O)c1ccccc1C2=O,36.79,50.65
[C]N1C(=O)C(=C2[C][C][C][C]2)c2cc(S(=O)(=O)[N][C]3[C][C][C][C][C][C][C]3)ccc21,55.36,65.13
CN1C(=O)/C(=C/C=C/c2ccco2)SC1=S,24.2,36.2
CN1c2ccc(C(=S)N3CCOCC3)cc2-c2c(ssc2=S)C1(C)C,11.45,13.23
CN1/C(=C/C2=CC(=C(C#N)C#N)CCC2)Sc2ccccc21,17.38,21.35
"COC(=O)C1=C(C)N(CCC2=CC=CC=C2)C(=O)\C1=C/C=C\C1=CC=C(C=C1)N(C)C |c:4,12,14,26,28,t:10,24|",14.9,13.41
CCN(CC)c1ccc(C=NN=CC2=C(N3CCOCC3)C(=Cc3ccc(N(CC)CC)cc3)CC2)cc1,16.17,19.56
COc1cc(C=C2CCCC(=Cc3cc(OC)c(O)c(OC)c3)C2=O)cc(OC)c1O,43.88,58.07
O=C(NN=CC1=C(N2CCOCC2)C(=Cc2ccc([N+](=O)[O-])cc2)CC1)NC1CCCCC1,54.59,66.3
O=C(O)CCN1C(=O)/C(=C/C(Cl)=C\c2ccc([N+](=O)[O-])cc2)SC1=S,67.77,67.83
CCN1C(=CC2=C/C(=C/c3sc4ccccc4[n+]3CC)CC(C)(C)C2)Sc2ccccc21,16.62,22.42
O=c1nc(C(F)(F)F)cc(/C=C/c2ccc(-c3ccc([N+](=O)[O-])cc3)o2)[nH]1,58.03,74.59
O=C(O)c1ccc(N2C(=O)/C(=C/c3ccc(-c4ccc([N+](=O)[O-])cc4)o3)C=C2c2ccccc2)cc1,68.65,92.76
COc1cc([N+](=O)[O-])ccc1-c1ccc(C(=O)Nc2ccc(N3CCCCC3)cc2)o1,33.72,46.61
CCN1C(=O)C(=CC=C2[Se]c3ccccc3N2CC)SC1=S,12.9,16.89
O=C1c2ccccc2-c2onc3c(Cl)cc(NC4CCCCC4)c1c23,31.07,49.41
CCCC[n+]1cccc(-c2c3nc(c(-c4ccc[n+](CCCC)c4)c4ccc([nH]4)c(-c4ccc[n+](CCCC)c4)c4nc(c(-c5ccc[n+](CCCC)c5)c5ccc2[nH]5)C=C4)C=C3)c1,50.45,69.97
[C][C]Oc1ccc(/[C]=[C]/C([C]2[C][C]2)=C(\C#N)C([N])=C(C#N)C#N)cc1,28.3,31.78
CN1C(=C2C=C(c3sc4ccccc4[n+]3C)CC2)Sc2ccccc21,17.86,27.6
COc1ccc2[nH]c(O)c(C=c3ccc4c(c3)N=NC=4/C=C/c3ccc(N4CCN(C)CC4)nc3)c2c1,47.24,67.74
COC(=O)CN1C(=S)N(c2ccc(OC)cc2)C(=O)C1=Cc1ccc(-c2ccc([N+](=O)[O-])cc2)o1,35.64,39.44
FC(F)(F)c1nnc(S)n1/N=C/c1ccc(N2CCOCC2)cc1,54.01,62.81
CNc1ccc(NC(=O)c2ccc(C)cc2)c2c1C(=O)c1ccccc1C2=O,47.01,67.18
NC(=S)N/N=C1/c2ccccc2-c2nc3nonc3nc21,55.24,75.94
CCN1C=C/C(=C/C=C2\SC(=S)N(c3ccccc3)C2=O)c2ccccc21,23.11,30.94
CC(C)CCNC(=O)c1c(N)n(/N=C/c2ccc(N(C)C)cc2)c2nc3ccccc3nc12,24.36,43.55
CN(C)c1ccc(N=C2C=CC(=Nc3ccc(N(C)C)cc3)C=C2)cc1,18.48,39.01
CCCCN(CCCC)c1ccc(/N=N/c2ccc([N+](=O)[O-])cc2)cc1,15.13,24.82
CCCCN(CCCC)C(C=C1)=CC=C1/N=N/C(C=C2)=CC=C2[N+]([O-])=O,15.13,24.82
O=C([O-])c1ccc(C(=O)O)c(-c2c3cc4c5c(c3[o+]c3c6c7c(cc23)CCCN7CCC6)CCCN5CCC4)c1,49.05,67.57
O=[N+]([O-])c1ccc(-c2sc(N3CCOCC3)nc2-c2ccccc2)cc1,25.94,32.41
O=C1C(=Cc2ccc(-c3cc([N+](=O)[O-])ccc3O)o2)Sc2ccccc21,55.36,75.41
CC[n+]1c(/C=C/C=C/N(C)c2ccccc2)sc2ccccc21,12.88,21.69
CCN(CC)C(=S)SCCN(CC)c1ccc(N=Nc2c(Cl)cc([N+](=O)[O-])cc2Cl)cc1,16.32,20.2
Cc1[nH]c2ccccc2c1C=CC1=[N+](C)c2ccccc2C1(C)C,15.55,23.06
[C]C1([C])[C]C([C]=[C]c2ccc(N3[C][C]O[C][C]3)s2)=[C]C(=C(C#N)C#N)[C]1,43.36,49.19
Cc1ccc(N2C(=O)c3ccccc3Sc3cc(C#N)c(C#N)cc32)cc1,41.08,59.64
COc1ccc(C(=O)c2c(C=CN(C)C)oc3cc(C#N)c(C#N)cc23)cc1,28.87,37.45
O=C1[N]c2ccc([O+]S([O-])=N[C]c3ccccn3)cc2C1=C1[C][C][C][C]1,46.07,62.88
[C]c1ccc2c(c1)C1=C(SSC1=C1C(=O)c3ccccc3C1=O)C([C])([C])[N]2,53.11,68.42
CN(C)c1ccc(/C=C/C=C2/S/C(=N/c3ccccc3)NC2=O)cc1,22.15,33.64
O=C1N=C(N2CCN(c3ccc(Cl)cc3)CC2)SC1=Cc1ccc(-c2cccc([N+](=O)[O-])c2)o1,43.02,53.73
c1cc(N2CCOCC2)ccc1Nc1nc2nonc2nc1Nc1ccc(N2CCOCC2)cc1,24.94,36.21
O=P([O-])([O-])O[C@H]1[C@H](OP(=O)([O-])[O-])[C@@H](OP(=O)([O-])[O-])[C@H](OP(=O)([O-])[O-])[C@@H](OP(=O)([O-])[O-])[C@H]1OP(=O)([O-])[O-].[Zn+2].[Zn+2].[Zn+2].[Zn+2].[Zn+2].[Zn+2],82.25,81.77
CCOc1ccc(N2C(=O)C(=Cc3ccc(-c4ccc(Br)cc4)o3)C=C2c2ccccc2)cc1,49.55,69.94
COC(C=Cc1ccc(N(C)C)cc1)=CC1=[N+](C)c2ccccc2C1(C)C,14.5,15.31
CN(C)c1ccc(/C=C/C=C2/SC(=O)N(CC(=O)N3CCCC3)C2=O)cc1,42.68,59.36
CC=CC=NN=CC1=C(N2CCOCC2)C(=Cc2ccccc2)CC1,32.58,53.16
Cc1ccc2c(c1)-c1nc3ccccc3cc1/C2=N\C1CCCCC1,33.21,52.68
O=[N+]([O-])c1ccc(/C=C/C=N/c2ccc(Nc3ccccc3)cc2)cc1,23.26,41.14
CC1=C(C#N)c2nc(N)c(C#N)c(C)c2C1=Cc1ccc(-c2cccc(Br)c2)o1,56.38,82.17
N#C/C(=C\C=C\c1ccco1)c1nc(-c2ccc([N+](=O)[O-])cc2)cs1,32.18,44.53
CCC(C)NC(=O)c1c(N)n(-c2ccc(N(CC)CC)cc2)c2nc3ccccc3nc12,21.54,36.92
[C][C][C]N([C][C][C])C1=[C]C(=[N+]2[C][C][C][C][C]2)[C]C([C])([C])[C]1,42.04,49.67
O=C1c2ccccc2-c2ccc(N3CCOCC3)c3cccc1c23,26.51,43.07
CN(C)c1ccc(C=CC=C2SC(=O)N(CC(=O)OC(C)(C)C)C2=O)cc1,25.96,35.91
O=C(O)CN1C(=O)/C(=C\C=C\c2ccc([N+](=O)[O-])o2)SC1=S,81.26,78.54
COc1ccc(/C=C2/C=C(c3ccccc3)N(c3ccc(Sc4ccc([N+](=O)[O-])cc4)cc3)C2=O)cc1Br,50.44,67.27
CC1CC(C)(C)N(Cc2ccccc2)c2ccc(/C=C3\N=C(c4ccccc4)OC3=O)cc21,17.27,23.74
CC(C)NS(=O)(=O)c1ccc(-c2ccc(C=CC(=O)c3ccc(N4CCOCC4)cc3)o2)cc1,24.13,27.37
COc1ccc(C2=CC(=Cc3ccc(-c4cccc([N+](=O)[O-])c4)o3)C(=O)O2)cc1,49.52,65.7
O=C1c2ccccc2C(=O)c2cc3c(N4CCCCC4)cc(-c4ccccc4)nc3cc21,35.9,53.16
[C]N1C(=O)C(=[C]c2ccc(N3[C][C][C][C]3)cc2)C(=O)N([C])C1=S,55.96,56.82
CCCCCCCOC(=O)c1c(N)n(-c2ccc(N(CC)CC)cc2)c2nc3ccccc3nc12,21.07,30.17
[C][C][C][C][C][C][C][C]c1ccc(/C([C]=[N+]([C])[C])=[C]/N([C])[C])cc1,32.96,38.88
CN(C)c1ccc(/N=N/c2ccc(N3C(=O)CNC3=S)cc2)cc1,50.48,69.96
C1=C/C(=N\C2CCCCC2)C=C2C1=NC13CCCCC1CC1=C(CCCC1)N23,16.07,34.01
O=C(O)CCC(=Cc1ccc(-c2ccc([N+](=O)[O-])cc2)o1)c1nc2ccccc2s1,56.98,74.2
COC1=CC=C(C=C1)C2=CC=C(C=C(C#N)C#N)S2,24.21,32.92
COc1ccc(-c2ccc(C=C(C#N)C#N)s2)cc1,24.21,32.92
CC(C)(C)c1ccc(C2=N/C(=C\C=C\c3cccc([N+](=O)[O-])c3)C(=O)O2)cc1,47.95,65.78
c1csc(-c2ccc(-c3cccs3)c3nsnc23)c1,27.65,43.76
CCN1/C(=C/C=C2/SC(=S)N(C)C2=O)C(C)(C)c2cc(-c3ccccc3)ccc21,15.69,17.5
O=C1C(=CC=Cc2ccco2)SC(=S)N1c1ccc2c(c1)OCO2,16.09,23.67
CCOc1ccc(N2C(=O)/C(=C\c3ccc(-c4ccc([N+](=O)[O-])cc4)o3)SC2=S)cc1,44.93,57.05
CN(C)c1ccc(-c2nc3ccccn3c2/N=C/c2cccc([N+](=O)[O-])c2O)cc1,43.05,63.21
Nc1ccc(-c2ccc(N3C(=O)c4cccc5c(C(=O)c6ccccc6)ccc(c45)C3=O)cc2)cc1,53.34,78.28
O=C1/C(=C/c2ccc(-c3ccc(Br)cc3)o2)C=C(c2ccccc2)N1c1cccc([N+](=O)[O-])c1,54.08,73.5
CCCCCCCCCCCCNc1ccc(NCCCCCCCCCCCC)c2c1C(=O)c1ccccc1C2=O,25.57,39.85
O=C(C1=CC=CC=C21)C3=C(C2=O)C(NCCCCCCCCCCCC)=CC=C3NCCCCCCCCCCCC,25.57,39.85
CN1c2ccc3ccccc3c2C(C)(C)C12C=Cc1cc([N+](=O)[O-])ccc1O2,20.37,27.08
Cc1ccc(N2Cc3ccccc3Oc3cc(C#N)c(C#N)cc32)cc1,33.26,50.4
CN(CCc1ccccn1)c1cc(NC2CCCCC2)c2c3c(onc13)-c1ccccc1C2=O,16.97,22.52
CCOC(=O)C1=C(Nc2ccc(OCC)cc2)S/C(=C\c2ccc(N3CCOCC3)o2)C1=O,34.24,41.58
CCN(CC)c1ccc2nc3c4ccccc4c(=N)cc-3oc2c1,20.07,39.45
CC1=C(C#N)c2nc(N)c(C#N)c(C)c2C1=Cc1ccc(-c2cccc(Cl)c2)o1,56.78,83.94
CN1CCN(c2ccc(C=C(C#N)C#N)o2)CC1,27.79,39.59
CN(c1ccccc1)c1ccc(/C=c2/s/c(=C(/C#N)C(=O)C(C)(C)C)n(CCCN3CCOCC3)c2=O)cc1,23.84,27.59
O=C1c2ccccc2-c2onc3c(NC4CCCCC4)cc(Nc4ccc(Cl)cc4)c1c23,36.89,57.46
CC1=C(C#N)c2nc(N)c(C#N)c(C)c2C1=CC=Cc1ccccc1,40.17,62.68
CN(C)c1ccc(C=C2C=C(c3ccc(Cl)cc3)OC2=O)cc1Br,43.57,58.68
O=C1/C(=C\c2ccc(-c3ccc([N+](=O)[O-])cc3Cl)o2)NC(=S)N1CC1CCCO1,49.55,54.59
O=C1N=C(N2CCN(c3cccc(C(F)(F)F)c3)CC2)SC1=Cc1ccc(-c2ccc(Cl)cc2)o1,47.05,63.93
Cc1ccc(Nc2cc(/C=C(\c3ccccc3)N3CCCCC3)c3noc4c3c2C(=O)c2ccccc2-4)cc1,38.1,56.68
O=C(/C=C/c1ccc([N+](=O)[O-])cc1)Nc1ccc(N2CCOCC2)cc1,50.59,60.66
COC(C=C(C=C1)C2=C(C=C3)N=C3C(C(C=C4)=CC(OC)=C4OC)=C(C=C5)NC5=C(C6=CC=C(OC)C(OC)=C6)C7=NC(C=C7)=C(C8=CC=C(OC)C(OC)=C8)C9=CC=C2N9)=C1OC,60.49,85.92
O=[N+]([O-])c1ccc(/C=N/c2ccc(-c3ccc(/N=C/c4ccc([N+](=O)[O-])s4)cc3)cc2)s1,47.72,65.63
O=C1/C(=C/C(Cl)=C/c2ccc([N+](=O)[O-])cc2)SC(=S)N1c1ccc(F)cc1,44.21,55.93
COc1ccc(Nc2cc(N(C)C)c(N)c3c2C(=O)c2ccccc2C3=O)cc1,41.39,63.05
CC1=C(C#N)c2nc(N)c(C#N)c(C)c2/C1=C\c1ccc(N2CCOCC2)cc1,49.89,69.26
CN(C)c1ccc(/C=C/c2ccc3ccccc3[n+]2C)cc1.[I-],23.88,43.11
CCCN1C(=O)C(=CC=C2Sc3c(ccc4ccccc34)N2CC)SC1=S,12.62,13.4
Cc1ccc(N2CCN(C3=NC(=O)/C(=C\c4ccc(-c5cccc([N+](=O)[O-])c5)o4)S3)CC2)cc1,35.61,43.84
COc1cccc(/C=C2\CC/C(=C\c3cccc([N+](=O)[O-])c3)C2=O)c1,35.09,46.84
COc1ccc(-c2ccc(C=C3SC(=S)N(C)C3=O)o2)cc1Cl,32.23,40.75
COc1ccc2c(c1)C(C)(C)C1(C=Cc3cc([N+](=O)[O-])ccc3S1)N2C,16.1,17.15
CCN(c1ccc(/C=C/c2sc3ccccc3[n+]2C)cc1)c1ccc(OC)cc1,25.87,39.22
CN(C)c1ccc(/C=C2\C(=[NH2+])N3N=C(c4ccc([O-])cc4)SC3=NC2=O)cc1,56.25,69.75
[C]Oc1ccc(N2[C][C]N(OS(=O)c3ccc4c(c3)C(=C3[C][C][C][C]3)C(=O)[N]4)[C][C]2)cc1,53.61,64.15
CCC(C)c1ccc(O)c(N=CC=Cc2ccc([N+](=O)[O-])cc2)c1,31.72,43.1
C1=CC=C2C=C(/C=C/c3ccc4ccccc4c3)C=CC(=C1)C2,27.57,50.97
Cc1ccc(Nc2ccc(Nc3ccc(C)cc3)c3c2C(=O)c2c(O)ccc(O)c2C3=O)cc1,55.1,80.67
CCN(CC)c1ccc(N2C(=O)/C(=C/C(C)=C/c3ccccc3)SC2=S)cc1,19.52,23.98
CCOc1ccc(N2CN=c3sc(=CC=Cc4ccccc4)c(=O)n3C2)cc1,24.24,34.87
[Na+].[Na+].Oc1cc2cc(O)c(cc2cc1S([O-])(=O)=O)S([O-])(=O)=O,80.3,86.18
O=C1[N]c2ccc([O+]S([O-])=N[C]3[C][C][C][C][C][C]3)cc2C1=C1[C][C][C][C]1,53.33,65.62
O=C1C2=C(C=CC(S(=O)([O-])=O)=C2)C(C=C3)=C1C=C3S(=O)([O-])=O.[K+].[K+],66.33,75.77
CC1=C(C#N)c2nc(N)c(C#N)c(C)c2C1=Cc1ccc(-c2cccc(C(=O)O)c2)o1,67.83,95.23
CN(C)c1ccc(/C=N/n2c(N)c(C(=O)Nc3ccc(Cl)cc3)c3nc4ccccc4nc32)cc1,37.16,62.59
Cc1cc(Br)ccc1N1C(=O)/C(=C/c2ccc(-c3ccc([N+](=O)[O-])cc3)o2)C=C1c1ccccc1,53.58,71.8
O=C1N=C(N2CCN(c3cccc(Cl)c3)CC2)S/C1=C/c1ccc(-c2ccc([N+](=O)[O-])cc2)o1,43.96,55.13
CC(C)(C)C(=O)/C(C#N)=C/c1ccc(-c2ccc([N+](=O)[O-])cc2)o1,36.12,49.48
COCCNc1cc(N(C)CCO)c(N)c2c1C(=O)c1ccccc1C2=O,47.06,62.04
N#C/C(=C/c1ccc(N2CCOCC2)o1)c1ccc([N+](=O)[O-])cc1,35.16,43.96
O=C(O)c1ccc(N2C(=O)/C(=C\c3ccc(-c4ccc([N+](=O)[O-])cc4)o3)C=C2c2ccccc2)cc1,68.86,93.03
ClC1=CC=CC=C1C2=C(C=C3)N=C3C(C4=CC=CC=C4Cl)=C(C=C5)NC5=C(C6=CC=CC=C6Cl)C7=NC(C=C7)=C(C8=CC=CC=C8Cl)C9=CC=C2N9,60.35,87.59
Clc1ccccc1-c1c2nc(c(-c3ccccc3Cl)c3ccc([nH]3)c(-c3ccccc3Cl)c3nc(c(-c4ccccc4Cl)c4ccc1[nH]4)C=C3)C=C2,60.35,87.59
CC1=C(C#N)c2nc(N)c(C#N)c(C)c2C1=Cc1ccc(-c2ccc(Cl)cc2)o1,57.36,84.93
[C]c1ccc(Cl)cc1N1C(=O)[C]2[C]([C]3[C]=[C][C]2C3=C2[C]3[C][C]4[C][C]([C]3)[C][C]2[C]4)C1=O,54.86,76.74
CCc1ccc(N=C2SC(=C3C(=O)Nc4ccc([N+](=O)[O-])cc43)C(=O)N2c2ccc(CC)cc2)cc1,45.21,56.31
O=S(=O)([O-])c1ccc(N/N=C2/c3ccccc3-c3nc4ccccc4nc32)cc1,45.49,67.34
O=C1C=Cc2ccc(N3CCOCC3)c3cccc1c23,23.84,46.25
C1=C2CCCC3=CSS(=C23)S1,13.37,29.67
O=C1C(=Cc2ccc(-c3ccc([N+](=O)[O-])cc3)o2)Cc2ccccc21,45.75,62.58
Cc1ccc(N2C(=O)C(=Cc3ccc(-c4ccc(Br)cc4)o3)C=C2c2ccccc2)cc1C,47.88,67.58
CCCCc1ccc(Nc2ccc(Nc3ccc(CCCC)cc3)c3c2C(=O)c2c(O)ccc(O)c2C3=O)cc1,47.82,68.52
Cc1cccc(N2CCN(C3=NC(=O)/C(=C\c4ccc(-c5ccc([N+](=O)[O-])cc5)o4)S3)CC2)c1,35.43,43.65
CCCCCCCCc1ccc(-c2ccc(C(=O)Nc3ccc(NCCCC)c4c3C(=O)c3ccccc3C4=O)cc2)cc1,40.34,57.7
CCn1cc(/C=C/C(O)=C2/C(=O)N(CCCOC)C(=O)N=C2O)c2ccccc21,77.52,77.94
CCc1ccc(N2CN=c3sc(=Cc4ccc([N+](=O)[O-])cc4)c(=O)n3C2)cc1,36.53,43.33
CCN(CC)c1ccc2nc3c4cc(O)ccc4c(=O)cc-3oc2c1,26.77,48.12
CC(=O)Nc1ccc(Nc2ccccc2)c2c1C(=O)c1ccccc1C2=O,45.87,67.54
N#Cc1cc2c(cc1C#N)N(c1ccccc1)C(=O)CS2,28.17,42.33
CN(C)/C=C/C=C/C=C(C#N)C#N,23.07,30.39
CCN(CC)c1ccc(C=C2CCC(C=NN=Cc3c[nH]c4ccccc34)=C2N2CCOCC2)cc1,21.73,27.25
CN(C)c1ccc(/C=C/C=C2/SC(Nc3ccccc3)=NC2=O)cc1,21.98,35.24
[O-][n+]1c(CBr)c(CBr)[n+]([O-])c2ccccc21,31.74,32.42
CCCCN1C(=O)C(=CC=C2C=CN(CC)c3ccccc32)SC1=S,11.84,13.32
Cc1ccc(N2CCN(C(=O)C(C#N)=Cc3ccc(-c4ccc(F)cc4)o3)CC2)cc1,29.69,37.14
O=[N+]([O-])c1cccc(/C=C/c2nc3ccccc3nc2N2CCCCC2)c1,19.76,30.59
CN(C)c1ncc(C2=C(Cl)C(=O)C(N3CCCC3)=C(Cl)C2=O)s1,33.0,42.54
COc1cc([N+](=O)[O-])ccc1-c1ccc(C=NN(c2ccccc2)c2ccccc2)o1,30.82,45.05
CC1CCc2oc3ccc(NS(=O)(=O)c4ccc5c(c4)C(=O)c4ccccc4C5=O)cc3c2C1,34.09,48.38
CN(C)c1ccc(/C=C2\C=C(c3ccc(Cl)cc3)OC2=O)cc1,36.69,53.55
CC1=CC(=C(C#N)C#N)C=C(C=Cc2ccc(N(C)C)cc2)O1,18.94,23.63
CCN1C(=O)/C(=C\C=C2\N(CC)c3ccc(-c4ccccc4)cc3C2(C)C)S/C1=N\c1ccc(C)cc1,23.3,32.19
Cc1ccccc1N1CCN(C2=NC(=O)C(=Cc3ccc(-c4ccc([N+](=O)[O-])cc4Cl)o3)S2)CC1,37.18,45.29
CC1CCCCN1c1cc(Nc2ccc(C(=O)O)cc2)c2c3c(onc13)-c1ccccc1C2=O,63.12,85.79
NC(=S)N/N=C1/c2ccccc2-c2nc3ccccc3nc21,35.15,62.25
CC1=C(C#N)c2nc(N)c(C#N)c(C)c2C1=Cc1ccc(-c2ccc([N+](=O)[O-])cc2C)o1,55.53,78.45
[C][C]N1[C][C]N(S(=O)(=O)c2ccc3c(c2)C(=C2[C][C][C][C]2)C(=O)N3[C])[C][C]1,56.82,57.59
CCOC(=O)C1CCCN(c2cc(NC3CCCCC3)c3c4c(onc24)-c2ccccc2C3=O)C1,23.23,32.01
CCCCN(CCCC)c1ccc(/N=N/c2ccc(-c3ccc(/N=N/c4ccc(N(CCCC)CCCC)cc4)cc3)cc2)cc1,26.53,38.99
CC1=C(C#N)c2nc(N)c(C#N)c(C)c2/C1=C\c1cn(C)c2ccccc12,47.11,68.34
C/C(=N\N=c1\scc(-c2ccc([N+](=O)[O-])cc2)n1-c1ccccc1)c1ccccc1,31.29,45.23
[C]N(c1ccccc1)c1ccc([C]=C2C(=O)[N]C(=S)[N]C2=O)cc1,52.76,64.85
CCN1CCC(Nc2cc3c4c(cccc4n2)C(=O)c2ccccc2-3)CC1,38.51,66.76
O=[N+]([O-])c1ccc(/C=N/c2ccc(Nc3ccccc3)cc2)s1,18.81,33.95
O=C1c2ccccc2C(=O)c2cc(NCCOCCO)ccc21,48.01,62.39
O=C1[C]2[C]([C]3[C]=[C][C]2C3=C2[C]3[C][C]4[C][C]([C]3)[C][C]2[C]4)C(=O)N1c1cc(Cl)cc(Cl)c1,54.86,77.25
[C]N1[C][C]N(S(=O)(=O)c2ccc3c(c2)C(=C2[C][C][C][C]2)C(=O)N3[C])[C][C]1,59.3,58.45
CC1=C(C#N)c2nc(N)c(C#N)c(C)c2C1=Cc1ccc(-c2ccccc2)o1,53.05,80.03
C=CCSC1=N/C(=C\C=C\c2ccc([N+](=O)[O-])o2)C(=O)S1,41.91,50.44
CC(=O)Nc1ccc(N2C(=O)/C(=C\C3=Cc4ccccc4OC3C)SC2=S)cc1,34.29,43.61
C=CCN1C(=O)/C(=c2\s/c(=C\C=C3\Sc4ccc(OC)cc4N3CC)c(=O)n2CC)SC1=S,20.7,21.07
[C]Oc1ccccc1N1[C][C]N(S(=O)Oc2ccc3c(c2)C(=C2[C][C][C][C]2)C(=O)N3[C])[C][C]1,52.92,63.48
O=C(C=Cc1ccc(-c2ccc([N+](=O)[O-])cc2)o1)N1CCOCC1,55.63,65.2
CCN(CCC#N)c1ccc(/N=N/c2ccc(/N=N/c3cccc(S(=O)(=O)O)c3)c3ccccc23)c(C)c1,28.48,41.37
CC(C)CNc1cc(NCCO)c(N)c2c1C(=O)c1ccccc1C2=O,44.17,58.67
CCN1C(=O)/C(=C\C=C\c2ccc([N+](=O)[O-])o2)SC1=S,42.31,50.31
CC(C)CN1C(=O)/C(=C/c2ccc(-c3ccc(Cl)c(C(F)(F)F)c3)o2)S/C1=N\c1ccc(N(C)C)cc1,43.29,58.23
FC(F)Sc1ccc(-c2ccc(C=NN=CC3=C(N4CCOCC4)C(=Cc4ccc(Cl)cc4Cl)CC3)o2)cc1,43.54,59.47
CC1=C(C#N)c2nc(N)c(C#N)c(C)c2C1=Cc1ccc(-c2cccc(F)c2)o1,56.3,84.38
O=[N+]([O-])c1ccc(-c2ccc(C=NN(c3ccccc3)c3ccccc3)o2)c(Cl)c1,38.29,56.35
CN(C)c1cc(NCc2ccccc2)c2c(c1N)C(=O)c1ccccc1C2=O,27.28,42.66
CNc1ccc2c3c1C(=O)c1cccc4c1C3=S(S2)N4C,22.96,34.9
O=[N+]([O-])c1ccc2nc3c(nc2c1)-c1cccc2cccc-3c12,38.74,60.71
COc1ccc(N2C(=O)/C(=C/c3ccc(-c4ccc(Br)cc4)o3)C=C2c2ccccc2)cc1,50.95,72.09
CCCCCCN1C=C/C(=C\C=C(/C#N)C(=O)Nc2ccccc2)c2ccccc21,18.43,25.0
O=C1C=C(C(F)(F)F)c2ccc(NC3CCCCC3)c3cccc1c23,39.94,62.63
O=C1N=C(N2CCN(c3cccc(C(F)(F)F)c3)CC2)SC1=Cc1ccc(-c2ccc(Cl)cc2Cl)o1,50.26,67.79
CCCCC(CC)CN1C(=O)C(=Cc2ccc(-c3cccc(Cl)c3)o2)SC1=S,21.19,27.71
[C][C]N1C(=[C]C2=[C]C(=C(C#N)C#N)[C]C([C])([C])[C]2)N([C][C])c2ccccc21,35.75,43.16
CCN(CC)c1ccc(C=C2CCC(C=Nc3ccc(Cl)c(Cl)c3)=C2N2CCOCC2)cc1,23.39,30.73
CCCCn1c(=O)/c(=C\C=C2/Sc3ccc(Cl)cc3N2CC)s/c1=C1/SC(=S)N(CC)C1=O,18.68,19.55
O=[N+]([O-])c1ccc(/C=C/c2nc3c(Oc4ccccc4)cccc3c3c2CCS3)cc1,39.28,56.37
"[O-][N+](=O)C1=CC=C(\C=C\C2=NC3=C(OC4=CC=CC=C4)C=CC=C3C3=C2CCS3)C=C1 |c:11,16,18,21,23,26,33,t:3,5,9,14|",35.83,51.72
O=C1c2ccccc2-c2onc3c(NCc4ccccc4)cc(NC4CCCCC4)c1c23,20.78,32.99
COc1cc(S(=O)(=O)[O-])c(C)cc1/N=N/c1c(O)ccc2cc(S(=O)(=O)[O-])ccc12.[Na+].[Na+],55.29,65.38
CCCCc1ccc(Nc2cccc3c2C(=O)c2cccc(Nc4ccc(CCCC)cc4)c2C3=O)cc1,36.61,53.7
Cc1cc(C)c2c(c1)/C(=N/C1CCCCC1)c1cc3ccccc3nc1-2,32.75,50.56
O=c1c2ccccc2c(=O)c2c1c(NC1CCCCC1)cc1oc3cc(Cl)ccc3[nH]c12,30.25,49.77
COCCNc1cc(N(C)C)c(N)c2c1C(=O)c1ccccc1C2=O,27.91,41.75
CNS(=O)(=O)c1ccc(-c2ccc(C=CC(=O)c3cccc(N4CCOCC4)c3)o2)cc1,32.22,37.55
COCCNC(=O)c1c(N)n(/N=C/c2ccc(N(C)C)cc2)c2nc3ccccc3nc12,29.46,53.48
Cc1ccc2c(c1)-c1nc3c(C)cccc3cc1/C2=N\C1CCCCC1,34.69,53.21
COc1ccc(-c2csc(C(C#N)=Cc3ccc([N+](=O)[O-])cc3)n2)cc1,32.38,42.51
O=C1C(=[C]/[C]=[C]/[C]=c2\c3cccc4cccc(c43)n2[C]c2ccccc2)C(=O)c2ccccc21,42.99,59.97
CCCCSc1c(C(=O)Nc2ccc(OC)cc2)ccc2c1C(=O)c1ccccc1C2=O,40.58,55.13
CN(C)c1ccc(/C=N/n2c(N)c(C(=O)NCc3cccs3)c3nc4ccccc4nc32)cc1,25.37,46.5
CCN1C=C/C(=C/C=c2/s/c(=C\c3sc(-c4ccccc4)c(-c4ccccc4)[n+]3CC)n(CC)c2=O)c2ccccc21,35.67,49.57
CC1=NN(c2cccc(Cl)c2)C(=O)C1=Cc1ccc2c(c1)Sc1ccccc1N2C,32.72,45.0
CCOC(=O)C1CCCN(c2cc(Nc3ccc(OC)cc3)c3c4c(onc24)-c2ccccc2C3=O)C1,36.79,47.64
CCN1CC[NH+](Cc2c([O-])ccc3c2OC(=CC2=Cc4ccccc4OC2C)C3=O)CC1,32.96,50.95
CC1=C(C#N)c2nc(N)c(C#N)c(C)c2/C1=C\c1ccc(-c2cccc(Cl)c2)o1,59.81,87.72
CCN1C(=O)C(=Cc2ccc(-c3ccc([N+](=O)[O-])cc3)o2)NC1=S,45.59,52.9
O=C1c2ccccc2C(=O)c2c(NCCOCCO)cccc21,43.42,56.95
CC1Oc2ccccc2C=C1/C=C1\Oc2c(ccc([O-])c2C[NH+]2CCCCC2C)C1=O,22.7,31.47
CCOC(=O)c1ccc(/N=N/c2ccc(/C=C/C=C3\N(C)c4ccccc4C3(C)C)cc2)cc1,28.2,36.47
C=CCN1C(=O)S/C(=C/C=C/c2ccc(N(C)C)cc2)C1=O,26.95,39.61
c1ccc2c(c1)Sc1ccccc1N2C1=NC(=[N+]2c3ccccc3Sc3ccccc32)c2ccccc21,34.78,54.06
CCOc1cccc(N2C(=O)/C(=C/c3ccc(-c4ccc(Br)cc4)o3)C=C2c2ccccc2)c1,50.24,70.78
CC1Oc2ccccc2C=C1/C=C1\Oc2c(ccc([O-])c2C[NH+]2CCCCC2)C1=O,28.24,40.85
Cc1cccc(NC(=O)c2c(N)n(/N=C/c3ccc(N(C)C)cc3)c3nc4ccccc4nc23)c1,32.33,57.27
COc1cccc(N(C(=O)/C=C/c2ccc([N+](=O)[O-])cc2)c2nc3ccccc3s2)c1,30.43,43.19
COc1ccc(N2C(=O)/C(=C/c3ccc(-c4ccc([N+](=O)[O-])cc4)o3)SC2=S)cc1,46.55,58.75
O=[N+]([O-])c1ccc(-c2ccc(C=Cc3ccc4ccccc4n3)o2)cc1,37.98,58.56
O=C1C(=Cc2cccc([N+](=O)[O-])c2)CCC1=Cc1cccc([N+](=O)[O-])c1,39.75,50.44
Cc1ccc(N2C(=O)/C(=C\c3ccc(-c4ccc(Br)cc4)o3)C=C2c2ccccc2)cc1,51.21,73.28
CCN(CC)c1ccc(/N=N/c2c([N+](=O)[O-])c(C)[n+](C)n2C)cc1,34.31,49.58
O=S(=O)([O-])c1cc(N=Nc2ccc(O)cc2)ccc1C=Cc1ccc(N=Nc2ccc(O)cc2)cc1S(=O)(=O)[O-].[Na+].[Na+],68.35,86.46
CC1=CC(C)(C)N(Cc2ccccc2)c2ccc(/C=C3\N=C(c4ccccc4)OC3=O)cc21,21.71,30.59
COc1cccc(N(C(=O)C=Cc2ccc([N+](=O)[O-])cc2)c2nc3ccccc3s2)c1,28.45,40.12
[Na+].[Na+].CC(=O)Nc1ccc2cc(c(\N=N\c3ccc(cc3)S(=O)(=O)CCOS([O-])(=O)=O)c(O)c2c1)S([O-])(=O)=O,64.3,72.48
CC[n+]1c(/C=C2/C=C(C=CN(C)C)Oc3ccccc32)sc2ccccc21,20.1,29.53
COc1cc(-c2c3nc(c(-c4cc(OC)c(OC)c(OC)c4)c4ccc([nH]4)c(-c4cc(OC)c(OC)c(OC)c4)c4nc(c(-c5cc(OC)c(OC)c(OC)c5)c5ccc2[nH]5)C=C4)C=C3)cc(OC)c1OC,62.37,88.13
COC(=O)c1ccc(N2C(=O)/C(=C/c3ccc(-c4ccc([N+](=O)[O-])cc4)o3)C=C2c2ccccc2)cc1,49.29,63.84
O=C1c2ccccc2C(=O)c2c(Nc3ccc(Br)c(S(=O)(=O)[O-])c3)ccc(Nc3ccc(Br)c(S(=O)(=O)[O-])c3)c21,55.14,71.66
Cc1cccc(N2CCN(C3=NC(=O)C(=Cc4ccc(-c5cccc([N+](=O)[O-])c5)o4)S3)CC2)c1,32.58,39.7
O=C1C(=CC=Cc2ccco2)SC(=S)N1CCc1ccccc1,10.64,12.22
O=C1N=C(N2CCN(c3ccccc3)CC2)SC1=Cc1ccc(-c2cccc([N+](=O)[O-])c2)o1,34.17,41.92
COc1ccc(Nc2ccc3c4c(ncnc24)-c2ccccc2C3=O)cc1,36.66,58.78
CCOc1ccc(-c2csc(/C(C#N)=C/c3ccc([N+](=O)[O-])o3)n2)cc1,37.97,50.43
O=C1C(=Cc2ccc(-c3ccc(S(=O)(=O)N4CCOCC4)cc3)o2)N=C2CCCCCN12,29.34,36.87
CCN(CC)c1cc(NC2CCCCC2)c2c3c(onc13)-c1ccccc1C2=O,16.41,24.21
[C]Oc1cccc(N2[C][C]N(OS(=O)c3ccc4c(c3)C(=C3[C][C][C][C]3)C(=O)[N]4)[C][C]2)c1,53.4,63.72
CN(C)c1ccc(/C=C/C=c2/sc3n(c2=O)CCCN=3)cc1,32.21,57.94
Cc1ccc(N2C(=O)/C(=C/c3ccc([N+](=O)[O-])cc3)C=C2c2ccccc2)cc1C,37.33,51.38
O=[N+]([O-])c1ccc(C=Cc2nc3ccc(OC(F)(F)F)cc3c3c2CCS3)cc1,47.68,66.4
Nc1ccc(Nc2cc(S(=O)(=O)O)c(N)c3c2C(=O)c2ccccc2C3=O)cc1,69.24,98.28
[C][C][C]1[C][C][C][C]N1S(=O)(=O)c1ccc2c(c1)C(=C1[C][C][C][C]1)C(=O)N2[C],53.21,59.76
CN(C)c1ccc(/C=C2\CCC(=C3SCCS3)C2=O)cc1,12.54,19.99
S=C1[N][C](c2ccccc2)C2=C([N]1)C(=C1S[C][C]S1)[C][C][C]2,27.41,39.94
CCOCCCNC(=O)c1c(N)n(-c2ccc(N(CC)CC)cc2)c2nc3ccccc3nc12,17.96,32.11
O=C(Nc1ccc2nc(N3CCCC3)sc2c1)c1ccc([N+](=O)[O-])cc1,29.04,41.63
CN(C)c1ccc(N=Nc2ccccc2C(=O)OCC(=O)NC2CCCC2)cc1,21.17,36.37
CCC(C)n1cc(C=C2C(C)=C(C#N)c3nc(N)c(C#N)c(C)c32)c2ccccc21,38.22,54.67
O=C(O)c1ccc2c(c1)C(=O)N(c1ccc(N(c3ccccc3)c3ccc(N4C(=O)c5ccc(C(=O)O)cc5C4=O)cc3)cc1)C2=O,75.21,96.36
Cc1ccc(N2C(=O)C(=Cc3ccc(-c4ccc(Br)cc4)o3)C=C2c2ccccc2)cc1,48.5,69.57
CC(C)CNc1cc(NCCO)c2c(c1N)C(=O)c1ccccc1C2=O,44.16,58.65
O=C1c2ccc(O)cc2C(=O)N1c1ccc(N(c2ccccc2)c2ccc(N3C(=O)c4ccc(O)cc4C3=O)cc2)cc1,62.37,85.78
C[n+]1c(/C=C2\C=CC=CN2CCO)sc2ccccc21,25.43,44.97
O=C1OC(c2ccccc2)=CC1=Cc1ccc(-c2ccc([N+](=O)[O-])cc2)o1,48.49,66.56
O=C1c2ccccc2-c2cc(N3CCC4(CC3)OCCO4)nc3cccc1c23,30.33,44.26
N#C/C(=C\c1ccc([N+](=O)[O-])cc1)c1nc(-c2ccc(Oc3ccccc3)cc2)cs1,45.63,63.42
N#CC(C#N)=Cc1ccc(-c2ccc([N+](=O)[O-])cc2Cl)o1,33.46,42.9
CC1=C(C#N)c2nc(N)c(C#N)c(C)c2/C1=C\c1ccc(-c2ccc([N+](=O)[O-])cc2Cl)o1,59.35,83.91
CC(C)(C)c1ccc(N2C(=O)/C(=C/c3ccc(-c4ccc(Br)cc4)o3)C=C2c2ccccc2)cc1,53.23,75.39
O=C1c2ccccc2C(=O)c2c1cc(Cl)c1c2NC2(CCCCC2)N1,36.19,50.59
O=C(O)C1CC2CCCCC2N1C(=O)C=Cc1nc2ccccc2o1,70.51,86.35
COc1ccc2c(/C=C/C=C3/Sc4ccccc4N3C)c3ccc(OC)cc3[o+]c2c1,29.75,44.17
CC1=C(C#N)c2nc(N)c(C#N)c(C)c2/C1=C\c1ccc(N(C)C)cc1,43.62,65.39
O=C1[N]c2ccc([O+]S([O-])=N[C]3[C][C][C][C][C][C][C]3)cc2C1=C1[C][C][C][C]1,53.38,65.74
O=C1N=C(N2CCN(c3cccc(C(F)(F)F)c3)CC2)SC1=Cc1ccc(-c2cc(Cl)ccc2Cl)o1,50.23,67.73
CCN(c1ccc(C=Cc2sc3ccccc3[n+]2C)cc1)c1ccc(OC)cc1,23.02,35.11
O=C1[N]c2ccc(S(=O)(=O)[N][C]3[C][C][C][C][C]3)cc2C1=C1[C][C][C][C]1,56.29,65.6
O=C1CSC(=S)N1/N=C/c1ccc(N(c2ccccc2)c2ccccc2)cc1,20.98,31.36
N#CC(C#N)=Cc1ccc(N2CCOCC2)o1,27.5,39.22
CCN1C(=O)C(=Cc2ccc(-c3ccc(C(=O)O)cc3)o2)N(CC)C1=S,68.19,79.47
O=C(O)c1ccccc1NN=CC1=C(N2CCOCC2)C(=Cc2ccc([N+](=O)[O-])cc2)CC1,74.46,82.62
[C][C][C][C]N([C][C][C][C])c1ccc(C(C#N)=C(C#N)C#N)cc1,27.58,32.86
O=C1C(=Cc2ccc(-c3ccc(Br)cc3)o2)C=C(c2ccccc2)N1c1ccccc1O,48.69,72.17
CC(=O)Nc1ccc(N2C(=O)/C(=C\c3ccc([N+](=O)[O-])cc3)SC2=S)cc1,53.3,63.28
COc1ccc(Nc2cc(N(C)Cc3ccccc3)c3noc4c3c2C(=O)c2ccccc2-4)cc1,30.78,45.71
c1ccc(CN/N=C2/c3ccccc3-c3nc4ccccc4nc32)cc1,21.33,38.64
Cc1ccc2nc(-c3ccc([N+](=O)[O-])cc3)c(NC3CCCCC3)n2c1,18.03,28.88
O=C1[N]c2ccc(S(=O)(=O)[N][C]3[C][C][C][C][C][C][C]3)cc2C1=C1[C][C][C][C]1,55.6,65.38
CCN(CC)c1ccc(NC(=O)c2cccc([N+](=O)[O-])c2)cc1,24.8,36.98
O=C(Nc1ccc(Nc2cccc3ccccc23)c2c1C(=O)c1ccccc1C2=O)c1ccccc1,46.98,70.43
O=C1[N]c2ccc(S(=O)(=O)N3[C][C]N([C]4[C][C][C][C][C]4)[C][C]3)cc2C1=C1[C][C][C][C]1,58.28,63.2
CN(CCO)c1cc(NCc2ccccc2)c2c(c1N)C(=O)c1ccccc1C2=O,33.36,47.54
c1ccc2c(c1)/C(=N/Nc1ccc3ccccc3c1)c1nc3ccccc3nc1-2,34.54,58.69
COc1ccc(/C=C2\C=C(c3ccccc3)N(c3ccc(Sc4ccc([N+](=O)[O-])cc4)cc3)C2=O)cc1Br,49.48,65.99
O=C1C(=Cc2ccc(-c3ccc([N+](=O)[O-])cc3)o2)SC(=S)N1CC1CCCO1,40.08,47.03
CC1=C(C#N)c2nc(N)c(C#N)c(C)c2/C1=C\c1ccc(-c2ccc(Cl)cc2)o1,60.1,88.2
[C][C]N([C][C])c1ccc([C]=C2C(=O)c3ccccc3C2=O)c(O[C])c1,42.1,53.45
[C]Oc1ccc([C]2C3=C([N][C]4S[C]C(=O)N42)C(=C2S[C][C]S2)[C][C][C]3)cc1,40.08,49.46
Cc1cc(/C=C(/C#N)c2ccc(C(=O)O)cc2)c(C)n1-c1ccc(N(C)C)cc1,53.47,71.18
CC(C)N1CCC(Oc2ccc(-c3ccc4c(n3)C(=O)C(N)=CC4=O)cc2)CC1,46.1,65.76
O=C1[N]c2ccc(S(=O)(=O)[N][C]3[C][C][C][C][C][C]3)cc2C1=C1[C][C][C][C]1,55.92,65.47
COc1oc([C@H]2C/C(=C/C(C)=C/C(C)=C/C(C)=C/c3ccc([N+](=O)[O-])cc3)CO2)c(C)c(=O)c1C,35.57,41.97
CN(C)c1ccc(/C=C2\CCCC3=C2N=c2s/c(=C/c4ccc([N+](=O)[O-])cc4)c(=O)n2C3c2ccc(N(C)C)cc2)cc1,30.64,39.69
CCCN1CCN(c2cc(Nc3ccc(OC)cc3)c3c4c(onc24)-c2ccccc2C3=O)CC1,30.8,44.84
CCOc1ccc(N(C)c2ccc(C=C3SC(=S)N(CC)C3=O)cc2)cc1,17.8,21.65
COc1cc([N+](=O)[O-])ccc1-c1ccc(C=C2Sc3ccccc3C2=O)o1,44.12,57.12
[C]c1cc(N2[C][C][C][C][C]2)ccc1[C]=C1C(=O)N([C])C(=S)N([C])C1=O,55.62,58.62
O=C(Nc1ccc(-c2ccc(N3CCOCC3)nn2)cc1)c1ccc([N+](=O)[O-])cc1,66.22,79.89
COC(=O)c1ccc(C(=O)Nc2ccc(C(=O)Nc3ccc(N(C)C)cc3)cc2)cc1,25.05,35.38
Nc1cc2c3cc(N)c(N)cc3c3cc(N)c(N)cc3c2cc1N,36.57,80.75
COC(=O)C(C(=O)OC)=C(/C=C/C=C/N(C)C)N(C)C,19.56,23.19
CC1=C(C#N)c2nc(N)c(C#N)c(C)c2/C1=C/c1cn(C)c2ccccc12,45.49,66.43
CN(C)c1ccc(N=Nc2ccc(SC(F)(F)F)cc2[N+](=O)[O-])cc1,32.09,42.55
O=C1c2ccccc2C(=O)c2c1cc(N1CCOCC1)c1nsnc21,36.3,44.65
N#Cc1ccc(-c2nc3cc(C#N)c(C#N)cc3nc2-c2ccccc2)cc1C#N,56.37,83.42
CN(C)c1ccc(C=CC=C2SC(=S)N(CC(=O)O)C2=O)cc1,74.0,78.69
O=C(Nc1ccc(-c2csc(N3CCOCC3)n2)cc1)c1ccc([N+](=O)[O-])cc1,50.84,63.02
CCN1C(=O)C(=Cc2ccc(-c3ccccc3)o2)N(CC)C1=S,12.62,14.6
[C][C]N([C][C])c1ccc([C]=C2C(=O)OC([C])([C])OC2=O)cc1,40.73,47.02
[C][C]N1C(=O)C(=[C]c2ccc(N([C])[C])cc2)C(=O)N([C][C])C1=S,38.74,38.95
CN(C)c1ccc(/C=N/n2c(N)c(S(=O)(=O)c3ccccc3)c3nc4ccccc4nc32)cc1,22.83,38.9
CN1C=CC=CC1=C(C#N)c1ncc(-c2ccc(Cl)cc2)s1,28.05,33.27
CCN(CC)C(=O)C(C#N)=Cc1ccc(-c2ccc([N+](=O)[O-])cc2)o1,20.68,25.61
CC(C)c1ccc(N2C(=O)C(=Cc3ccc(-c4ccc(Cl)c(Cl)c4)o3)C=C2c2ccccc2)cc1,47.07,67.26
CCOC(=O)c1ccc(-c2ccc(/C=C3/C=C(c4ccccc4)N(Cc4ccccc4)C3=O)o2)cc1,38.3,51.93
O=C1C(=CC=Cc2ccco2)SC(=S)N1Cc1ccco1,11.09,16.27
COc1ccc(C=CC(=O)Nc2ccc(NC3CCCCC3)c3c2C(=O)c2ccccc2C3=O)cc1,42.3,59.54
O=C1/C(=C/c2ccc(-c3cc(Cl)ccc3Cl)o2)C=C(c2ccccc2)N1c1cccc([N+](=O)[O-])c1,55.01,75.66
CC(C)(C)C1=CC(=C(C#N)C#N)C=C(/C=C/c2cc3c4c(c2)C(C)(C)CCN4CCC3(C)C)O1,25.81,33.69
O=C1/C(=C/C=C/c2ccccc2)SC(=S)N1CC(=O)N1c2ccccc2Sc2ccccc21,24.3,31.47
CN1C(=O)C(=c2sc(=CC=C3SC(c4ccccc4)=C(c4ccccc4)N3C)c(=O)n2C)SC1=S,21.22,21.9
O=C(O)CCCCCN1C(=O)C(=CC=Cc2ccco2)SC1=S,59.32,67.47
CN(C)c1ccc(N2C(=O)/C(=C\c3ccc(Sc4ccc(Cl)cc4)o3)SC2=S)cc1,29.47,39.48
CC(C)Nc1cc(NCCO)c2noc3c2c1C(=O)c1ccccc1-3,32.11,44.87
CCN1C(=CC=C2SC(=S)N(C)C2=O)SC(c2ccccc2)=C1c1ccccc1,15.78,17.54
CCN1C(=O)C(=CC=C2Sc3ccc(-c4nc5ccccc5s4)cc3N2CC)SC1=S,18.72,22.09
COC(=O)c1ccc2c(c1)C(C)(C)C(/C=C/c1c(C)ccc(C)c1OC)=[N+]2C,21.44,23.41
CN(C)c1ccc(C=C2C=C(c3ccc(F)cc3)OC2=O)cc1Br,40.19,55.39
CC(C)Nc1cc(N2CCOCC2)c(N)c2c1C(=O)c1ccccc1C2=O,38.48,49.64
COc1cccc(N2C(=O)/C(=C/c3ccc(-c4ccc(Cl)c(Cl)c4)o3)C=C2c2ccccc2)c1,52.42,74.06
CCN(CC)c1ccc(/C=N/N2C(=O)c3ccccc3C2=O)cc1,28.2,38.86
CSC(SC)=C1CC/C(=C\c2ccc(Cl)cc2Cl)C1=O,37.89,53.06
[C]Oc1ccccc1[C]N=S([O-])[O+]c1ccc2c(c1)C(=C1[C][C][C][C]1)C(=O)[N]2,46.86,64.46
CCCN(CCC)c1ccc(C=C2CCc3c2nc2ccccc2c3C(=O)O)cc1,40.6,58.65
O=C1C(=CC=Cc2ccccc2)SC(=S)N1CC(=O)N1c2ccccc2Sc2ccccc21,21.4,26.93
O=C1C(=CC=Cc2ccc([N+](=O)[O-])o2)SC(=S)N1c1cccc2ccccc12,32.06,41.81
O=C1N=C(N2CCN(c3cccc(C(F)(F)F)c3)CC2)SC1=Cc1ccc(-c2cccc(C(F)(F)F)c2)o1,51.79,70.77
COC(=O)c1ccc(/C=C/C2=[N+](C)c3ccc(OC)cc3C2(C)C)cc1,21.88,24.78
CNc1ccc(Nc2cccc(C(F)(F)F)c2)c2c1C(=O)c1ccccc1C2=O,51.33,75.87
O=C(O)CCCCCCCCCCc1ccc2n1[B-](F)(F)[N+]1=C(/C=C/C=C/c3ccccc3)C=CC1=C2,34.62,46.46
Nc1c(-c2ccc([N+](=O)[O-])cc2)sc2nc(-c3ccccc3)cc(C(F)(F)F)c12,55.83,82.42
[C]O[C][C][N]S(=O)(=O)c1ccc2c(c1)C(=C1[C][C][C][C]1)C(=O)N2[C],46.44,50.25
O=C1C(=Cc2ccc(-c3ccc([N+](=O)[O-])cc3)o2)SC(=S)N1Cc1cccnc1,33.85,40.98
O=C1OC(c2ccc(Br)cc2)=CC1=Cc1ccc(-c2ccc([N+](=O)[O-])cc2)o1,55.97,74.66
O=C1c2ccccc2-c2onc3c(Br)cc(NC4CCCCC4)c1c23,35.57,52.42
COC(=O)CN1C(=S)N(c2ccc(OC)cc2)C(=O)/C1=C/c1ccc(-c2ccc([N+](=O)[O-])cc2)o1,37.62,42.14
CN(c1ccccc1)c1ccc(/C=C2\N=C(c3cc([N+](=O)[O-])cc([N+](=O)[O-])c3)OC2=O)cc1,52.4,67.01
O=c1nc(C(F)(F)F)cc(C=Cc2ccc(-c3cccc([N+](=O)[O-])c3)o2)[nH]1,56.3,71.27
CC1CCCC(O)C2C(=O)CC(O)C3OC(/C=C/C=C/C=C/C(=O)O)=C(C(=O)O1)C32,82.53,86.04
[C][C][C][C]N([C])S(=O)(=O)c1ccc2c(c1)C(=C1[C][C][C][C]1)C(=O)N2[C],48.21,51.27
[C][C][C][C][C]([C][C])[C]N1c2ccccc2Sc2cc([C]=c3sc(=C(C#N)C#N)n(-c4ccccc4)c3=O)ccc21,42.51,54.21
O=C1N=C(N2CCN(c3ccccc3)CC2)S/C1=C/c1ccc(-c2ccc([N+](=O)[O-])cc2)o1,36.88,45.92
O=C1C(=CC=Cc2ccco2)SC(=S)N1C1CCCCC1,12.05,23.39
O=C1c2ccccc2-c2nc3c(ccc4ccccc43)c(-c3cccc([N+](=O)[O-])c3)c21,51.92,73.31
CN1CCN(c2cc(NC3CCCCC3)c3c4c(onc24)-c2ccccc2C3=O)CC1,24.85,42.81
O=C(Nc1ccc(Nc2cc([N+](=O)[O-])ccc2O)c2c1C(=O)c1ccccc1C2=O)c1ccccc1,64.52,86.37
O=C1[N]c2ccc(S(=O)(=O)N3[C][C][C][C][C][C]3)cc2C1=C1[C][C][C][C]1,56.72,61.9
CC1=C(C#N)c2nc(N)c(C#N)c(C)c2/C1=C\c1ccc(N(C)C)c(Br)c1,46.01,66.32
O=[N+]([O-])c1cccc(-c2ccc(/C=N/c3ccc(N4CCOCC4)cc3)o2)c1,30.92,42.75
O=C([C]=C([C]1[C][C]1)[C]1[C][C]1)[N]c1ccc(N2[C][C][C][C][C]2)c2ccncc12,37.96,48.71
[C]Oc1ccc([C]=[C]C2=[C]C(=C(C#N)C#N)[C]C([C])([C])[C]2)cc1,31.67,38.74
O=C1C(=Cc2ccc(-c3ccc(Cl)c(Cl)c3)o2)C=C(c2ccccc2)N1c1cccc(O)c1,53.5,79.13
O=C1N=C(Nc2ccc(O)cc2)SC1=CC(Cl)=Cc1ccc([N+](=O)[O-])cc1,52.21,60.65
[C]Oc1ccc(/[C]=C2/[C][C]C(=C3S[C][C]S3)C2=O)cc1,36.94,48.97
CCN(c1ccc(/C=C/C2=[N+](C)c3cc(OC)ccc3C2(C)C)cc1)c1ccc(C(=O)OC)cc1,25.25,30.94
CCOC(=O)c1cc(/C=C/c2sc3ccccc3[n+]2C)c2sc3ccccc3n12,24.72,30.03
O=C1[N]c2ccc(OS(=O)N3[C][C]N(c4ccccn4)[C][C]3)cc2C1=C1[C][C][C][C]1,53.58,61.86
CC[n+]1c(/C=C/C=C/N(C(C)=O)c2ccccc2)sc2ccccc21,15.23,20.4
CN1CCN(c2ccc3c4c(cccc24)C(=O)c2ccccc2-3)CC1,31.89,52.84
CCOC(=O)c1ccc(-c2ccc(C=C3C=C(c4ccccc4)N(c4ccc(C)c(C)c4)C3=O)o2)cc1,43.14,57.95
CC12CCC(CC1=N/N=C1\NC(=O)C(=CC=Cc3ccc([N+](=O)[O-])cc3)S1)C2(C)C,40.29,50.26
Nc1ccc2nc3c4ccccc4c(=[NH2+])cc-3oc2c1,21.27,53.57
C=CCN1C(=O)/C(=c2/s/c(=C\C=C3\Sc4ccc(OC)cc4N3CC)c(=O)n2CC)SC1=S,21.78,22.46
CCOc1ccc(N2C(=O)C(=Cc3ccc(-c4ccc(Cl)c(Cl)c4)o3)C=C2c2ccccc2)cc1,51.66,73.04
CCCN1CCN(c2cc(NC(C)C)c3c4c(onc24)-c2ccccc2C3=O)CC1,18.63,26.81
CCN(Cc1cccc(S(=O)(=O)[O-])c1)c1ccc(C(=C2C=CC(=[N+](CC)Cc3cccc(S(=O)(=O)[O-])c3)C=C2)c2ccccc2S(=O)(=O)[O-])cc1,28.64,34.43
CN(C)c1ccc(/C=C/c2ccc3ccccc3[n+]2C)cc1,18.19,34.75
CN(C)c1ccc(/C=N/n2c(N)c(C(=O)NCc3ccccc3)c3nc4ccccc4nc32)cc1,27.37,50.08
CCN(CCO)c1ccc(/N=N/c2ccc([N+](=O)[O-])cc2)cc1,47.87,63.71
CCOc1ccc(C2=C/C(=C\c3ccc(N(C)C)c(Br)c3)C(=O)O2)cc1,39.04,50.75
CN(C)c1ccc(C=CC=CC2=N[C@@H](C(=O)O)CS2)cc1,73.55,84.32
CCN(CC)c1ccc2c(-c3c(N=C=S)cccc3C(=O)O)c3ccc(=[N+](CC)CC)cc-3oc2c1,44.38,60.8
O=C1/C(=C\c2ccc(-c3ccc(Br)cc3)o2)C=C(c2ccccc2)N1Cc1ccccc1,44.18,63.51
COc1ccccc1N1C(=O)C(=Cc2ccc(-c3ccc(Br)cc3)o2)C=C1c1ccccc1,46.67,65.91
Cc1cc2c(cc1C)-c1nc3ccccc3cc1/C2=N\c1ccccc1,46.11,69.62
N#Cc1cc([N+](=O)[O-])ccc1Nc1ccc(NC2CCOCC2)cc1,55.19,68.36
CN(c1ccccc1)c1ccc(/C=N/NC(=O)Cc2ccc([N+](=O)[O-])cc2)cc1,26.37,39.2
CCCCC(CC)CN1C(=O)/C(=C/c2ccc(-c3ccc([N+](=O)[O-])cc3)o2)SC1=S,22.86,29.34
O=C(O)CCCN1C(=O)C(=CC=Cc2ccco2)SC1=S,73.7,77.72
c1cc2c3c(cccc3c1)-c1n[n+]3c(cc1-2)sc1ccccc13,41.48,63.18
O=C1N=C(N2CCN(c3ccc(Cl)cc3)CC2)S/C1=C\c1ccc(-c2cccc([N+](=O)[O-])c2)o1,44.93,56.35
CCCN1CCN(c2cc(Nc3ccc(N(C)C)cc3)c3c4c(onc24)-c2ccccc2C3=O)CC1,27.02,40.92
CC(C)(C)c1ccc(N2C(=O)/C(=C/c3ccc(-c4ccc(Cl)c(Cl)c4)o3)C=C2c2ccccc2)cc1,54.27,77.0
O=C1c2ccccc2-c2nc3cc4[nH]c(=O)[nH]c4cc3nc21,58.27,72.07
Cc1ccc(C2=C/C(=C\c3ccc(-c4ccc([N+](=O)[O-])cc4)o3)C(=O)O2)cc1,51.6,69.89
COc1ccc(-c2csc(/C(C#N)=C/c3ccc(N(C)C)cc3)n2)cc1,30.12,40.25
CCCCCCCCCN1C=CC(=CC=C(C#N)C#N)c2ccccc21,16.39,24.84
COc1ccc(N2C(=O)/C(=C/c3ccc(-c4ccc(Cl)c(Cl)c4)o3)C=C2c2ccccc2)cc1,53.33,75.45
CC(C)(C)C1=NN(c2ccccc2)C(=O)C1=CC=Cc1ccc([N+](=O)[O-])cc1,36.67,48.55
CC1C/C(=C\c2ccc(-c3ccc([N+](=O)[O-])cc3)o2)C(=O)/C(=C/c2ccc(-c3ccc([N+](=O)[O-])cc3)o2)C1,55.38,72.74
O=C1[C]2[C]([C]3[C]=[C][C]2C3=C2[C][C][C][C][C]2)C(=O)N1c1ccc([N+](=O)[O-])cc1,56.25,66.74
CCCn1c(=C2SC(=S)N(CC)C2=O)sc(=C2C=Cc3ccccc3N2CC)c1=O,12.92,11.2
CC(C)/C=C1\CC/C(=C\c2ccc(N(C)C)cc2)C1=O,13.0,18.91
CCOC(=O)C1CCCN(c2cc(Nc3ccc(OCC)cc3)c3c4c(onc24)-c2ccccc2C3=O)C1,36.48,47.35
CCN1c2ccc(C=C3SC(=S)NC3=O)cc2C(C)=CC1(C)C,19.04,24.3
[C][C]N1[C][C][C][C]1[C][N]S(=O)(=O)c1ccc2c(c1)C(=C1[C][C][C][C]1)C(=O)N2[C],55.57,59.47
CCCCCCCCCN1C=C/C(=C\C=C(C#N)C#N)c2ccccc21,17.15,26.21
COc1ccc(C=C2C=C(c3ccccc3)N(c3ccc(Sc4ccc([N+](=O)[O-])cc4)cc3)C2=O)cc1Br,48.15,64.17
Cl.NC(N)=NN=C(/C=C/c1ccc([N+](=O)[O-])o1)/C=C/c1ccc([N+](=O)[O-])o1,64.45,74.46
O=C(O)CCC(C(=O)O)N1C(=O)/C(=C\C(Cl)=C/c2ccc([N+](=O)[O-])cc2)SC1=S,78.92,77.56
c1ccc2c(c1)/C(=N/C1CCCCC1)c1cc3ccccc3nc1-2,30.4,50.4
CCOc1ccc(Nc2cc(N3CCCC3)c3noc4c3c2C(=O)c2ccccc2-4)cc1,31.79,47.03
CC1CCN(c2cc(NC3CCCCC3)c3c4c(onc24)-c2ccccc2C3=O)CC1,16.56,27.08
CCOC(=O)c1sc2nc(-c3ccc([N+](=O)[O-])o3)c(NC3CCCCC3)n2c1C,21.36,29.32
CCSC1=N/C(=C\c2ccc(-c3ccc([N+](=O)[O-])cc3)o2)C(=O)S1,42.53,54.06
CN(c1ccccc1)c1ccc(/C=C(\C#N)c2nc3ccccc3s2)cc1,23.28,35.14
O=C(/C=C/c1ccc(-c2ccc(Cl)cc2Cl)o1)N1c2ccccc2Sc2ccc(Cl)cc21,54.11,76.23
CCN1C(=O)/C(=C\C=C2\N(CC)c3ccc(-c4ccccc4)cc3C2(C)C)S/C1=N\c1ccc(Br)cc1,30.82,41.39
Nc1ccc2nc3c(cc(N)c4ccccc43)[o+]c2c1,19.85,52.88
CC[n+]1c(C=CC=C2C=C(c3ccccc3)c3ccccc3S2)sc2ccccc21,29.78,45.63
O=[N+]([O-])c1ccc(C=Cc2nc3c(ccc4ccccc43)s2)cc1,28.67,43.81
N#C/C(=C\c1cc2c3c(c1)CCCN3CCC2)c1nc2ccccc2s1,21.27,29.43
CCN1C(=O)C(=CC=C2SC(c3ccccc3)=C(c3ccccc3)N2CC)SC1=S,15.05,16.52
CCN(CC)c1ccc(/C=C(/C#N)c2ccc(C(=O)O)cc2)c(OC)c1,46.8,60.87
N#CC(C#N)=c1ccc(=C(C#N)c2ccc(NCCO)cc2)cc1,22.14,29.29
CCN(CC)c1ccc(/C=C2/C(=O)c3ccc(C(=O)O)cc3C2=O)cc1,71.24,87.78
CN1C(=O)/C(=C\C=C\c2ccc([N+](=O)[O-])cc2)SC1=S,44.65,50.5
O=C([C]=C([C]1[C][C]1)[C]1[C][C]1)[N]c1sc2c(c1C(=O)[N][C]1[C][C]1)[C][C][C]2,43.31,50.14
"CC1=CC(C)=C(C(C)=C1)C1=C2/N\C(\C=C2)=C(/C2=N/C(/C=C2)=C(\C2=N\C(\C=C2)=C(/C2=CC=C\1N2)C1=C(C)C=C(C)C=C1C)C1=C(C)C=C(C)C=C1C)C1=C(C)C=C(C)C=C1C |c:4,7,14,16,21,23,28,30,39,45,49,55,59,65,t:1,10,18,25,32,34,42,52,62|",61.32,86.75
COc1cc(-c2nc3ccccn3c2N=Cc2ccc(-c3ccc([N+](=O)[O-])cc3)o2)ccc1O,49.08,71.0
O=S(=O)(O)c1ccc(Nc2ccc(C(=C3C=CC(=Nc4ccccc4)C=C3)c3ccc(Nc4ccccc4)cc3)cc2)cc1,41.95,64.71
COC(=O)c1ccc2c(c1)C(C)(C)C(/C=C/c1ccccc1OC)=[N+]2C,19.27,20.67
CCN(CC)c1ccc2nc3ccc(=[N+](CC)CC)cc-3oc2c1,14.53,23.63
C/C=C/C=C/C=C/C(=O)N[C@H]1CCCNC(=O)[C@H](C)N(C)C(=O)[C@H](C(C)C)N(C)C1=O,73.22,78.35
O=C(CN1C(=O)S/C(=C\C=C\c2ccco2)C1=O)N1CCN(c2ccccc2)CC1,33.8,42.16
[C][C]N1C(=O)C(=[C]/[C]=[C]/[C]=C2/N([C])c3ccccc3C2([C])[C])C(=O)N([C][C])C1=S,38.28,39.93
CN(C)c1cc(NCCO)c2c(c1N)C(=O)c1ccccc1C2=O,59.99,78.22
Cc1ccc(-c2ccc(C=C3C(=O)c4ccccc4C3=O)o2)cc1Cl,51.09,70.85
O=C1c2ccccc2-c2cc(N3CCCCC3)nc3cccc1c23,27.03,44.43
CC1=C(C#N)c2nc(N)c(C#N)c(C)c2C1=Cc1ccc(-c2ccc(F)cc2)o1,56.94,85.45
O=C1C(=[C]c2cnc(N3[C][C][C][C][C]3)s2)C(=O)c2ccccc21,48.76,60.4
CC(C)Nc1cc(N(C)CCc2ccccn2)c2noc3c2c1C(=O)c1ccccc1-3,16.5,21.77
[C]N1C(=O)C(=C2[C][C][C][C]2)c2cc(OS(=O)N3[C][C]N(c4ccccc4)[C][C]3)ccc21,51.94,64.43
O=S(=O)([O-])CCC[n+]1ccc(/C=C/c2c[nH]c3ccc(Br)cc23)cc1,33.86,44.86
CC1CC(C)(C)N(C)c2ccc(C=C3N=C(c4ccccc4)OC3=O)cc21,14.95,18.4
O=C1C=CC(F)=C/C1=C1/SSN=C1Cl,61.19,73.36
CN(c1ccccc1)c1ccc(/C=C2/N=C(c3ccccc3)OC2=O)cc1,25.13,40.6
O=C1[N]c2ccc(S(=O)ON3[C][C]N(c4ccc(Cl)cc4)[C][C]3)cc2C1=C1[C][C][C][C]1,53.77,67.34
CCNc1cc(NCC(C)C)c(N)c2c1C(=O)c1ccccc1C2=O,26.09,39.61
O=C1N=C(Nc2cccc(O)c2)SC1=CC(Cl)=Cc1ccc([N+](=O)[O-])cc1,52.12,60.16
CC(=Cc1cccc([N+](=O)[O-])c1)C(=O)C=CC=Cc1ccccc1,21.15,24.42
[C][C][C]N([C][C][C])S(=O)(=O)c1ccc2c(c1)C(=C1[C][C][C][C]1)C(=O)N2[C],45.86,51.16
CC1Oc2ccccc2C=C1/C=C1\Oc2cc(OC(=O)N(c3ccccc3)c3ccccc3)ccc2C1=O,38.85,55.8
CC[n+]1c(/C=C/c2ccc(N(C)C)cc2)ccc2ccccc21,17.78,31.84
CCCCN(CCCC)c1ccc(/C=C/c2cc[n+](CCC[N+](CC)(CC)CC)cc2)cc1,14.3,21.47
CCOC(=O)c1ccc(-c2ccc(/C=C3/C=C(c4ccccc4)N(c4ccc(-c5ccccc5)cc4)C3=O)o2)cc1,51.35,71.67
CCN1C(=O)/C(=C\C=C2/CCCN2CC)SC1=S,29.1,52.32
CN(C)c1ccc(/C=N/n2c(N)c(C(=O)NCc3ccc(F)cc3)c3nc4ccccc4nc32)cc1,33.22,56.69
COCCCNc1cc(Nc2ccc(OC)cc2)c2c3c(onc13)-c1ccccc1C2=O,24.33,34.41
COc1ccc([N+](=O)[O-])cc1-c1ccc(C=C(C#N)C#N)o1,27.65,33.72
[C]Oc1ccc(/[C]=C2\C(=O)c3ccccc3C2=C(C#N)C#N)cc1O[C],43.14,54.95
COc1ccccc1N1C(=O)C(=CC=Cc2ccco2)SC1=S,15.1,19.62
CCN(CC)c1ccc(/C=N/c2ccc([N+](=O)[O-])cc2C)cc1,14.42,19.26
COc1ccc(C=CC2=[N+](Cc3ccccc3)c3cccc4cccc2c34)cc1,30.26,47.01
C/C=C/C=C/C=C/C(=O)N[C@H]1CCCNC(=O)[C@H](C)NC(=O)[C@H](C(C)C)N(C)C1=O,77.39,80.34
O=C1OC(c2ccccc2)=C/C1=C\c1ccc(-c2ccc([N+](=O)[O-])cc2)o1,50.06,68.75
O=C1C(=[C]c2ccc(Cl)cc2)[C][C]C1=C1S[C][C]S1,39.88,55.03
COc1ccc(N2C(=O)/C(=C\C=C\c3ccco3)SC2=S)cc1,19.57,27.09
CCOC(=O)C1=C(Nc2ccc(OC)cc2)S/C(=C\c2ccc(-c3ccc(C(=O)O)cc3)o2)C1=O,60.22,76.08
CCCCCCCCNc1ccc(NC(=O)c2ccc(C(C)(C)C)cc2)c2c1C(=O)c1ccccc1C2=O,35.15,51.9
C=CC[n+]1c(/C=C/c2ccc(N(C)C)cc2)ccc2ccccc21,19.33,34.95
COc1ccc(N2C(=O)/C(=C\c3ccc(-c4ccc([N+](=O)[O-])cc4)o3)SC2=S)cc1,45.16,56.98
C=CCN1C(=O)/C(=C/C=C/c2ccc(N(C)C)cc2)C(=O)NC1=S,52.25,64.91
CCCN1/C(=C\C=C\c2sc3ccccc3[n+]2CCC)Sc2ccccc21,16.52,22.81
O=C1/C([N@]2CC[C@@H]1CC2)=C\C(C=C3)=CC=C3[N+]([O-])=O,39.46,59.21
O=C1/C(=C\c2ccc([N+](=O)[O-])cc2)N2CCC1CC2,39.46,59.21
O=[N+]([O-])c1cccc(/C=N/c2ccc(Nc3ccccc3)cc2)c1,20.05,37.38
COc1ccc(Nc2ccc(O)c3c2C(=O)c2ccccc2C3=O)cc1,51.64,75.08
CN(C)c1ccc(/C=C2/N=C(c3cc(C(C)(C)C)cc(C(C)(C)C)c3)OC2=O)cc1,37.3,53.88
CC1=[N+](CCCS(=O)(=O)[O-])c2ccc3cc(S(=O)(=O)[O-])ccc3c2C1(C)C,17.36,27.56
CCN1/C(=C/C=C(C=O)/C=C/c2sc3ccccc3[n+]2CC)Sc2ccccc21,21.44,26.45
COc1ccc(-c2csc(/C(C#N)=C/c3cccc([N+](=O)[O-])c3)n2)cc1,35.12,46.83
CC1CC(C)CN(c2cc(NC3CCCCC3)c3c4c(onc24)-c2ccccc2C3=O)C1,15.38,24.02
Cc1ccc(Nc2cc3c(n[n+]([O-])n3CCCCl)c3c2C(=O)c2ccccc2C3=O)cc1,42.53,52.91
COC(=O)c1ccccc1-c1ccc(C=CC(=O)c2cccc(N3CCOCC3)c2)o1,28.9,33.47
CCOC(=O)C1=C(Nc2ccc(OCC)cc2)S/C(=C/c2ccc([N+](=O)[O-])cc2)C1=O,34.83,42.88
CCN1C(=O)C(=CC=Cc2c(C)c(C#N)c(=O)n(CC)c2[O-])C(C)=C(C#N)C1=O,50.9,55.7
[C][C][N]S(=O)(=O)c1ccc2c(c1)C(=C1[C][C][C][C]1)C(=O)N2[C],51.07,58.64
O=C1c2ccccc2-c2onc3c(N4CCCC4)ccc1c23,23.07,38.4
CC(C)c1ccc(N2C(=O)/C(=C\c3ccc(-c4ccc([N+](=O)[O-])cc4)o3)SC2=S)cc1,37.48,48.12
O=C(/C(S1)=C\C2=CC=C(O2)C3=CC=C([N+]([O-])=O)C=C3)N(C1=S)C4=CC=C(C(C)C)C=C4,37.48,48.12
O=C(c1ccc2nc3c4ccccc4c4ccccc4c3nc2c1)N1CCN(c2ccccc2)CC1,23.49,37.89
Cc1ccccc1N1CCN(C2=NC(=O)/C(=C/c3ccc(-c4ccc([N+](=O)[O-])cc4Cl)o3)S2)CC1,39.33,48.22
Cc1cc([N+](=O)[O-])ccc1N1C(=O)C(=Cc2ccc(-c3ccc(Cl)c(Cl)c3)o2)C=C1c1ccccc1,52.79,71.67
CC1CC(=Cc2ccc(-c3cccc([N+](=O)[O-])c3)o2)c2nc3ccccc3c(C(=O)O)c2C1,65.9,90.2
CCN1/C(=C\C=C\c2sc3c4ccccc4[se]c3[n+]2CC)Sc2c1[se]c1ccccc21,26.13,38.34
Cc1cc(C=C2C(=O)c3ccccc3C2=O)c(C)n1-c1ccc(N2CCOCC2)cc1,33.03,42.18
CC1C/C(=C\c2ccc(-c3ccc([N+](=O)[O-])cc3Cl)o2)C(=O)/C(=C/c2ccc(-c3ccc([N+](=O)[O-])cc3Cl)o2)C1,56.4,74.16
COc1ccc(Nc2cc(N3CCCC3)c(N)c3c2C(=O)c2ccccc2C3=O)cc1,43.6,64.72
Cc1ccc(N2CCN(C(=O)C(C#N)=Cc3ccc(-c4ccc(Br)cc4)o3)CC2)cc1,34.2,41.52
COc1cccc(N=CC=CC=C2Sc3ccc4ccccc4c3[NH+]2C)c1,21.42,38.06
CC(C)CN1C(=O)/C(=C/c2ccc(-c3ccc([N+](=O)[O-])cc3)o2)SC1=S,26.75,31.25
CC(=O)Nc1ccc(N2C(=O)C(=CC3=Cc4ccccc4OC3C)SC2=S)cc1,33.1,41.9
COc1ccc(Nc2cc(N3CC(C)OC(C)C3)c3noc4c3c2C(=O)c2ccccc2-4)cc1,29.13,38.88
CN(C)c1ccc(/C=N/n2c(N)c(C(=O)Nc3ccccc3)c3nc4ccccc4nc32)cc1,29.96,55.58
CN(C)c1ccc(/C=C(/C#N)c2ccc(C#N)cc2)cc1Br,30.1,41.45
CCC(/C=C1\Sc2ccc(-c3ccccc3)cc2N1CCCS(=O)(=O)[O-])=C\c1sc2ccc(OC)cc2[n+]1CCCS(=O)(=O)[O-],29.6,36.84
Cc1ccc(N2C(=O)/C(=C/C=C/c3ccco3)SC2=S)cc1C,21.58,28.76
C1=C/C(=N/c2ccccc2)C=C2C1=NC1(c3ccccc3)CC(c3ccccc3)C=C(c3ccccc3)N21,28.63,46.8
CN1C=CC=CC1=C1C(=O)OC(C)(C)OC1=O,73.14,85.73
CCOC(=O)C1=C(Nc2ccc(OC)cc2)S/C(=C\c2ccc(-c3cccc(C(=O)O)c3)o2)C1=O,60.1,75.75
CN(/C=C/C(=C/C=[N+](/C)c1ccccc1)OCCCS(=O)(=O)[O-])c1ccccc1,15.06,18.83
[C]N1C(=O)C(=C2[C][C][C][C]2)c2cc(OS(=O)N3[C][C]N(c4ccccc4F)[C][C]3)ccc21,53.4,66.58
O=C1/C(=C\C=C\c2ccco2)SC(=S)N1c1cccc(O)c1,33.27,45.5
O=C1[N]c2ccc(S(=O)(=O)N3[C][C][C][C][C]3)cc2C1=C1[C][C][C][C]1,57.15,61.81
Cc1ccc(N2CN=c3s/c(=C\C=C\c4ccccc4)c(=O)n3C2)cc1,27.03,41.14
COc1ccc(/C=C2/CC/C(=C\c3cccc([N+](=O)[O-])c3)C2=O)cc1O,57.12,73.92
CCN1c2cc(Nc3ccc(C)cc3)c3c(c2NS1=O)C(=O)c1ccccc1C3=O,37.25,45.67
CC1=C(C#N)C(=O)N(CC(C)C)C(=O)C1=Cc1ccc(-c2ccc(C(=O)O)cc2)o1,70.34,84.46
Cc1ccc(Nc2cc3c(c4c2C(=O)c2ccccc2C4=O)NS(=O)N3CC(C)C)cc1,28.46,32.73
O=[N+]([O-])c1ccccc1/N=N/c1ccc(N2CCOCC2)cc1,53.1,70.39
O=C([O-])c1ccccc1-c1c2cc3c4c(c2[o+]c2c5c6c(cc12)CCCN6CCC5)CCCN4CCC3,28.7,41.3
O=C1/C(=C/c2ccc(Cl)cc2)C=C(c2ccccc2)N1c1ccc(Sc2ccc([N+](=O)[O-])cc2)cc1,48.27,67.45
CN(C)c1ccc(/C=C/c2ccc([N+](=O)[O-])cc2[N+](=O)[O-])cc1,31.9,38.3
CCOC(=O)C(C#N)=C1C=C(C=C2Sc3c(ccc4c3CCCC4)N2CC)CC(C)(C)C1,17.96,21.98
O=C1c2ccccc2C(=O)c2cc(N=Cc3sc(N4CCOCC4)nc3-c3ccccc3)ccc21,38.28,52.96
O=C1/C(=C/c2ccc([N+](=O)[O-])cc2)C=C(c2ccccc2)N1c1ccc2ccccc2c1,42.1,60.65
O=C1/C(=C\C=C\c2ccc([N+](=O)[O-])o2)SC(=S)N1c1cccc2ccccc12,35.64,46.99
O=C1/C(=C/C=C/c2ccco2)SC(=S)N1c1ccc2ccccc2c1,24.24,37.52
CCN(c1ccc(NC(=O)c2ccc([N+](=O)[O-])o2)cc1)C(C)C,25.45,36.61
O=c1c2ccccc2c(=O)c2c1c(NC1CCCCC1)cc1oc3ccccc3[nH]c12,21.32,38.91
O=c1c2cccc3cccc(c32)c2nc3cccc4cccc(c43)n12,25.01,48.69
CC(C)OCCCNC(=O)c1c(N)n(/N=C/c2ccc(N(C)C)cc2)c2nc3ccccc3nc12,23.71,42.4
O=C1/C(=C/c2ccc(-c3cc(Cl)ccc3Cl)o2)C=C(c2ccccc2)N1Cc1ccccc1,44.68,64.73
Cc1ccccc1N1CCN(C2=NC(=O)/C(=C\c3ccc(-c4ccc([N+](=O)[O-])cc4)o3)S2)CC1,33.07,40.75
COc1ccc(N2C(=O)/C(=C/C=C/N3CCCc4ccccc43)SC2=S)cc1,19.32,24.97
CN(C)c1ccc(NC(=O)C=Cc2cccc([N+](=O)[O-])c2)cc1,25.88,34.45
Cc1cccc(Oc2ccc3noc4c5c(Oc6cccc(C)c6)cc(N6CCCC6)c6noc(c2c34)c65)c1,30.2,47.34
COc1ccc(N2C(=O)C(=Cc3ccc(-c4ccc([N+](=O)[O-])cc4Cl)o3)SC2=S)cc1,48.22,60.25
COc1ccc(CNC(=O)c2c(N)n(/N=C/c3ccc(N(C)C)cc3)c3nc4ccccc4nc23)cc1,30.67,52.88
CN(CCC#N)c1ccc(/C=C/c2ccc3ccccc3[n+]2C)cc1.[I-],22.87,32.54
O=C1/C(=C\C=C\c2ccc([N+](=O)[O-])o2)SC(=S)N1c1cccc(Cl)c1,42.39,53.83
COc1ccc(Nc2cc(N(C)CCO)c(N)c3c2C(=O)c2ccccc2C3=O)cc1,48.86,69.52
CC1=C(C#N)c2nc(N)c(C#N)c(C)c2C1=Cc1ccc(Sc2ccc(Cl)cc2)o1,53.22,78.32
CN(c1ccccc1)c1ccc(C=C2N=C(c3cccc(Br)c3)OC2=O)cc1,36.6,52.55
CCN1C(=O)C(=Cc2ccc(-c3ccc(Cl)cc3)o2)N(CC)C1=S,22.43,28.37
C(/C=C/C=C/N1CCCCC1)=C1C(c2ccccc2)=C(c2ccccc2)C(c2ccccc2)=C1c1ccccc1,36.14,55.52
C(C(C1=CC=CC=C1)=C2C3=CC=CC=C3)(C4=CC=CC=C4)=C(C5=CC=CC=C5)C2=C/C=C/C=C/N6CCCCC6,36.14,55.52
COc1ccc(Nc2cc(N3CCC(C)CC3)c3noc4c3c2C(=O)c2ccccc2-4)cc1,27.9,40.79
O=C1N=C(N2CCN(c3cccc(C(F)(F)F)c3)CC2)S/C1=C\c1ccc(-c2cccc(C(F)(F)F)c2)o1,53.23,72.88
[2H]C([2H])([2H])[N+]([O-])(CCNc1ccc(NCC[N+]([O-])(C([2H])([2H])[2H])C([2H])([2H])[2H])c2c1C(=O)c1c(O)ccc(O)c1C2=O)C([2H])([2H])[2H],50.82,61.29
CCOC(=O)c1ccc(-c2ccc(/C=C3/C=C(c4ccccc4)N(c4ccc(C)c(C)c4)C3=O)o2)cc1,46.15,61.99
CSC(SC)=C1CC/C(=C\c2ccc(N(C)C)cc2)C1=O,16.17,24.87
CN1CCN(c2cc(NCc3ccco3)c3c(c2N)C(=O)c2ccccc2C3=O)CC1,37.69,57.92
O=[N+]([O-])C1=CC(C=C(C#N)C#N)=CS1,27.56,31.38
[O-][n+]1c2ccccc2nc2c3ccccc3c3nc4ccccc4nc3c21,26.95,48.64
COC(=O)Cn1cc(/C=C2\C(C)=C(C#N)c3nc(N)c(C#N)c(C)c32)c2ccccc21,37.28,49.95
CC1=C(C#N)c2nc(N)c(C#N)c(C)c2/C1=C/c1ccc(N(C)C)c(Br)c1,44.44,64.16
O=[N+]([O-])c1ccc2nc(C=Cc3sc(N4CCOCC4)nc3-c3ccccc3)sc2c1,29.45,37.49
COc1ccc(Nc2cc3c4c(c(Cl)cc5c4c2C(=O)C=C5Cl)C(=O)C=C3Cl)cc1,55.53,78.09
CN1C=CC=C/C1=C(/C#N)C(N)=C(C#N)C#N,27.31,31.7
CN1CCN(c2cc(NCCO)c3c(c2N)C(=O)c2ccccc2C3=O)CC1,64.32,84.34
O=[N+]([O-])c1ccc(/C=C2C(=N\O)\C3CCN\2CC3)cc1,70.15,81.6
CC(C)c1ccc(N2C(=O)/C(=C/c3ccc(-c4ccc(Cl)c(Cl)c4)o3)C=C2c2ccccc2)cc1,49.09,69.88
CC[NH+](CC)Cc1c([O-])ccc2c1O/C(=C\C=C\c1ccccc1OC)C2=O,23.82,31.05
CCc1ccc(N2C(=O)/C(=C/C=C/c3ccco3)N(CC(=O)OC)C2=S)cc1,19.5,19.8
COc1ccc(Nc2cc(N3CC(C)CC(C)C3)c3noc4c3c2C(=O)c2ccccc2-4)cc1,26.36,37.51
N#CC(C#N)=C1NC2(CCCCC2)Cc2ccccc21,15.48,28.22
CCOc1ccc(Nc2cc(N3CCC(C)CC3)c3noc4c3c2C(=O)c2ccccc2-4)cc1,28.59,41.3
[C]C(=O)c1ccc(N2[C][C]N(S(=O)(=O)c3ccc4c(c3)C(=C3[C][C][C][C]3)C(=O)[N]4)[C][C]2)cc1,54.64,62.34
COc1ccc(OC)c(C(=O)c2ccc(C(=O)Nc3ccc(N(C)C)cc3)cc2)c1,23.9,32.77
O=C1C(=Cc2ccc(-c3ccc(Cl)c(Cl)c3)o2)C=C(c2ccccc2)N1c1ccc([N+](=O)[O-])cc1O,58.33,80.65
Cc1ccc2c(c1)/C(=N/c1ccccc1)c1nc3ccccc3nc1-2,39.32,63.89
CC1=C(C#N)c2nc(N)c(C#N)c(C)c2/C1=C/c1ccc(-c2ccccc2[N+](=O)[O-])o1,57.27,81.68
Cc1ccc(N2CCN(C3=NC(=O)C(=Cc4ccc(-c5ccc(Cl)cc5Cl)o4)S3)CC2)cc1,36.96,49.4
CCN(CC)c1ccc(/C=C(/C#N)c2ccc([N+](=O)[O-])cc2)cc1Br,26.09,34.61
CC(C)Nc1cc(N(C)CCO)c2noc3c2c1C(=O)c1ccccc1-3,26.11,34.98
CSC(SC)=C1CCC/C(=C\c2ccc(N(C)C)cc2)C1=O,14.89,22.89
Cc1ccccc1/N=C1\S/C(=C\C=C\c2ccc([N+](=O)[O-])o2)C(=O)N1c1ccccc1C,37.33,49.77
O=C1/C(=C/C=C/c2ccco2)SC(=S)N1c1ccc2c(c1)OCO2,18.48,28.25
Cc1ccc(N2C(=O)/C(=C/c3ccc(-c4ccc([N+](=O)[O-])cc4)o3)SC2=S)cc1,45.0,58.02
N#Cc1cc2no[n+]([O-])c2cc1C#N,61.97,66.69
CC[NH+](CC)Cc1c([O-])ccc2c1O/C(=C\C=C\c1ccccc1)C2=O,21.94,29.78
COc1ccc(/N=C2/c3ccccc3-c3nc4ccccc4nc32)cc1,40.46,64.61
O=C1C(=Cc2ccc(-c3ccc([N+](=O)[O-])cc3)o2)Cc2c(O)cccc21,57.61,79.37
CCN(CC)c1ccc(/C=C2/N=C(c3cccc([N+](=O)[O-])c3)OC2=O)cc1,32.23,41.92
CN1C(=O)/C(=c2/s/c(=C\C=C3\SC(c4ccccc4)=C(c4ccccc4)N3C)c(=O)n2C)SC1=S,25.27,27.88
CC(C)Nc1cc(N(C)C)c2noc3c2c1C(=O)c1ccccc1-3,17.44,25.31
O=C(Nc1ccc(-c2ccc(N3CCOCC3)nn2)cc1)c1cccc([N+](=O)[O-])c1,66.67,80.59
Nc1c(N2CCN(CCO)CC2)cc(NC2CCCCC2)c2c1C(=O)c1ccccc1C2=O,38.05,53.3
Nc1c(N2CCCC2)cc(NCc2ccco2)c2c1C(=O)c1ccccc1C2=O,27.46,42.09
CC(=O)c1cnc2c(c1NC1CCC(CN(C)C)CC1)NC(=C1C=C(Cl)C(=O)C(Cl)=C1)C=C2,41.25,52.7
O=[N+]([O-])c1cccc(/C=N/c2ccc(N3CCOCC3)cc2)c1,34.59,49.54
CCN(CC)C(=O)/C=C/c1ccc(-c2cccc([N+](=O)[O-])c2)o1,23.5,32.4
[C]Oc1ccc2c(c1)SC(=[C]C1=[C]C(=C(C#N)C#N)c3ccccc31)N2[C],37.87,48.6
O=C1/C(=C/C=C/c2ccco2)SC(=S)N1Cc1ccccc1,13.2,17.85
C[N+]1=C(C=CC=CC=C2N(CCCCCC(=O)NCCN3C(=O)C=CC3=O)c3ccccc3C2(C)C)C(C)(C)c2ccccc21.[Cl-],16.08,14.45
CC(=O)Nc1ccc(-c2cc(-c3ccc(NC(C)=O)cc3)nc(-c3ccc([N+](=O)[O-])cc3)n2)cc1,55.93,79.16
CCCc1ccc(O)c(/N=C/C=C/c2ccc([N+](=O)[O-])cc2)c1,34.24,47.86
CN(c1ccccc1)c1ccc(/C=C2/SC(=S)N(C3CCCCC3)C2=O)cc1,13.79,19.79
O=[N+]([O-])c1ccc(N=Nc2ccc(N(CCO)CC(F)(F)C(F)F)cc2)c(Cl)c1,42.01,52.14
CCN(Cc1cccc(S(=O)(=O)[O-])c1)c1ccc(C(=C2C=CC(=[N+](CC)Cc3cccc(S(=O)(=O)[O-])c3)C=C2)c2ccc(S(=O)(=O)[O-])cc2)cc1,30.15,36.7
[C][C][C][C][C][C][C][C][C][C][C][C][C][C][C][C]N1[C]=[C]C(=[C][C]=C(C#N)C#N)c2ccccc21,37.0,44.69
Cc1cc([N+](=O)[O-])ccc1/N=C/c1ccc(N(C)C)cc1,15.24,22.48
CCOC(=O)C1CCCN(c2cc(Nc3ccc(N(C)C)cc3)c3c4c(onc24)-c2ccccc2C3=O)C1,30.73,39.1
N#C/C(=C\c1ccc(-c2ccc([N+](=O)[O-])cc2Br)o1)C(=O)N1CCN(c2ccccc2)CC1,34.84,42.08
CCN1C=CS/C1=C/C=C/c1sc2c3ccccc3ccc2[n+]1CC,15.29,22.8
O=C1/C(=C/c2ccc(-c3ccc([N+](=O)[O-])cc3)o2)c2ccccc2N1c1ccccc1,48.9,68.78
COc1ccccc1N1C(=O)/C(=C\c2ccc(-c3ccc(Br)cc3)o2)C=C1c1ccccc1,49.96,70.28
O=C(c1ccc([N+](=O)[O-])cc1)c1c2nc3ccccc3nc2n2c1ccc1ccccc12,32.77,47.81
COc1cc2c(cc1OC)C(=CC=Cc1ccc(N(C)C)cc1)C(=O)N2,29.86,45.91
CN(C)c1ccc(/C=C/c2cc[n+](CCCS(=O)(=O)[O-])cc2)cc1,24.49,40.28
O=[N+]([O-])c1ccc(/C=C/c2c3ccccc3cc3ccccc23)cc1,35.52,54.67
O=C1OC(=O)c2ccc(N3CCOCC3)c3cccc1c23,39.15,56.69
O=C1N=C(N2CCN(c3ccc([N+](=O)[O-])cc3)CC2)SC1=Cc1ccc(-c2cc(Cl)ccc2Cl)o1,47.7,60.1
CN(c1ccc(C=C(C#N)C#N)cc1)c1ccc(C=C(C#N)C#N)cc1,23.87,32.28
CCOC(=O)C1=C(Nc2ccc(OC)cc2)SC(=Cc2ccc([N+](=O)[O-])cc2)C1=O,33.23,38.88
O=C1ON=C(c2ccccc2)/C1=C/C1=C(OCc2ccccc2)C=CCC1,25.21,37.43
CC1CCCCN1c1cc(Nc2ccc(N(C)C)cc2)c2c3c(onc13)-c1ccccc1C2=O,23.01,33.5
CCCCCCNC(=O)c1c(N)n(/N=C/c2ccc(N(C)C)cc2)c2nc3ccccc3nc12,23.07,37.91
O=C1/C(=C\c2cc(/N=N/c3cccc4ccccc34)ccc2O)SC(=S)N1Cc1ccccc1,32.74,48.46
Cc1ccc(/N=C2\S/C(=C\c3ccc(-c4ccc([N+](=O)[O-])cc4C)o3)C(=O)N2c2ccc(C)cc2)cc1,48.54,65.58
COc1ccc(N=CC=CC=C2Sc3ccc4ccccc4c3[NH+]2C)cc1,22.43,39.39
O=C1c2ccccc2-c2onc3c(N4CCC5(CC4)OCCO5)cc(NC4CCCCC4)c1c23,23.68,33.27
COc1cc2c(cc1OC)/C(=C/C=C/c1ccc(N(C)C)cc1)C(=O)N2,33.94,49.98
O=C1/C(=C\C=C\c2ccco2)SC(=S)N1C1CCCCC1,13.4,25.18
O=C1c2ccccc2-c2nc(-c3ccc(S(=O)(=O)[O-])cc3)nc3ccc(NC4CCCCC4)c1c23,44.5,63.72
CN1C(=CC=CC=Nc2ccc([N+](=O)[O-])cc2)Sc2ccc3ccccc3c21,22.63,31.57
CN(C)c1ccc(/C=N/c2ccc(/N=N/c3ccccc3)cc2)cc1,16.24,37.04
CCOc1ccc(N2C(=O)/C(=C/c3ccc(-c4ccc(Br)cc4)o3)C=C2c2ccccc2)cc1,51.15,72.21
O=C(O)c1ccc(/N=C2/C=CC3=NC45CCCCC4C(c4ccccc4)C=C(c4ccccc4)N5C3=C2)cc1,53.51,77.71
CC(=C/c1sc2ccccc2[n+]1CCCS(=O)(=O)[O-])/C=C1/Sc2ccccc2N1CCCS(=O)(=O)[O-],18.66,22.93
CNS(=O)(=O)c1ccc(-c2ccc(C=CC(=O)c3ccc(N4CCOCC4)cc3)o2)cc1,33.73,39.86
CC(C)Nc1cc(N2CCN(CCO)CC2)c(N)c2c1C(=O)c1ccccc1C2=O,48.23,62.59
Nc1ccc2nc3ccc(N)cc3[s+]c2c1,17.89,50.36
CCN(c1ccc(NC(=O)c2ccc([N+](=O)[O-])s2)cc1)C(C)C,24.92,35.87
O=c1c2ccc3c(=O)n4c5cccc6cccc(nc4c4ccc(c2c34)c2nc3ccccc3n12)c65,40.03,66.19
COc1ccc(Nc2cc(N3CCN(C)CC3)c(N)c3c2C(=O)c2ccccc2C3=O)cc1,49.27,73.26
O=C1N=C(N2CCN(c3ccc([N+](=O)[O-])cc3)CC2)SC1=Cc1ccc(-c2ccc(F)cc2)o1,44.26,56.18
Cc1c(C=O)cc(/C=C/C2=[N+](C)c3ccccc3C2(C)C)c([O-])c1C,20.08,24.59
CCOc1ccc2c(c1)-c1c(s[s+]c1SC)C(C)(C)N2,16.88,24.89
C1=Cc2nc1c(-c1ccncc1)c1ccc([nH]1)c(-c1ccncc1)c1nc(c(-c3ccncc3)c3ccc([nH]3)c2-c2ccncc2)C=C1,47.76,70.95
CCn1cc[n+](CC)c1-c1c2n3->[Mn+3]45<-n6c(c(-c7n(CC)cc[n+]7CC)c7ccc1[n-]->47)C=Cc6c(-c1n(CC)cc[n+]1CC)c1ccc(c(-c4n(CC)cc[n+]4CC)c3C=C2)[n-]->51,42.27,55.18
O=c1c(=CC=Cc2ccccc2)sc2n1CN(c1cccc(C(F)(F)F)c1)CN=2,42.07,58.44
Nc1ccc2cc(S(=O)(=O)[O-])cc(O)c2c1N=Nc1ccc(-c2ccc(N=Nc3c(N)ccc4cc(S(=O)(=O)[O-])cc(O)c34)cc2)cc1.[Na+].[Na+],62.76,91.11
Cc1cccc(N2CCN(C(=O)C(C#N)=Cc3ccc(-c4ccc(F)cc4)o3)CC2)c1,27.78,34.31
O=C1c2ccc3nsnc3c2C(=O)c2cccc([N+](=O)[O-])c21,60.75,74.75
CN(C)CCCNc1cc(NC2CCCCC2)c(N)c2c1C(=O)c1ccccc1C2=O,32.27,54.19
[C]Oc1ccc(-c2csc(C(C#N)=C3[C][C][C][C][C]3)n2)cc1,31.3,42.07
O=C(CCN1C(=O)C(=CC=Cc2ccccc2)SC1=S)N1CCN(c2ccccc2)CC1,13.92,14.28
O=C1N=C(N2CCN(c3ccc([N+](=O)[O-])cc3)CC2)SC1=Cc1ccc(-c2ccc(Cl)cc2Cl)o1,47.74,60.18
CCOc1ccc(Nc2cc(N3CCC4(CC3)OCCO4)c3noc4c3c2C(=O)c2ccccc2-4)cc1,30.79,41.02
[C]N([C])[N]C1=[C]C(=[N+]2[C][C][C][C][C]2)[C]C([C])([C])[C]1,54.2,59.41
CCCCCCCCCN1C=C/C(=C/C(C#N)=C2C(=O)c3ccccc3C2=O)c2ccccc21,27.67,38.72
O=C(O)CN1C(=O)SC(=CC(Cl)=Cc2ccc([N+](=O)[O-])cc2)C1=O,70.67,66.47
COc1ccc(-c2csc(/C(C#N)=C/c3cc([N+](=O)[O-])ccc3OC)n2)cc1,37.71,47.77
CC[n+]1c(/C=C/C=C2\N(C)c3ccccc3C2(C)C)sc2ccccc21,15.59,21.49
CCCN1CCN(c2cc(Nc3ccc(OCC)cc3)c3c4c(onc24)-c2ccccc2C3=O)CC1,30.56,43.67
O=C1N=C(N2CCN(c3cccc(C(F)(F)F)c3)CC2)SC1=Cc1ccc(-c2ccc(Cl)c(Cl)c2)o1,50.2,67.71
CCCCCCCC[N+]1=C(C)c2cccc3c4c(cc1c23)CC(C)O4,17.21,26.96
O=C(O)CC(=Cc1ccc(-c2ccc([N+](=O)[O-])cc2)o1)c1nc2ccccc2s1,58.86,76.65
CC(C)=CCC/C(C)=C/C=C/C(C)=C/C=C/C(C)=C/C=C/C=C(C)/C=C/C=C(C)/C=C/C=C(\C)CCC=C(C)C,30.98,41.87
O=C1c2ccccc2C(=O)c2c1cc(N1CCOCC1)c1nonc21,45.98,51.2
CC1Oc2ccccc2C=C1/C=C1/SC(=S)N(c2cccc(O)c2)C1=O,32.17,44.53
N#Cc1cc2oc3cc[n+]([O-])c(-c4cccs4)c3c2cc1C#N,46.68,65.7
O=C(Nc1ccc(/N=N/c2ccccc2)cc1)c1cc2cc([N+](=O)[O-])ccc2s1,36.59,57.42
CN(C)c1ccc(/C=N/n2c(N)c(C(=O)NCCc3ccccc3)c3nc4ccccc4nc32)cc1,25.57,45.6
CCC(=O)N1c2ccc([N+](=O)[O-])cc2-c2c(ssc2=S)C1(C)C,19.71,24.16
CN(C)c1ccc(/C=C2\CCCC(=C3SCCS3)C2=O)cc1,12.0,19.18
CCNc1cc(NC(C)C)c2c3c(onc13)-c1ccccc1C2=O,19.72,30.66
O=[N+]([O-])c1ccc(N=Nc2ccc(Nc3ccccc3)cc2)cc1,25.15,45.75
CCOc1ccccc1/C=C/C1=[N+](C)c2ccc(C(=O)OC)cc2C1(C)C,20.32,23.31
Cc1ccc(N2CCN(C3=NC(=O)/C(=C/c4ccc(-c5cccc([N+](=O)[O-])c5)o4)S3)CC2)cc1Cl,41.27,50.76
CCN1/C(=C\C=C\c2sc3ccccc3[n+]2CC)Sc2ccccc21,15.91,23.54
CN1CCCc2cc(C=C3CCC(C4CCCC4)C3=O)ccc21,11.47,27.19
OCC[n+]1c2ccccc2nc2ccc(N3CCOCC3)cc21,17.84,35.24
CN(C)c1ccc(/C=C2\CCC(=C3SCCCS3)C2=O)cc1,11.95,19.15
O=C(/C=C/c1ccc(-c2ccccc2[N+](=O)[O-])o1)Nc1ccc(N2CCOCC2)cc1,47.46,60.61
CCN(CC)c1ccc(N=Nc2ccccc2C(=O)[O-])cc1,25.32,41.1
O=C1/C(=C/c2ccc(-c3ccc(Br)cc3)o2)C=C(c2ccccc2)N1c1cccc(O)c1,51.32,76.35
COc1ccc(N(C(C)=O)c2nc(C=C3COc4ccccc4C3=O)cs2)cc1,30.18,40.86
CCOC(=O)c1ccc(-c2ccc(C=C3C=C(c4ccccc4)N(c4ccc(-c5ccccc5)cc4)C3=O)o2)cc1,48.34,67.77
CCN1CCN(c2ccc(/N=C/c3ccc([N+](=O)[O-])s3)cc2)CC1,26.51,42.28
O=C1/C(=C2\Sc3ccc([N+](=O)[O-])cc3C2=O)Sc2ccccc21,48.72,60.22
O=c1/c(=C/C=C/c2ccccc2)sc2n1CN(c1cccc(C(F)(F)F)c1)CN=2,45.84,63.95
CC(C)Nc1cc(Nc2ccc(F)cc2)c2c(c1N)C(=O)c1ccccc1C2=O,44.5,68.43
COc1ccc(N2C(=O)/C(=C/c3ccc(-c4cc(Cl)ccc4Cl)o3)C=C2c2ccccc2)cc1,53.29,75.41
CCN(CC)c1ccc(C=C2CCC(C=Nc3ccc(I)cc3)=C2N2CCOCC2)cc1,21.61,28.21
COc1cccc(N2C(=O)/C(=C/c3ccc(-c4cc(Cl)ccc4Cl)o3)C=C2c2ccccc2)c1,52.38,74.03
CCOc1ccc(NC2=NC(=O)/C(=C\c3ccc(-c4ccc([N+](=O)[O-])cc4Br)o3)S2)cc1,51.41,67.21
O=C1c2ccccc2-c2onc3c(N4CCN(C5CCCCC5)CC4)cc(NC4CCCCC4)c1c23,18.68,31.0
C=Cc1c(C)c2cc3nc(c(CC(=O)O)c4[nH]c(cc5nc(cc1[nH]2)C(C)=C5CC)c(C)c4C(=O)O)[C@@H](CCC(=O)O)[C@@H]3C,77.44,91.57
CCOC(=O)c1ccc(-c2ccc(/C=C3\C=C(c4ccccc4)N(c4cccc([N+](=O)[O-])c4)C3=O)o2)cc1,48.27,62.5
COC(=O)c1ccc2c(c1)C(C)(C)C(/C=C/c1ccc3c(c1)OCO3)=[N+]2C,23.71,27.84
O=C1SC(=CC(Cl)=Cc2ccc([N+](=O)[O-])cc2)C(=O)N1c1ccc(O)cc1,55.37,63.07
CC(/C=C/C=C(\C)C(=O)O[C@@H]1O[C@H](CO[C@@H]2O[C@H](CO)[C@@H](O)[C@H](O)[C@H]2O)[C@@H](O)[C@H](O)[C@H]1O)=C\C=C\C=C(C)\C=C\C=C(/C)C(=O)O[C@@H]1O[C@H](CO[C@@H]2O[C@H](CO)[C@@H](O)[C@H](O)[C@H]2O)[C@@H](O)[C@H](O)[C@H]1O,76.34,87.49
CC(=O)c1cnc2c(c1N[C@H]1CC[C@H](CN(C)C)CC1)NC(=C1C=C(Cl)C(=O)C(Cl)=C1)C=C2,45.87,57.93
O=c1nc(C=Cc2cc([N+](=O)[O-])ccc2O)cc(C=Cc2cc([N+](=O)[O-])ccc2O)[nH]1,75.15,80.43
CCN(CC)c1ccc(C=C2C(C)=C(C#N)c3nc(N)c(C#N)c(C)c32)cc1,37.71,55.55
CCOc1ccc(N2C(=O)S/C(=C\C=C\c3ccco3)C2=O)cc1,29.79,39.12
Cc1ccc(-c2ccc(C=C3SC(N4CCN(c5cccc(C(F)(F)F)c5)CC4)=NC3=O)o2)cc1,39.95,54.32
CCN(CC)c1ccc(C=C2CCC(C=NN=Cc3ccc(OC)cc3)=C2N2CCOCC2)cc1,21.22,26.84
CCN1C(=O)/C(=C/c2cc(C)n(-c3ccc([N+](=O)[O-])cc3)c2C)c2cc(S(=O)(=O)N3CCOCC3)ccc21,33.0,32.47
[C][C]N([C][C])c1ccc([C]=C2C(=O)N([C])C(=S)N([C])C2=O)c(O[C])c1,40.81,40.32
CC(=O)Nc1ccc(-c2ccc(NC(C)=O)c3c2C(=O)c2ccccc2C3=O)c2c1C(=O)c1ccccc1C2=O,63.52,83.11
Cc1cc([N+](=O)[O-])ccc1N1C(=O)/C(=C/c2ccc(-c3ccc(Cl)c(Cl)c3)o2)C=C1c1ccccc1,54.07,73.38
O=C(O)C(Cc1ccccc1)N1C(=O)C(=CC(Cl)=Cc2ccc([N+](=O)[O-])cc2)SC1=S,57.55,66.27
CN(C)c1ccc(N=Nc2ccccc2C(=O)O)cc1,70.45,85.14
O=[N+]([O-])C1=CC=C2NC3(CCCCC3)N=C2C1=NC1CCCCC1,39.99,60.79
[C][C]N1[C][C][C][C@@H]1[C][N]S(=O)(=O)c1ccc2c(c1)C(=C1[C][C][C][C]1)C(=O)N2[C],58.94,62.34
CCN1/C(=C\c2ccc3ccccc3[n+]2CCCS(=O)(=O)[O-])Sc2c1cc(C)c1ccccc21,20.92,28.08
O=C1c2cc(S(=O)(=O)[O-])ccc2-c2ccc(S(=O)(=O)[O-])cc21.[K+].[K+],66.33,75.77
OCC[n+]1ccc(/C=C/c2c[nH]c3ccccc23)cc1,36.02,65.79
CCOc1ccc(-c2csc(/C(C#N)=C\c3ccc([N+](=O)[O-])o3)n2)cc1,39.12,51.9
O=C1/C(=C/c2ccc([N+](=O)[O-])cc2)C=C(c2ccccc2)N1c1ccccc1O,52.35,73.09
CCN1/C(=C/C=C2/SC(=S)N(c3ccccc3)C2=O)C(C)(C)c2cc(-c3ccccc3)ccc21,21.51,29.45
[C]N1C(=O)C(=C2[C][C][C][C]2)c2cc(S(=O)(=O)[N][C][C]N3[C][C][C][C]3)ccc21,55.05,57.76
O=C1/C(=C\c2ccc(-c3ccc(Br)cc3)o2)C=C(c2ccccc2)N1c1ccccc1O,51.08,75.14
Cc1ccc(Nc2cc(NCc3ccccc3)c(N)c3c2C(=O)c2ccccc2C3=O)cc1,39.4,61.29
O=C(Nc1ccc2nc(N3CCOCC3)sc2c1)c1ccc(C(=O)c2ccccc2)cc1,29.76,37.38
CCC(/C=C1\Sc2ccc(-c3ccccc3)cc2N1CCCS(=O)(=O)O)=C\c1sc2ccc(-c3ccccc3)cc2[n+]1CCCS(=O)(=O)[O-],40.8,54.37
O=[N+]([O-])c1ccccc1C=Cc1nc2c(C(F)(F)F)cccc2c2c1CCS2,42.53,59.71
Cc1ccc(N=CC=CC=C2Sc3ccc4ccccc4c3[NH+]2C)cc1,22.7,39.25
Cc1cc([N+](=O)[O-])ccc1-c1ccc(C=C2Sc3ccccc3C2=O)o1,43.07,56.8
CN(C)c1ccc(Nc2cc(N3CCN(CCOc4ccc(Cl)cc4)CC3)c3noc4c3c2C(=O)c2ccccc2-4)cc1,34.28,47.5
O=C1OC(c2cccc(Br)c2)=NC1=CC=Cc1ccc([N+](=O)[O-])cc1,45.5,59.93
CCOc1ccc(-n2c(C)cc(/C=C(\C#N)c3ccc([N+](=O)[O-])cc3)c2C)cc1,34.17,43.88
O=C1/C(=C/C=C/c2ccco2)SC(=S)N1CCc1ccccc1,12.29,14.54
N/C(C=C1Sc2ccccc2N1CCCS(=O)(=O)O)=C\c1sc2ccccc2[n+]1CCCS(=O)(=O)[O-],25.43,35.34
Cc1cc([N+](=O)[O-])ccc1-c1ccc(C(=O)Nc2ccc(N3CCOCC3)cc2)o1,45.86,58.46
Cc1ccc(/C=C2\Oc3c(ccc([O-])c3C[NH+]3CCCCC3)C2=O)o1,31.99,47.81
[C]Oc1ccc2c3c(cccc13)OC(=[N+]([C])[C])C=C2,30.25,42.6
COc1ccc(Nc2cc(N3CCC4(CC3)OCCO4)c3noc4c3c2C(=O)c2ccccc2-4)cc1,31.0,41.58
O=[N+]([O-])c1ccc2nc(NC3CCCCC3)c(NC3CCCCC3)nc2c1,15.62,31.59
CC1=C(C#N)c2nc(N)c(C#N)c(C)c2/C1=C\c1cc([N+](=O)[O-])ccc1Cl,52.97,75.15
O=[N+]([O-])c1ccc(/C=N/c2ccccc2-c2ccccc2/N=C/c2ccc([N+](=O)[O-])s2)s1,41.18,56.65
O=C1/C(=C/c2ccc(-c3ccc([N+](=O)[O-])cc3)o2)C=C(c2ccccc2)N1c1cccc([N+](=O)[O-])c1,53.18,70.37
CC(C)N(c1ccccc1)c1ccc(NC(=O)Nc2ccc([N+](=O)[O-])cc2)cc1,25.34,39.5
CCN(CC)c1ccc(/N=C/c2cc([N+](=O)[O-])ccc2O)cc1,35.81,49.48
N#CC(=Cc1ccc(-c2ccc([N+](=O)[O-])cc2)o1)C(=O)N1CCCCC1,25.35,32.06
CC1=C(C#N)c2nc(N)c(C#N)c(C)c2/C1=C\c1ccc(-c2ccc(C(=O)O)cc2)o1,67.92,95.67
[C]c1cc(N2[C][C][C][C]2)ccc1[C]=C1C(=O)N([C])C(=S)N([C])C1=O,55.25,57.73
CN(C)c1ccc(N2C(=O)C(=Cc3ccc(C(=O)O)cc3)SC2=S)cc1,71.62,83.04
O=[N+]([O-])c1ccc(-c2nnc(-c3ccc([N+](=O)[O-])cc3)c3c2no[n+]3[O-])cc1,67.12,74.6
CC[n+]1c(C=CC=C2C=C(c3ccccc3)c3ccccc3O2)sc2ccccc21,30.91,47.51
CC[n+]1c(C=Cc2ccc(N(C)C)cc2)ccc2ccccc21,15.96,28.78
CCCCC(CC)CN1C(=O)C(=Cc2ccc(-c3cccc(F)c3)o2)SC1=S,19.02,24.85
O=[N+]([O-])c1ccc(/N=N/c2ccc(N3CCOCC3)cc2Cl)cc1,48.84,62.77
CN(C)CCCNc1cc(NCCO)c(N)c2c1C(=O)c1ccccc1C2=O,60.71,86.05
O=C1/C(=C\c2cc3c4c(c2O)CCCN4CCC3)SC(=S)N1Cc1ccccc1,16.67,21.74
CC(C)(C)c1ccc(O)c(/N=C/C=C/c2ccc([N+](=O)[O-])cc2)c1,45.98,67.04
CN(C)c1ccc2ccc3cc([N+](=O)[O-])cc4ccc1c2c34,19.45,30.12
CCCCCCCCc1ccc(-c2ccc(C(=O)Nc3ccc(NCc4ccccc4)c4c3C(=O)c3ccccc3C4=O)cc2)cc1,43.34,61.3
CN(C)C(C=CNc1ccc(OC(F)(F)F)cc1)=C(C#N)C#N,22.13,26.55
COc1ccccc1N1C(=O)/C(=C/C=C/c2ccco2)SC1=S,18.16,24.19
CN1/C(=C/C=C/C=N/c2cc(C(C)(C)C)cc(C(C)(C)C)c2)C(C)(C)c2c1ccc1ccccc21,32.33,47.8
CCCCN1C(C=C2)=C(CCC1)C=C2/N=N/C(C=C3)=CC=C3[N+]([O-])=O,16.25,25.19
CCCCN1CCCc2cc(/N=N/c3ccc([N+](=O)[O-])cc3)ccc21,16.25,25.19
O=C1c2ccccc2-c2onc3ccc(NC4CCCCC4)c1c23,23.8,42.45
CN(C)c1ccc(C=CC2=Nc3c(cc([N+](=O)[O-])cc3[N+](=O)[O-])NC(C)(C)C2)cc1,41.66,47.88
Cc1ccc(Nc2cc(N3CCCCC3C)c3noc4c3c2C(=O)c2ccccc2-4)cc1,26.32,40.17
O=C1/C(=C\c2ccsc2)CC/C1=C\c1cccc([N+](=O)[O-])c1,35.28,47.34
C=CCN1C=CC(=CC=C(C#N)C#N)C=C1,23.61,32.25
N#C/C(=C/c1ccco1)c1nc(-c2ccc(N3CCCC3=O)cc2)cs1,30.21,40.9
CC[NH+](CC)Cc1c([O-])ccc2c1O/C(=C\c1sccc1C)C2=O,18.13,21.35
[O-][n+]1c2c([n+]([O-])c3cc(Br)ccc31)CCC2,35.81,43.95
Cc1cccc2oc3cc(NC4CCCCC4)c4c(=O)c5ccccc5c(=O)c4c3[nH]c12,21.51,36.61
CC(C)CN1C(=O)/C(=C/c2ccc(-c3cccc(C(=O)O)c3)o2)NC1=S,72.11,79.89
CCCCc1ccc(C(=O)Nc2ccc(Nc3cccc(C)c3)c3c2C(=O)c2ccccc2C3=O)cc1,42.02,59.73
COCCCNC(=O)c1c(N)n(/N=C/c2ccc(N(C)C)cc2)c2nc3ccccc3nc12,27.2,49.8
COC(=O)c1cccc(N2C(=O)C(=Cc3ccc(-c4ccc(Br)cc4)o3)C=C2c2ccccc2)c1,48.42,64.34
O=C(O)c1ccc(Nc2cc(N3CCC4(CC3)OCCO4)c3noc4c3c2C(=O)c2ccccc2-4)cc1,65.73,80.22
O=C1OC(c2ccc(Br)cc2)=C/C1=C\c1ccc(-c2ccc([N+](=O)[O-])cc2Cl)o1,57.18,76.26
COc1ccc([N+](=O)[O-])cc1-c1ccc(/C=C(\C#N)C(=O)N2CCN(c3ccccc3)CC2)o1,30.33,36.21
C=CCN1C(=O)C(=Cc2ccc(-c3ccc([N+](=O)[O-])cc3)o2)SC1=S,36.0,44.87
O=C1N=C(N2CCN(c3cccc(Cl)c3)CC2)SC1=Cc1ccc(-c2ccc(Cl)cc2Cl)o1,43.22,58.05
CCN1C(=C2CCC(=Cc3ccc(N(C)C)cc3)C2=O)Sc2ccccc21,15.07,19.49
CCOc1ccc(Nc2cc(N3CCCCC3)c3noc4c3c2C(=O)c2ccccc2-4)cc1,30.37,44.91
CCN=C1C=CC(=C(c2ccc(NCC)c(C)c2)c2cc([O-])c(S(=O)(=O)O)cc2S(=O)(=O)O)C=C1C,44.5,57.54
CN(C)CCCNc1cc(NCc2ccccc2)c(N)c2c1C(=O)c1ccccc1C2=O,29.44,49.12
[C]N1C(=O)C(=C2[C][C][C][C]2)c2cc(S(=O)(=O)N3[C][C]c4ccccc43)ccc21,44.41,57.34
COCCNc1cc(N2CCN(C)CC2)c(N)c2c1C(=O)c1ccccc1C2=O,41.55,61.0
N#CC(C#N)=Cc1ccc([N+](=O)[O-])c(O)c1,48.52,51.75
CC1(C)CCC(C)(C)c2cc3c(cc21)Sc1ccccc1N=C3c1ccc(C(=O)O)cc1,43.24,61.06
CN(C)c1ccc(C2=Nc3ncnn3C2=NCc2ccccc2)cc1,26.39,48.53
COc1cc(-c2nc3ccccn3c2/N=C/c2ccc(-c3ccc([N+](=O)[O-])cc3)o2)ccc1O,49.71,72.21
[C]c1ccc(N2C(=O)[C]3[C]([C]4[C]=[C][C]3C4=C3[C]4[C][C]5[C][C]([C]4)[C][C]3[C]5)C2=O)cc1Cl,54.89,76.97
COc1cc(C=Cc2sc3ccccc3[n+]2CCCS(=O)(=O)[O-])ccc1O,30.77,40.69
COc1ccc(CC[NH+]2[CH-]Nc3c(c4nc5ccccc5nc4n3/N=C/c3cccs3)C2=O)cc1,35.45,46.38
CCN1C(=O)C(=CC=CN2CCCc3ccccc32)SC1=S,11.07,17.34
O=C(O)c1ccc(-c2c3nc(c(-c4ccc(C(=O)O)cc4)c4ccc([nH]4)c(-c4ccc(C(=O)O)cc4)c4nc(c(-c5ccc(C(=O)O)cc5)c5ccc2[nH]5)C=C4)C=C3)cc1,75.39,101.77
Cc1cccc(C)c1Nc1ccc(Nc2c(C)cccc2C)c2c1C(=O)c1ccccc1C2=O,39.03,56.28
O=C1/C(=C\c2ccc([N+](=O)[O-])cc2)CC(O)(C(F)(F)F)C/C1=C\c1ccc([N+](=O)[O-])cc1,61.93,77.77
CCCCC(CC)CN1C(=O)/C(=C\c2ccc(-c3cccc(Cl)c3)o2)SC1=S,22.63,30.2
Cc1c(-c2ccccc2)[o+]c2ccccc2c1/C=C/c1ccc(NCc2ccccc2)cc1,38.13,59.52
CC[NH+](CC)Cc1c([O-])ccc2c1O/C(=C\c1c[nH]c3ccccc13)C2=O,24.78,35.31
Cc1ccc2c(c1)/C(=N/C1CCCCC1)c1cc3ccccc3nc1-2,33.18,52.64
CN(C)c1ccc(/C=N/n2c(N)c(C(=O)NCCC3=CCCCC3)c3nc4ccccc4nc32)cc1,22.64,38.76
[C]N([C])[N]C1=[C]C(=[N+]2[C][C][C][C]2)[C]C([C])([C])[C]1,54.16,58.82
CN1C(=O)/C(=C\c2ccc([N+](=O)[O-])cc2)S/C1=N\c1ccc(N2CCOCC2)cc1,46.41,54.0
O=C1[N]c2ccc(S(=O)(=O)N3[C][C]c4ccccc43)cc2C1=C1[C][C][C][C]1,43.16,58.92
O=C(/C=C/c1ccc(-c2cc(Cl)ccc2Cl)o1)N1c2ccccc2Sc2ccc(Cl)cc21,54.09,76.19
COc1ccc2c(/C=C/C=C3\N(C)c4ccccc4C3(C)C)c3ccc(OC)cc3[o+]c2c1,30.69,43.24
CCN(CC)c1ccc(/C=C2/C(=O)N(C3CCS(=O)(=O)C3)C(=O)C(C#N)=C2C)cc1,40.81,52.62
CCOC(=O)c1ccc(-c2ccc(C=C3C=C(c4ccccc4)N(c4cccc5ccccc45)C3=O)o2)cc1,44.04,61.53
CSc1[s+]sc2c1-c1ccccc1NC2(C)C,14.07,23.23
CC[NH+](CC)Cc1c([O-])ccc2c1O/C(=C\c1ccc(C)o1)C2=O,21.48,28.44
CCCCCC1CCC(c2ccc(C(=O)Nc3ccc(Nc4ccc(C#N)cc4)c4c3C(=O)c3ccccc3C4=O)cc2)CC1,43.49,62.04
C[n+]1c(C=Cc2cccc([N+](=O)[O-])c2)sc2ccccc21,19.77,24.95
O=C1c2ccccc2-c2onc3c(N4CCCC4)cc(NC4CCCCC4)c1c23,18.78,32.37
CCOc1ccc(N2C(=O)S/C(=C/C=C/c3ccco3)C2=O)cc1,27.92,36.82
CCN1/C(=C/c2ccc3cc(C)ccc3[n+]2CCCS(=O)(=O)[O-])C=Cc2cc(C)ccc21,21.88,29.32
CCN(CC)c1ccc(N=C2C=CC(=O)c3ccccc32)c(C)c1,18.02,26.01
O=C1C2=C(C=CC=C2)C(C=C1)=NC3=CC=C(N(CC)CC)C=C3C,18.02,26.01
O=C1C=C(Cl)c2cc(Nc3ccc(OCc4ccccc4)cc3)c3c4c(cc(Cl)c1c24)C(Cl)=CC3=O,55.16,77.46
C=CC1=C(C)c2cc3[n-]c(cc4nc(cc5[n-]c(cc1n2)c(C)c5C=C)C(C)=C4CCC(=O)O)c(CCC(=O)O)c3C.[Cl-].[Fe+3],66.75,89.21
[C][C]N1[C][C]N(C2=[C]C(=[N+]3[C][C][C][C]3)[C]C([C])([C])[C]2)[C][C]1,51.73,58.03
CCCC=CC=CC(=O)C1=C(O)N(C)C(CC(O)(C(=O)O)C(C)C)C1=O,74.62,76.21
O=C(OCC(=O)N1CCOCC1)c1c2c(nc3ccccc13)C(=Cc1ccc([N+](=O)[O-])cc1)CCC2,31.48,37.88
CCCCOC(=O)c1ccc(-c2ccc(C=C3SC(=S)N(c4ccc(OC)cc4)C3=O)o2)cc1,35.98,44.21
Cc1ccc(NC(=O)CN2C(=O)S/C(=C/C=C/c3ccc(N(C)C)cc3)C2=O)cc1C,27.72,36.32
Cc1ccc(N2CCN(C3=NC(=O)C(=Cc4ccc(-c5ccc(Cl)cc5Cl)o4)S3)CC2)cc1Cl,42.39,55.83
COC(=O)c1ccc2c(c1)C(C)(C)C(/C=C/c1ccc(OC)c(OC)c1)=[N+]2C,22.25,24.17
COc1cccc(N2C(=O)C(=Cc3ccc(-c4cc(Cl)ccc4Cl)o3)C=C2c2ccccc2)c1,50.66,71.87
CN(C)c1ccc(/C=N/c2nnc(/C(=C/c3ccc(N(C)C)cc3)c3ccc([N+](=O)[O-])cc3)s2)cc1,34.0,45.65
[2H]C([2H])([2H])N(CCCN1c2ccccc2Sc2ccc(C(=O)CC)cc21)C([2H])([2H])[2H],24.53,33.12
N#CC(C#N)=C(C=CC=C(Cl)c1ccccc1)c1ccc([N+](=O)[O-])cc1,26.18,31.44
CN(c1ccccc1)c1ccc(/C=C2\C(=O)ON=C2c2cccc([N+](=O)[O-])c2)cc1,45.76,61.26
COc1ccc(Nc2cc(N3CCCC3)c3noc4c3c2C(=O)c2ccccc2-4)cc1,30.85,46.83
CCN(CC)c1ccc(C=C2CCC(C=NN=Cc3c(C)[nH]c4ccccc34)=C2N2CCOCC2)cc1,22.45,28.03
COC(=O)c1ccc2c(c1)C(C)(C)C(/C=C/c1cccc(OC)c1OC)=[N+]2C,20.76,21.9
CCNC(=O)C=C(C)C=CC=C(C)C=Cc1c(C)cc(OC)c(C)c1C,17.67,22.47
N#Cc1cc2c(-c3ccccc3)c(N)n(O)c2cc1C#N,55.92,81.52
CCN(CC)c1ccc2cc(-c3ccc([N+](=O)[O-])cc3)oc2c1,19.42,28.7
O=c1nc(C(F)(F)F)cc(/C=C/c2ccc(-c3ccc([N+](=O)[O-])cc3Cl)o2)[nH]1,57.33,74.09
Cc1ccc(-c2ccc(C=C3SC(N4CCN(c5ccc([N+](=O)[O-])cc5)CC4)=NC3=O)o2)cc1,35.96,44.37
CC(C)Nc1cc(NCc2ccccc2)c2noc3c2c1C(=O)c1ccccc1-3,20.03,30.81
[C][C]N1c2ccccc2C(=C2SC(C(=O)O[C])=C(C(=O)O[C])S2)C(=S)C1([C])[C],35.33,37.04
CCN(Cc1cccc(S(=O)(=O)[O-])c1)c1ccc(C(=C2C=CC(=[N+](CC)Cc3cccc(S(=O)(=O)[O-])c3)C=C2)c2ccc(O)cc2S(=O)(=O)[O-])cc1,36.59,44.88
CN(C)c1ccc(C=Nn2c(N)c(C(=O)Nc3ccc(Cl)cc3)c3nc4ccccc4nc32)cc1,36.75,61.95
O=C1c2ccccc2-c2onc3c(N4CCN(c5ccccc5)CC4)ccc1c23,22.4,34.82
O=C1OC(C=Cc2ccc([N+](=O)[O-])cc2)=NC1=CC=Cc1ccccc1,39.03,52.46
CC1=C(C#N)C(=O)N(CCO)C(=O)C1=Cc1ccc(-c2ccc([N+](=O)[O-])cc2)o1,64.76,74.79
Cc1ccccc1/N=C1\C=C(N2CCCC2)c2noc3c2c1c(O)c1ccccc13,25.15,43.17
COc1ccc(Nc2cc(N3CCOCC3)c(N)c3c2C(=O)c2ccccc2C3=O)cc1,44.58,62.33
CN1CCN(c2cc(NCc3ccccc3)c3c(c2N)C(=O)c2ccccc2C3=O)CC1,35.31,54.08
C(=C1C=C(c2ccccc2)OC(c2ccccc2)=C1)c1cc(-c2ccccc2)cc(-c2ccccc2)[s+]1,43.82,66.36
CCOC(=O)C1CCCN(c2cc(NC(C)C)c3c4c(onc24)-c2ccccc2C3=O)C1,22.55,27.44
COc1ccc(Nc2cc(N3CCN(C)CC3)c3noc4c3c2C(=O)c2ccccc2-4)cc1,37.01,56.67
[C][C]N1C(=O)C(=[C][C]=[C]C2=C3N([C][C][C]2)c2ccccc2C3([C])[C])C(=O)N([C][C])C1=S,42.98,46.64
COc1ccc(CCNC(=O)c2c(N)n(/N=C/c3ccc(N(C)C)cc3)c3nc4ccccc4nc23)cc1,29.19,49.02
O=C1OC(c2cccc([N+](=O)[O-])c2)=NC1=Cc1ccc(N2CCOCC2)s1,50.97,57.9
COC(=O)c1ccc2c(c1)C(C)(C)C(C=Cc1ccc(OC)c(OC)c1)=[N+]2C,20.36,21.11
"CC(C)(C)C1=NN(C(=O)C1=CC=CC1=CC=C(C=C1)[N+]([O-])=O)C1=CC=CC=C1 |w:10.11,12.13,c:16,18,26,28,t:4,14,24|",36.67,48.55
CCCCOC(=O)c1ccc(-c2ccc(C=C3SC(=S)N(C)C3=O)o2)cc1,26.53,31.71
COCC[NH+]1C(=O)c2c(n(/N=C/c3cccs3)c3nc4ccccc4nc23)N[C-]1C,37.73,51.24
[C][C]N([C][C])c1ccc([C]=C2C(=O)N([C])C(=S)N([C])C2=O)cc1,39.91,39.47
CCCN(CCC)c1ccc(/C=C2\N=C(c3cccc(Br)c3)OC2=O)cc1,28.78,38.28
Cc1ccc(N2CN=c3s/c(=C\C=C\c4ccccc4)c(=O)n3C2)cc1C,24.75,35.22
CNc1c(S)ccc2c1C(=O)c1ccccc1C2=O,38.98,57.03
CC(C)CCCC(C)NC(=O)c1c(N)n(-c2ccc(N(C)C)cc2)c2nc3ccccc3nc12,17.5,27.96
N#CC1(c2ccccc2)C/C(=C/c2ccc([N+](=O)[O-])cc2)C(=O)/C(=C\c2ccc([N+](=O)[O-])cc2)C1,46.42,61.54
Cc1[nH]c2ccccc2c1/C=C1\C(=[NH2+])N2N=C(c3ccc([O-])cc3)SC2=NC1=O,58.1,71.17
CC[NH+](CC)Cc1c([O-])ccc2c1O/C(=C\c1ccco1)C2=O,18.55,27.07
O=C(O)CCCC(=O)N1CCN(c2ccc3c(c2)C(=O)c2ccccc2C3=O)CC1,74.32,81.77
CCCCNc1cc(Nc2ccc(C)cc2)c2c3c(onc13)-c1ccccc1C2=O,29.9,44.45
Cc1ccc(N2C(=O)C(=Cc3ccc(-c4ccc([N+](=O)[O-])cc4)o3)SC2=S)c(C)c1,38.32,48.16
COC(=O)c1cc(-c2ccc(N(C)c3ccc(N)cc3)cc2)c(C)o1,24.31,36.74
CC(C)Oc1ccc2c(c1)S/C(=C1/Sc3cc(OC(C)C)ccc3C1=O)C2=O,33.21,42.34
COc1ccc(-c2nc(/N=C\c3ccccc3O)sc2-c2ccc([N+](=O)[O-])cc2)cc1,51.35,74.09
O=C1N=C(N2CCN(c3ccc([N+](=O)[O-])cc3)CC2)S/C1=C\c1ccc(-c2ccc(Cl)cc2Cl)o1,49.46,62.42
[C][C]N1C(=O)C(=[C]c2ccc(-c3ccc(C#N)cc3)o2)C(=O)N([C][C])C1=S,47.99,57.63
CC(C)CNc1cc(NC2CCCCC2)c2c3c(onc13)-c1ccccc1C2=O,16.8,25.05
Cc1ccc(N2C(=O)/C(=C/c3ccc(-c4ccc(Br)cc4)o3)C=C2c2ccccc2)cc1C,49.77,70.16
O=C1OC(=O)c2ccc(N3CCCC3)c3cccc1c23,27.12,49.12
Cc1ccc(C2=NC(=CC=Cc3ccc([N+](=O)[O-])cc3)C(=O)O2)cc1,44.5,59.26
O=C1c2ccccc2C(=O)N1/N=C/c1ccc(N2CCCCC2)cc1,31.95,48.33
CN(C)C(=CC=CC1=[N+](C)c2ccccc2C1(C)C)C=C1N(C)c2ccccc2C1(C)C,11.23,10.51
CC1=C(C#N)c2nc(N)c(C#N)c(C)c2C1=Cc1ccc(N2CCCCC2)cc1C,40.95,59.67
[C][C]Oc1ccccc1[C]N=S([O-])[O+]c1ccc2c(c1)C(=C1[C][C][C][C]1)C(=O)[N]2,46.44,62.69
COCCCN1C(=O)N=C(O)/C(=C(O)\C=C\c2c[nH]c3ccccc23)C1=O,80.23,76.68
O=C(O)CCN1C(=O)/C(=C\C=C\c2ccco2)SC1=S,78.54,81.19
[C][C]([C])[C][C][N]S(=O)(=O)c1ccc2c(c1)C(=C1[C][C][C][C]1)C(=O)N2[C],47.36,54.4
N#CC(=Cc1ccc(-c2ccc([N+](=O)[O-])cc2)o1)C(=O)N1CCCCCC1,24.16,31.93
CC[n+]1c(/C=C/C=C/N(C(C)=O)c2ccccc2)sc2cc(OC)ccc21,17.53,22.18
O=C1N=C(N2CCN(c3ccc([N+](=O)[O-])cc3)CC2)S/C1=C\c1ccc(-c2cc(Cl)ccc2Cl)o1,49.41,62.35
[C]N([C]=[N+]([C])[C])c1cccc2c1C(=O)c1ccccc1C2=O,34.63,42.46
C=CCN1C(=O)C(=C2Sc3ccc(OC)cc3N2CC)SC1=Nc1ccc2c(c1)C(=O)c1ccccc1C2=O,39.54,51.12
CCc1ccc(/N=C2\S/C(=C3\C(=O)Nc4ccc([N+](=O)[O-])cc43)C(=O)N2c2ccc(CC)cc2)cc1,47.51,59.91
O=[N+]([O-])c1ccc(O)c(/C=N/N=C/c2cc([N+](=O)[O-])ccc2O)c1,80.42,83.9
CC(C)(C)c1ccc(N(C=Cc2ccccc2)c2ccc3c(c2O)C(=O)c2ccccc2C3=O)cc1,49.35,71.72
[C][C]C([C][C])=N[N][C]=C1C(=O)N([C][C])c2cc(C3=N[N]C(=O)[C][C]3)ccc21,53.22,54.26
CC1=C(C#N)c2nc(N)c(C#N)c(C)c2/C1=C\c1ccc(Sc2ccc(C)cc2)o1,55.11,80.31
CCOc1ccc(N2C(=O)/C(=C/c3ccc(-c4ccc(Cl)c(Cl)c4)o3)C=C2c2ccccc2)cc1,53.17,75.08
CCN1CCN(c2cc(NC3CCCCC3)c3c4c(onc24)-c2ccccc2C3=O)CC1,21.62,36.97
C=Cc1c(C)c2cc3nc(c(C)c4[nH]c(cc5nc(cc1[nH]2)C(C)=C5CC)c(C)c4C(=O)O)[C@@H](CCC(=O)O)[C@@H]3C,71.27,89.03
C=CCN1C(=O)/C(=C\c2ccc(N(C)c3ccccc3)cc2)SC1=S,16.88,22.84
O=c1nc(C(F)(F)F)cc(/C=C/c2ccc(-c3cccc([N+](=O)[O-])c3)o2)[nH]1,57.87,73.97
O=[N+]([O-])c1ccc(-c2nc3ncccn3c2NC2CCCCC2)o1,29.45,45.99
CC1CCCN(c2cc(NC3CCCCC3)c3c4c(onc24)-c2ccccc2C3=O)C1,16.69,27.59
CN(C)c1ccc(/C=N/n2c(N)c(C(=O)NCCCc3ccccc3)c3nc4ccccc4nc32)cc1,24.83,42.51
O=C1/C(=C/c2ccc(-c3ccc(Cl)c(Cl)c3)o2)C=C(c2ccccc2)N1c1ccc([N+](=O)[O-])cc1O,58.77,81.39
O=[N+]([O-])c1ccc(Nc2ccc3nc(N4CCOCC4)sc3c2)c(F)c1,28.45,36.77
[O-][n+]1onc2cc(Cl)c3nsnc3c21,32.97,40.19
CCN1C(=O)/C(=C\c2ccc3c(c2)C(C)=CC(C)(C)N3Cc2ccccc2)SC1=S,12.38,12.39
N#CC(=Cc1ccc(-c2ccc([N+](=O)[O-])cc2Br)o1)C(N)=S,33.14,41.25
CCN1C(=O)C(=Cc2ccc(-c3ccc(Br)cc3)o2)N(CC)C1=S,26.31,31.95
Cc1ccc(N2C(=O)C(=Cc3ccc(N4CCCCC4)o3)C(=O)N(C)C2=S)cc1,23.03,30.04
O=C1NC(=S)N/C1=C\c1ccc(-c2c(Br)cc([N+](=O)[O-])cc2Br)o1,52.47,56.35
[K+].Fc1ccc(cc1C(F)(F)F)[B-](F)(F)F,42.55,65.47
CCCCn1c(=C2SC(=S)N(CC)C2=O)sc(=CC=C2Sc3ccc(Cl)cc3N2CC)c1=O,16.9,16.43
CCN(CC)c1ccc2c(-c3ccc(N=C=S)cc3C(=O)O)c3ccc(=[N+](CC)CC)cc-3oc2c1,46.41,63.58
CCCCCCc1ccc(Sc2c(N)ccc3c2C(=O)c2ccccc2C3=O)cc1,38.37,56.08
COC(=O)/C(C(C)=O)=C(/C=C/C=C/N(C)C)N(C)C,19.66,24.81
CN1c2ccccc2C(C)(C)C12C=Nc1c(ccc3cc([N+](=O)[O-])ccc13)O2,18.71,22.61
COc1ccc(CCN2C(=O)/C(=C\C=C\c3ccco3)SC2=S)cc1,14.21,15.22
"CN(C)C(\C=C\NC1=C(C=CC=C1)C(C)=O)=C(C#N)C#N |c:9,11,t:7|",17.54,22.11
COc1ccc(-c2ccc(C=C(C#N)C#N)o2)cc1Cl,31.33,42.89
O=C1c2ccccc2-c2[o+]c3ccc([N+](=O)[O-])cc3cc21,47.18,64.14
CCN1/C(=C\C=C\c2cc(-c3ccccc3)nc3sc(C(=O)C(F)(F)F)c([O-])[n+]23)Sc2ccccc21,44.51,60.12
O=C1C(=Cc2ccc3cnccc3c2)CCc2ccc([N+](=O)[O-])cc21,36.21,50.68
[O-][n+]1c2ccccc2[n+]([O-])c2cc(O)ccc21,48.17,65.88
CCCCC(CC)CN1C(=O)C(=Cc2ccc(-c3ccc(S(N)(=O)=O)cc3)o2)SC1=S,19.85,28.32
COc1ccc(CCNc2ccc(C(F)(F)F)cc2/N=C/c2ccc([N+](=O)[O-])s2)cc1OC,31.49,39.88
FC(F)(F)C1=CC(/N=C/C2=CC=C([N+]([O-])=O)S2)=C(NCCC3=CC=C(OC)C(OC)=C3)C=C1,31.49,39.88
CCCCCCCCCCCCCCCCCC(=O)Nc1ccc2c(c1)C(=O)c1cc([N+](=O)[O-])ccc1-2,25.77,40.25
CC1=C(C#N)c2nc(N)c(C#N)c(C)c2C1=Cc1ccc(-c2ccc(C(=O)O)cc2)o1,67.73,95.21
CCOC(=O)C1=C(Nc2ccc(C)cc2)SC(=Cc2ccc(-c3ccc(C(=O)O)cc3)o2)C1=O,59.67,76.75
O=C1C=CC2=NC34CCCCC3CC3=C(CCCC3)N4C2=C1,21.49,44.09
Cc1ccc(Nc2cc3c(n[n+]([O-])n3C(C)C)c3c2C(=O)c2ccccc2C3=O)cc1,42.08,53.55
Cc1ccc2c(c1)-c1c(s[s+]c1SC(=O)c1ccccc1)C(C)(C)N2C,18.49,22.89
CCN1C(=O)/C(=C/C(=C/C=C2\Sc3ccccc3N2C)C(=O)c2ccccc2O)SC1=S,34.95,39.36
CCN1/C(=C/C=C/c2ccc3ccccc3[n+]2CC)C=Cc2ccccc21,22.79,36.39
O=C1C(=Cc2ccc(-c3ccc(Br)cc3)o2)C=C(c2ccccc2)N1c1ccccc1,46.07,67.41
O=[N+]([O-])c1cccc(C=C2CCC(C=NNc3ccc(S(=O)(=O)O)cc3)=C2N2CCOCC2)c1,60.22,69.94
COc1ccc(CN2C(=O)C(=CC=Cc3ccccc3)SC2=S)cc1,14.66,17.62
Cc1ccc(Nc2cc3c(nc(CCl)n3CC(C)C)c3c2C(=O)c2ccccc2C3=O)cc1,33.43,44.85
O=C1C(=Cc2ccc(-c3ccc(Cl)c(Cl)c3)o2)C=C(c2ccccc2)N1c1ccccc1O,51.98,76.47
CSc1[s+]sc2c1-c1cc(C)ccc1NC2(C)C,16.18,24.48
CCN(CC)c1ccc(N)c2nonc12,21.28,49.05
C1=CC2=NC34CCCCC3CC3=C(CCCC3)N4C2=CC1=NC1CCCCC1,16.34,34.35
COC(C=C(C=C1OC)C2=C(C=C3)N=C3C(C(C=C4OC)=CC(OC)=C4OC)=C(C=C5)NC5=C(C(C=C6OC)=CC(OC)=C6OC)C7=NC(C=C7)=C(C8=CC(OC)=C(OC)C(OC)=C8)C9=CC=C2N9)=C1OC,62.37,88.13
Nc1c(N2CCCC2)cc(NCc2ccccc2)c2c1C(=O)c1ccccc1C2=O,28.0,43.0
CCN(CC)c1ccc(NC(=O)c2ccc(-c3cccc([N+](=O)[O-])c3)o2)cc1,27.89,38.65
O=C(O)c1ccc(C(=O)[O-])c(-c2c3cc4c5c(c3[o+]c3c6c7c(cc23)CCCN7CCC6)CCCN5CCC4)c1,49.07,67.65
[Cl-].CCN(CC)c1ccc2c(-c3ccccc3C(O)=O)c3ccc(cc3oc2c1)=[N+](CC)CC,46.81,65.16
O=C1N=C(N2CCN(c3cccc(C(F)(F)F)c3)CC2)SC1=Cc1ccc(-c2ccccc2)o1,38.4,52.56
Cc1ccc([N+](=O)[O-])cc1-c1ccc(C=Nc2ccc(N3CCOCC3)cc2)o1,31.49,41.26
COc1cccc(Nc2cc(NC(C)C)c(N)c3c2C(=O)c2ccccc2C3=O)c1,39.44,59.52
COC(=O)c1ccc(-c2ccc(C=C3C(C)=C(C#N)c4nc(N)c(C#N)c(C)c43)o2)cc1,50.99,71.49
CCCCNC(=O)c1c(N)n(/N=C/c2ccc(N(C)C)cc2)c2nc3ccccc3nc12,26.24,46.53
CSc1ccc(/C=C2/C(=O)/C(=C/c3ccc(SC)cc3)C3CCC2N3C)cc1,25.9,36.46
CCN1CC[NH+](Cc2c([O-])ccc3c2O/C(=C\C2=Cc4ccccc4OC2C)C3=O)CC1,33.6,50.72
O=C1C(Cl)=C(C=CN(Cc2ccccc2)Cc2ccccc2)C(=O)c2ccccc21,18.81,26.81
Cc1ccc(/N=C2\S/C(=C/c3ccc([N+](=O)[O-])cc3)C(=O)N2c2ccc(C)cc2)cc1,40.52,55.77
O=C1C(=Cc2ccc(-c3ccc([N+](=O)[O-])cc3)o2)C(C(F)(F)F)=NN1c1ccc(Cl)cc1,57.15,77.19
CCOC(=O)C1=C(Nc2ccc(OCC)cc2)SC(=Cc2ccc([N+](=O)[O-])cc2)C1=O,33.68,40.94
CCOc1ccc(Nc2cc(N3CCCCCC3)c3noc4c3c2C(=O)c2ccccc2-4)cc1,29.15,43.1
CN(C)c1ccc(C=Nn2c(N)c(C(=O)NCc3cccs3)c3nc4ccccc4nc32)cc1,25.31,46.51
CCOC(=O)c1ccc(-c2ccc(C=C3C=C(c4ccccc4)N(c4ccccc4OC)C3=O)o2)cc1,41.34,55.06
C=CCSC1=N/C(=C\C=C\c2ccco2)C(=O)S1,19.35,30.58
O=C1Nc2c(Cl)cc(Cl)cc2/C1=N/N=C/c1ccc(O)cc1,58.56,74.34
O=C1C(Cl)=Cc2cccc3c(N4CCSCC4)ccc1c23,24.95,39.28
CCC(/C=C1\Sc2ccc(C)cc2N1CCCS(=O)(=O)[O-])=C\c1sc2ccc(-c3ccccc3)cc2[n+]1CCCS(=O)(=O)[O-],28.53,36.3
COc1nnc(-c2ccc(N3CCCCC3)c(NC(=O)c3ccc([N+](=O)[O-])cc3)c2)c2ccccc12,37.88,52.27
COc1ccc(Nc2cc(N3CCCC(C)C3)c3noc4c3c2C(=O)c2ccccc2-4)cc1,28.2,41.28
CCN(CC)c1ccc(N2C(=O)/C(=C\c3ccc(-c4ccc(Cl)c(C(=O)O)c4)o3)SC2=S)cc1,60.5,79.45
COc1cccc(Nc2cc(N3CCCCC3C)c3noc4c3c2C(=O)c2ccccc2-4)c1,26.29,38.49
Nc1cc(Cl)c2n[se]nc2c1[N+](=O)[O-],52.53,61.15
O=S(=O)(c1ccc(Nc2ccc3nc(N4CCOCC4)sc3c2)nc1)N1CCCC1,22.65,33.22
COCCN1C(=O)/C(=C/c2ccc(-c3cccc(C(=O)O)c3)o2)NC1=S,76.09,79.66
N#CC(=[C]c1ccc(N2[C][C][C](C(F)(F)F)[C][C]2)cc1)C#N,34.71,44.42
CCCCCCNc1ccc(NC(=O)c2ccc(C3CCC(CCCCC)CC3)cc2)c2c1C(=O)c1ccccc1C2=O,27.6,41.64
O=C1c2ccccc2-c2onc3c(N4CCCCC4)ccc1c23,21.69,35.95
Cc1cccc(N2CCN(C3=NC(=O)C(=Cc4ccc(-c5ccc(Cl)cc5Cl)o4)S3)CC2)c1,35.42,47.17
N#CC(C#N)=Cc1ccc(C=C(C#N)C#N)cc1,22.79,29.75
N#Cc1cc(Sc2ccccc2)c(N2CCCCC2)cc1C#N,16.1,23.93
CNc1ccc2nc3ccc(=[N+](C)C)cc-3sc2c1,13.18,24.26
[O-][n+]1c2c([n+]([O-])c3ccccc31)CCC2,23.57,32.43
COc1cc2c(c(OC)c1OC)-c1cc/c(=[NH+]/CCCN3CCCc4ccccc43)c([O-])cc1[C@@H](NC(C)=O)CC2,19.33,22.12
O=C1[N]c2ccc(S(=O)(=O)[N][C][C]C3=[C][C][C][C][C]3)cc2C1=C1[C][C][C][C]1,49.63,59.66
O=C1C(=Cc2ccc(Cl)cc2)C=C(c2ccccc2)N1c1ccc(Sc2ccc([N+](=O)[O-])cc2)cc1,46.85,65.59
Cc1ccc(Nc2cc(NC(C)C)c3noc4c3c2C(=O)c2ccccc2-4)cc1,30.9,47.71
CC(=O)c1cccc(N2C(=O)/C(=C/c3ccc(-c4ccc([N+](=O)[O-])cc4)o3)C=C2c2ccccc2)c1,50.24,66.72
[O-][n+]1onc2c3c4c([nH]c3ccc21)CCCC4,26.54,47.67
CN1C(=S)N(CCCN2CCOCC2)C(=O)/C1=C\c1ccc(/C=C2\C(=O)N(CCCN3CCOCC3)C(=S)N2C)s1,32.2,36.77
CC1=C(C#N)c2nc(N)c(C#N)c(C)c2/C1=C\c1c[nH]c2ccccc12,49.91,73.14
Cc1ccc(S(=O)(=O)c2c(N)n(/N=C/c3ccc(N(C)C)cc3)c3nc4ccccc4nc23)cc1,25.81,41.16
CCOC(=O)c1ccc(-c2ccc(/C=C3\C=C(c4ccccc4)N(c4ccc(-c5ccccc5)cc4)C3=O)o2)cc1,50.16,70.14
CCCC[N+]1=C(C)C(C)(C)c2c1ccc1ccccc21,11.99,18.88
Cc1ccc(S(=O)(=O)Nc2ccc3c(c2Oc2ccc(C(C)(C)C)cc2)C(=O)c2ccccc2C3=O)cc1,46.49,64.79
O=C(/C=C/c1ccc(-c2ccc([N+](=O)[O-])cc2)o1)N1CCCCC1,32.23,45.17
CN(C)C(C=CNc1ccc(Br)cc1)=C(C#N)C#N,18.17,22.08
CN1CCN(C(=O)C(C#N)=Cc2ccc(-c3ccc([N+](=O)[O-])cc3)o2)CC1,33.67,32.6
[C]N1C(=O)C(=[C]c2ccc3c(c2)[C][C]N3[C][C][C]Cl)C(=O)N([C])C1=S,46.24,48.59
O=[N+]([O-])c1ccc(C=C2CCCC=C2N2CCOCC2)s1,32.8,51.32
[C][C]1[C]c2ccccc2N1S(=O)(=O)c1ccc2c(c1)C(=C1[C][C][C][C]1)C(=O)[N]2,47.03,62.32
CCCOC(=O)c1ccc(N2N=C(C(F)(F)F)C(=Cc3ccc(-c4ccc([N+](=O)[O-])cc4)o3)C2=O)cc1,49.87,63.27
Cc1ccc(/C=C2\Oc3c(ccc([O-])c3C[NH+]3CCCCC3C)C2=O)o1,24.36,34.15
O=C(C=CC1=Cc2cc(Cl)cc(Cl)c2OC1)c1ccc(N2CCC(O)CC2)cc1,46.04,62.87
CCN(CCO)c1cc(NC(C)C)c2c3c(onc13)-c1ccccc1C2=O,21.18,28.08
CN1C(=O)C(=Cc2ccc(-c3ccc([N+](=O)[O-])cc3)o2)c2ccccc21,43.84,58.51
CCN(CC)c1ccc(/C=C2\C=C(c3cccs3)OC2=O)cc1,18.7,27.15
CCOc1ccc(Nc2cc(N3CC(C)CC(C)C3)c3noc4c3c2C(=O)c2ccccc2-4)cc1,26.73,37.77
CCCCN1C(=O)/C(=c2/s/c(=C\C=C3\SC(c4ccccc4)=C(c4ccccc4)N3CC)c(=O)n2CCCC)SC1=S,20.93,24.89
CCOc1ccc(Nc2cc(N3CCCC(C)C3)c3noc4c3c2C(=O)c2ccccc2-4)cc1,28.84,41.68
CC(=O)N(C)c1ccc(NS(=O)(=O)c2ccc(C)cc2)c2c1C(=O)c1ccccc1C2=O,37.84,50.78
CN(C)c1ccc(/C=C(\C#N)c2nc(-c3ccc(F)cc3)c(NC(=O)c3ccc(Cl)cc3)s2)cc1,43.17,60.4
CCC(C)COC(=O)c1c(N)n(-c2ccc(N(CC)CC)cc2)c2nc3ccccc3nc12,19.22,27.19
Cc1ccc(N2CCN(C3=NC(=O)C(=Cc4ccc(-c5ccc(Cl)cc5[N+](=O)[O-])o4)S3)CC2)cc1,41.03,50.53
N#Cc1cc2nc(-c3ccco3)c(-c3ccco3)nc2cc1C#N,42.13,66.53
COc1ccccc1N1C(=O)/C(=C/c2ccc([N+](=O)[O-])cc2)C=C1c1ccccc1,37.65,50.92
Nc1c(NCCO)cc(Nc2ccc(F)cc2)c2c1C(=O)c1ccccc1C2=O,52.37,78.17
Cc1ccc(/C=C2\Oc3c(ccc([O-])c3C[NH+]3CCCC(C)C3)C2=O)o1,28.08,40.32
CN(C)c1ccc(/C=C/c2cccc[n+]2CCCS(=O)(=O)[O-])cc1,20.84,34.46
CSCCC(C(=O)O)N1C(=O)C(=CC=Cc2ccco2)SC1=S,70.3,77.93
O=C1OC(c2ccc(Br)cc2)=NC1=CC=Cc1ccc([N+](=O)[O-])cc1,46.27,61.02
O=C1[N]c2ccc(OS(=O)N3[C][C]N(c4ccccc4)[C][C]3)cc2C1=C1[C][C][C][C]1,50.14,62.77
CN(c1ccccc1)c1ccc(/C=C2/SC(=S)N(c3cccc(C(F)(F)F)c3)C2=O)cc1,40.44,56.52
O=C1C(=Cc2ccc(-c3ccc(Br)cc3)o2)C=C(c2ccccc2)N1c1ccc(O)cc1,50.8,76.05
C=CCN1/C(=C\C=C\C2=[N+](C)c3ccccc3C2(C)C)C=Cc2ccccc21,20.36,29.98
O=C1C(=CC=Cc2ccco2)SC(=S)N1c1ccc(Br)cc1,26.75,36.01
Nc1c(C(=O)c2ccc([N+](=O)[O-])cc2)sc2nc(-c3cccs3)cc(C(F)(F)F)c12,50.74,71.14
NC(C(C(C(F)(F)F)=CC(C1=CC=CS1)=N2)=C2S3)=C3C(C4=CC=C([N+]([O-])=O)C=C4)=O,50.74,71.14
CCN1/C(=C/c2ccc3ccc(C)cc3[n+]2CCCS(=O)(=O)[O-])C=Cc2ccccc21,20.32,27.13
COCCNc1cc(N2CCCC2)c(N)c2c1C(=O)c1ccccc1C2=O,23.7,34.28
CN(c1ccccc1)c1ccc(C=C2C(=O)CC(C)(C)CC2=O)cc1,17.57,24.38
CN(c1ccccc1)c1ccc(/C=C2/SC(=S)N(Cc3ccccc3)C2=O)cc1,16.24,22.79
CCCCNc1cc(NCCO)c2c3c(onc13)-c1ccccc1C2=O,23.49,36.18
COc1ccc(C2NC(=S)NC=C2c2oc3cc(C#N)c(C#N)cc3c2C(=O)c2ccc(C)cc2)cc1,46.41,58.24
CCN(CC)c1ccc(/C=C2/SC(=S)N(Cc3ccccc3)C2=O)c(OCc2ccc(Cl)cc2Cl)c1,22.82,29.04
CN(C)c1cc[n+](C2=C(N=S(=O)([O-])c3ccccc3)C(=O)c3ccccc3C2=O)cc1,29.95,37.25
[C]N1/C(=[C]/[C]=[C]/[C]=C2C(=O)c3ccccc3C2=O)C([C])([C])c2ccccc21,40.73,51.01
CCCCCCCOc1ccc(C2=NOC(=O)C2=CC=Cc2ccccc2)cc1,24.39,35.07
CN(C)c1ccc(/C=C2\C=C(c3ccc(Cl)cc3)OC2=O)cc1Br,45.2,60.95
CCOc1ccc(N2C(=O)/C(=C/c3ccc(-c4ccc(Cl)c(C(F)(F)F)c4)o3)N(C)C2=S)cc1,51.98,69.73
CCc1nnc(S)n1N=Cc1ccc(N(C)c2ccccc2)cc1,27.41,50.9
CN(C)c1ccc(/C=C/C=C2/SC(=O)N(c3ccc(Cl)cc3)C2=O)cc1,34.37,45.26
CN(C)c1ccc(N)c2nonc12,31.45,58.98
CN(C)c1ccc(/C=C(\C#N)c2nc(-c3cccc([N+](=O)[O-])c3)cs2)cc1,27.18,35.57
O=C1N=C(N2CCN(c3ccc([N+](=O)[O-])cc3)CC2)S/C1=C\c1ccc(-c2ccc([N+](=O)[O-])cc2)o1,54.36,64.6
O=C1[C]2[C]([C]3[C]=[C][C]2C3=C2[C][C][C][C][C]2)C(=O)N1c1ccc([N+](=O)[O-])c(Cl)c1,56.71,68.48
O=[N+]([O-])c1ccc(C#Cc2ccc3cc4ccccc4cc3c2)cc1,44.82,64.59
O=C(CCc1ccccc1)O/N=C1/c2ccccc2-c2nc3ccccc3nc21,27.42,40.24
O=C1/C(=C\C=C\c2ccco2)SC(=S)N1Cc1ccccc1,12.55,17.27
CCCCCCCCCC(=O)[O-].[Na+],13.1,30.74
Cc1ccccc1C1=NC(=CC=Cc2ccc([N+](=O)[O-])cc2)C(=O)O1,41.85,55.69
Cc1ccc(N2CCOCC2)c(/N=C/c2cc([N+](=O)[O-])ccc2O)c1,55.04,67.01
COC(=O)CCNc1cccc2c1C(=O)c1cccc(NCCC(=O)OC)c1C2=O,22.02,29.66
O=C1OC(c2ccc(F)cc2)=NC1=CC=Cc1ccc([N+](=O)[O-])cc1,49.52,66.43
CCCn1c(=O)/c(=C2/C=Cc3ccccc3N2CC)s/c1=C1\SC(=S)N(CC)C1=O,14.28,13.15
[C]1[C][C][C]([N]C([N][C]2[C][C][C][C][C]2)=Nc2nonc2N=C([N][C]2[C][C][C][C][C]2)[N][C]2[C][C][C][C][C]2)[C][C]1,56.58,66.16
O=C(O)c1ccc(N2C(=O)/C(=C/c3ccc(-c4ccc([N+](=O)[O-])cc4)o3)C=C2c2ccccc2)cc1O,72.5,94.44
[C][C][C][C]N1[C][C]c2cc([C]=C3C(=O)N([C])C(=S)N([C])C3=O)ccc21,45.22,47.05
CN1/C(=C\C=C\C2=[N+](C)c3ccccc3C2(C)C)C(C)(C)c2ccccc21,13.25,16.65
O=C1[N]c2ccc([O+]S([O-])=N[C][C][C]c3ccccc3)cc2C1=C1[C][C][C][C]1,45.56,63.89
O=C(O)CN1C(=O)/C(=C/C(Cl)=C\c2ccc([N+](=O)[O-])cc2)SC1=S,70.25,69.44
CN(C)c1ccc(/N=N/c2ccc(/N=N/c3ccccc3)cc2)cc1,18.51,43.21
[C][C]N1C(=[C]C2=[C]C(=C(C#N)C#N)c3ccccc32)N([C][C])c2ccccc21,36.01,46.54
[Na+].[Na+].[O-]S(=O)(=O)c1ccc2ccc(cc2c1)S([O-])(=O)=O,56.68,70.08
Cc1ccc(N2CCN(C3=NC(=O)/C(=C/c4ccc(-c5ccc(Cl)cc5[N+](=O)[O-])o4)S3)CC2)cc1,43.02,53.25
CCN(CC)c1ccc(C(=C2C=Nc3ccccc32)c2c[nH]c3ccccc23)cc1,22.56,32.69
CCCCNc1cc(NCC)c2c3c(onc13)-c1ccccc1C2=O,19.16,31.05
O=C1c2ccccc2-c2onc3c(N4CCOCC4)ccc1c23,24.19,36.71
O=C(Nc1ccc2nc(N3CCCC3)sc2c1)c1ccc2c(c1)S(=O)(=O)c1ccccc1C2=O,37.78,50.56
Cc1ccc(N2C(=O)/C(=C\c3ccc(-c4ccc([N+](=O)[O-])cc4)o3)SC2=S)cc1C,40.52,51.26
Cc1ccccc1N1CCN(C(=O)C(C#N)=Cc2ccc(-c3ccc(Br)cc3)o2)CC1,31.35,37.37
O=C1/C(=C/c2ccc([N+](=O)[O-])cc2)C=C(c2ccccc2)N1c1cccc2ccccc12,40.47,58.21
O=C1CSC(=S)N1c1ccc(/N=N/c2ccc([N+](=O)[O-])cc2)cc1,56.08,68.87
O=C(CS1)N(C1=S)C(C=C2)=CC=C2/N=N/C(C=C3)=CC=C3[N+]([O-])=O,56.08,68.87
CC(C)Nc1cc(N2CCC3(CC2)OCCO3)c2noc3c2c1C(=O)c1ccccc1-3,24.32,29.12
CCN1/C(=C\C=C\C2=[N+](CC)c3ccccc3C2(C)C)C(C)(C)c2ccccc21,13.28,16.35
CC1CCN(c2cc(NC(C)C)c3c4c(onc24)-c2ccccc2C3=O)CC1,15.35,20.5
O=C1/C(=C/c2cccc([N+](=O)[O-])c2)CC/C1=C\c1csc(-c2ccccn2)n1,41.75,57.44
COc1cc([N+](=O)[O-])ccc1-c1ccc(/C=C(\C#N)c2ccc([N+](=O)[O-])cc2)o1,44.04,54.66
[C][C]1[C][C]N(S(=O)(=O)c2ccc3c(c2)C(=C2[C][C][C][C]2)C(=O)[N]3)[C][C]1,57.4,63.32
CCN(CC)c1ccc2nc3ccc(N)cc3[n+](-c3ccccc3)c2c1,21.06,40.25
CCN(CC)c1ccc(C=C2C(=O)c3ccccc3C2=O)c(O)c1,40.43,54.28
CCN1C(=O)C(=Cc2ccc(-c3cccc(Cl)c3)o2)C(=O)N(CC)C1=S,28.12,34.48
CCOC(=O)C1CCN(c2cc(Nc3ccc(OC)cc3)c3c4c(onc24)-c2ccccc2C3=O)CC1,36.74,47.53
O=C(O)c1cc(-c2ccc(C=C3Sc4ccccc4C3=O)o2)ccc1O,72.91,93.86
Cc1ccc(S(=O)(=O)Nc2nc3ccccc3nc2Nc2ccc(-c3ccc([N+](=O)[O-])cc3)cc2)cc1,38.06,55.57
Cc1ccc(C)c(N2C(=O)/C(=C/c3ccc([N+](=O)[O-])cc3)C=C2c2ccccc2)c1,36.55,50.29
O=C(O)CN1C(=O)S/C(=C/C(Cl)=C/c2ccc([N+](=O)[O-])cc2)C1=O,72.66,69.21
CN(C)c1cccc2c1C(=O)C(=O)C=C2c1ccc(N(C)C)c2c(N(C)C)cccc12,20.1,27.35
O=C(O)CCCCCN1C(=O)/C(=C\C=C\c2ccco2)SC1=S,61.44,70.3
O=C1NC(=S)SC1=Cc1ccc(-c2ccc3c(c2)C(=O)c2ccccc2C3=O)o1,53.09,66.85
O=C(Nc1ccc2nc(N3CCOCC3)sc2c1)c1cccc([N+](=O)[O-])c1,48.78,59.66
C=CCn1c(=O)/c(=C\C=C2\C=CN(CC)c3ccccc32)s/c1=C\c1sc(-c2ccccc2)c(-c2ccccc2)[n+]1CC,38.09,53.56
CN(C)c1ccc(/C=C/C(=O)/C=C/c2ccc([N+](=O)[O-])cc2)cc1,22.0,26.77
[C]OC(=O)C1=C(C(=O)O[C])SC(=C2C(=S)C([C])([C])N([C])c3ccccc32)S1,34.47,35.27
O=C(c1sc2cc([N+](=O)[O-])ccc2c1Cl)N1c2ccccc2Sc2ccc(C(F)(F)F)cc21,49.31,66.51
CC(C)CNC(=O)c1c(N)n(/N=C/c2ccc(N(C)C)cc2)c2nc3ccccc3nc12,29.19,52.55
CCN(CC)c1ccc(-n2c(N)c(C(=O)NCc3ccc(Cl)cc3)c3nc4ccccc4nc32)cc1,29.1,45.76
O=C1OC(c2cccs2)=N/C1=C\C=C\c1ccc([N+](=O)[O-])cc1,47.07,61.14
Cc1cccc(N2CCN(C3=NC(=O)C(=Cc4ccc(-c5cccc(C(F)(F)F)c5)o4)S3)CC2)c1,38.53,52.25
CCOc1ccc(N2C(=O)/C(=C/c3ccc(-c4ccc(Cl)cc4)o3)N(C)C2=S)cc1,41.88,55.77
O=C(OCc1cccc(Cl)c1)c1c2c(nc3ccccc13)C(=Cc1ccc([N+](=O)[O-])cc1)CCC2,38.64,50.61
CC[NH+](CC)Cc1c([O-])ccc2c1O/C(=C\c1cc(OC)ccc1OC)C2=O,25.46,33.54
N#C/C(=C\c1ccc(-c2ccc(C(=O)O)cc2)o1)C(=O)N1CCN(c2ccccc2)CC1,60.12,75.06
O=C1/C(=C/c2ccco2)Oc2c1ccc([O-])c2C[NH+]1CCCCC1,31.72,51.43
Cn1cc(/C=C/C2=CC(=C(C#N)C#N)CC(C)(C)C2)c2ccccc21,18.23,18.18
Nc1c(NCCO)cc(NCCc2ccccc2)c2c1C(=O)c1ccccc1C2=O,33.35,47.52
O=C1Nc2c(Cl)cc(Cl)cc2/C1=N/N=C/c1cc(Br)ccc1O,54.28,69.91
O=C1Nc2ccccc2C1=Cc1ccc(-c2ccc([N+](=O)[O-])cc2)o1,50.2,67.29
Oc1ccc(C=C2CCCc3c(-c4ccccc4)cc(-c4ccccc4)[o+]c32)cc1,44.06,68.54
Cc1c(C=O)cc(C=CC2=[N+](C)c3ccccc3C2(C)C)c([O-])c1C,18.15,21.46
CCCCC1=C(C)/C(=C/c2ccc[nH]2)[NH+]=C1Cc1[nH]c(/C=C2/C=CC=[NH+]2)c(C)c1CCCC,22.59,26.98
CCCCc1ccc(-c2csc(/C(C#N)=C/c3ccc(N(C)C)cc3)n2)cc1,30.98,42.92
Cc1ccccc1Nc1ccc(NC(=O)c2ccccc2)c2c1C(=O)c1ccccc1C2=O,45.35,66.62
CCc1ccc(N2C(=O)/C(=C/c3ccc(-c4ccc(C(=O)O)cc4)o3)C(=O)N(C)C2=S)cc1,67.91,84.51
C=CC1=C(C)/C(=C/c2[nH]c(Cc3[nH]c(/C=C4\NC(=O)C(C)=C4C=C)c(C)c3CCC(=O)O)c(CCC(=O)O)c2C)NC1=O,73.32,77.92
CN(C)c1ccc(C=C2CCc3c2nc2ccccc2c3C(=O)O)cc1,55.37,78.84
C=CCN1/C(=C\C=C\C2=[N+](C)c3ccccc3C2(C)C)Sc2ccccc21,16.07,22.54
O=C1[N]c2ccc([O+]S([O-])=N[C][C]c3ccccc3)cc2C1=C1[C][C][C][C]1,44.85,64.3
O=C1/C(=C\c2ccc(-c3cccc([N+](=O)[O-])c3)o2)NC(=S)N1CC1CCCO1,51.98,57.68
O=C(c1sc2cc([N+](=O)[O-])ccc2c1Cl)N1c2ccccc2Sc2ccccc21,37.36,49.73
CCN1/C(=C/c2ccc3ccccc3[n+]2CC)C=Cc2c1sc1ccccc21,23.04,36.37
CCN1/C(=C/c2ccc3ccccc3[n+]2CCCS(=O)(=O)[O-])C=Cc2ccccc21,19.27,26.0
C(=Cc1cc(-c2ccccc2)cc(-c2ccccc2)[o+]1)c1ccc(N2N=C(c3ccccc3)CC2c2ccccc2)cc1,40.25,62.02
O=C1OC(c2ccccc2)=NC1=CC=Cc1ccc([N+](=O)[O-])cc1,42.14,56.34
COc1ccc(-c2csc(C=Cc3cccc([N+](=O)[O-])c3)n2)cc1OC,30.42,40.4
Cc1cc(C)cc(NC(=O)c2c(N)n(/N=C/c3ccc(N(C)C)cc3)c3nc4ccccc4nc23)c1,34.68,58.73
CCC1(C)NC(=O)N(/N=C/c2ccc(N(C)c3ccccc3)cc2)C1=O,39.7,51.77
Cc1cccc2nc3c(nc12)-c1ccccc1/C3=N/c1ccccc1,38.45,62.16
FC(F)Sc1ccc(-c2ccc(C=NN=CC3=C(N4CCOCC4)C(=Cc4ccc(Cl)cc4)CC3)o2)cc1,38.73,53.71
CCc1ccc(-c2csc(/C(C#N)=C/c3ccc(N(C)C)cc3)n2)cc1,30.99,42.44
COc1ccc(N2CCN(c3cc(NC4CCCCC4)c4c5c(onc35)-c3ccccc3C4=O)CC2)cc1,22.72,31.87
CCOC(=O)c1ccc(-c2ccc(/C=C3/C=C(c4ccccc4)N(c4ccc(C)cc4)C3=O)o2)cc1,46.78,63.7
CCCCCC(=O)N1c2ccc([N+](=O)[O-])cc2-c2c(ssc2=S)C1(C)C,15.86,20.69
O=S(=O)([O-])c1ccc(Nc2cc3c(nc4ccccc4[n+]3-c3ccccc3)c3ccccc23)c(S(=O)(=O)[O-])c1,35.96,51.64
[C]OC(=O)C1=C(C(=O)O[C])SC(=C2C(=S)C([C])([C])N([C])c3ccc([C])cc32)S1,38.75,41.43
c1ccc(N/N=C2/c3ccccc3-c3nc4ccccc4nc32)cc1,26.09,48.54
O=C1C(=CC=Cc2cccc(Br)c2)SC(=S)N1Cc1ccccc1,22.48,27.33
CCOc1ccc(N2C(=O)/C(=C/C=C/c3ccco3)N(CC(=O)OC)C2=S)cc1,22.23,23.93
CN(c1ccccc1)c1ccc(/C=C2\SC(=S)N(c3cccc(C(F)(F)F)c3)C2=O)cc1,41.85,58.52
CN(C)c1ccc(Nc2cc(N3CCC4(CC3)OCCO4)c3noc4c3c2C(=O)c2ccccc2-4)cc1,28.21,37.29
CC1=C(C#N)c2nc(N)c(C#N)c(C)c2/C1=C\c1cn(Cc2cccc(C)c2)c2ccccc12,45.42,65.03
CCN1C(=O)/C(=C\C=C2\N(C)c3ccccc3C2(C)C)SC1=S,10.06,11.02
C=C(c1cccs1)c1ccc2ccccc2[n+]1C,19.41,31.58
C[n+]1c(/C=C2\C=Cc3ccccc3N2CCCS(=O)(=O)[O-])sc2ccccc21,17.58,21.37
CN(C)c1ccc(C(=O)NN=C2C=C(C(C)(C)C)C(=O)C(C(C)(C)C)=C2)cc1,37.45,55.75
O=C1C(=C/C=C/c2ccco2)C(=O)c2ccccc21,33.28,49.95
CN(C)c1ccc(C=C2N=C(C=Cc3ccc([N+](=O)[O-])cc3)OC2=O)cc1,38.84,48.94
[C][C]N([C][C])c1ccc([C]=C2C(=O)OC([C])([C])OC2=O)c(O[C])c1,42.01,46.67
N#CC(C#N)=c1ccc2c(c1)N1C3=C(CCCC3)C(c3ccccc3)C3CCCCC31N=2,20.38,28.52
O=C1c2ccc(Oc3ccc4c(c3)C(=O)N(c3ccc(/N=N/c5ccccc5)cc3)C4=O)cc2C(=O)N1c1ccc(/N=N/c2ccccc2)cc1,58.03,82.75
CCN1C(=O)/C(=c2\s/c(=C\C=C3\Sc4ccc([N+](=O)[O-])cc4N3C)c(=O)n2-c2ccccc2)SC1=S,32.58,35.37
CN(C)c1ccc(/C=C/c2cc(C(C)(C)C)cc(C(C)(C)C)[s+]2)cc1,37.74,56.8
O=C1N=C(N2CCN(c3cccc(Cl)c3)CC2)SC1=Cc1ccc(-c2cc(Cl)ccc2Cl)o1,43.17,57.98
Cc1cccc(N2C(=O)C(=Cc3ccc(-c4ccc(Br)cc4)o3)C=C2c2ccccc2)c1,47.32,67.82
CN1/C(=C\C=C2C(=O)CC(C)(C)CC2=O)C(C)(C)c2ccccc21,11.22,14.03
CN(C)c1ccc(/C=C2\CCC/C(=C\c3ccc(N(C)C)cc3)C2=O)cc1,18.94,28.07
O=C1/C(CCC/C1=C\C(C=C2)=CC=C2N(C)C)=C/C3=CC=C(N(C)C)C=C3,18.94,28.07
CCN(CC)c1ccc2nc3c(C(N)=O)cc(O)c(O)c3[o+]c2c1,54.05,77.54
CC1=C(C#N)c2nc(N)c(C#N)c(C)c2/C1=C\c1ccccc1[N+](=O)[O-],51.82,73.62
O=C1C(=Cc2ccc([N+](=O)[O-])cc2)C=C(c2ccccc2)N1Cc1ccccc1,26.59,36.68
O=C1C(=CC2=Cc3ccccc3OC2)SC(=S)N1c1cccc(O)c1,30.43,43.35
Cc1cccc(S(=O)(=O)c2c(N)n(/N=C/c3ccc(N(C)C)cc3)c3nc4ccccc4nc23)c1,24.47,39.38
CCN1C(=O)/C(=C/c2ccc(N(C)c3ccccc3)cc2)SC1=S,15.28,19.68
CN(c1ccccc1)c1ccc(/C=C2\C(=O)ON=C2c2ccc(Cl)cc2)cc1,41.17,60.52
CC1CCC[NH+](Cc2c([O-])ccc3c2O/C(=C\c2ccco2)C3=O)C1,27.95,43.61
O=[N+]([O-])c1ccc(O)c(/C=N/c2ccc(Nc3ccccc3)cc2)c1,35.88,57.96
CCCN(Cc1ccccc1)C(=S)Nc1ccc2nc3c4ccccc4c4ccccc4c3nc2c1,19.61,30.3
Nc1c(N2CCOCC2)cc(NCc2ccco2)c2c1C(=O)c1ccccc1C2=O,30.6,42.2
CN(CCO)c1ccc2cc(/C=C(\C#N)c3ccc(C#N)cc3)sc2c1,28.76,38.87
Nc1c(N2CCN(CCO)CC2)cc(NCCO)c2c1C(=O)c1ccccc1C2=O,69.98,83.83
CCCCN1C(=S)SC(C)(C)C1/[N+]([O-])=C/C=C/c1ccc([N+](=O)[O-])o1,15.56,19.42
COC(=O)c1ccc(C=CC2=[N+](C)c3ccc(OC)cc3C2(C)C)cc1,20.02,21.57
[C][C]N1C(=O)C(=[C][N]c2sc3c(c2C(=O)c2ccc([C])cc2)[C][C][C][C]3)C(=O)N([C][C])C1=S,48.94,56.04
O=C1/C(=C/C=C/c2ccco2)SC(=S)N1C1CCCCC1,14.01,25.0
O=C(/C=C/c1ccc(-c2cccc(Cl)c2Cl)o1)N1c2ccccc2Sc2ccc(Cl)cc21,53.23,74.81
Cc1ccc2c(c1)C(=NC1CCCCC1)c1nc3ccccc3nc1-2,22.84,38.88
O=C(Nc1ccc(N2CCCC2)cn1)c1ccc2c(c1)C(=O)NC2=O,73.83,83.51
CN(C)c1ccc(/C=C/c2sc3ccc4ccccc4c3[n+]2CCCS(=O)(=O)[O-])cc1,20.0,26.13
COc1nnc(-c2ccc(N3CCOCC3)c(NC(=O)c3ccc([N+](=O)[O-])cc3)c2)c2ccccc12,48.83,62.56
N#Cc1cc(N2C3CCNCC2CC3)ccc1C(F)(F)F,53.15,75.41
Cc1ccc2[nH]c3c(cc(NC4CCCCC4)c4c(=O)c5ccccc5c(=O)c43)oc2c1,22.99,39.36
[O-][n+]1onc2c3n[se]nc3c(Br)cc21,35.82,37.91
[C][C]N([C][C])c1ccc(/[C]=c2/sc(=C(C#N)C#N)n(-c3ccc([C])cc3[C])c2=O)cc1,38.95,48.68
Cc1ccc(Nc2cc3c(n[n+]([O-])n3CCCN3CCCCC3)c3c2C(=O)c2ccccc2C3=O)cc1,36.27,46.78
CN(C)c1ccc(/C=C(\C#N)c2nc(-c3ccc(-c4ccccc4)cc3)cs2)cc1,44.65,64.04
CN(C)c1ccc(-c2nc3ccccn3c2/N=C/c2ccc(Br)c([N+](=O)[O-])c2)cc1,30.27,41.36
O=[N+]([O-])c1ccccc1C=CC=C1c2ccccc2-c2ccccc21,39.15,57.56
CN1/C(=C/C=C2\C(=O)c3ccccc3OC2/C=C2/Sc3ccccc3N2C)Sc2ccccc21,26.47,37.35
CCN(CC)c1ccc(/C=C2\c3cc([N+](=O)[O-])ccc3-c3c2cc([N+](=O)[O-])cc3[N+](=O)[O-])cc1,42.13,53.53
O=C1c2ccccc2C(=O)c2c(NCC3CCCO3)cccc21,37.3,55.39
COc1ccccc1N1C(=O)C(=Cc2ccc(-c3ccc([N+](=O)[O-])cc3)o2)SC1=S,39.4,49.2
Nc1c(N2CCN(CCO)CC2)cc(NCc2ccco2)c2c1C(=O)c1ccccc1C2=O,38.86,54.23
CN1C=CC=C/C1=C(/C#N)c1nc(-c2ccc(Cl)cc2)cs1,28.73,37.03
CCSC1=N/C(=C\C=C2/N(C)c3ccccc3C2(C)C)C(=O)S1,13.01,14.43
O=C1C(=Cc2ccc(-c3ccc([N+](=O)[O-])cc3)o2)SC(=S)N1C1CCCCC1,27.44,35.84
COc1ccccc1N1C(=O)C(=Cc2ccc(-c3ccc(Cl)c(Cl)c3)o2)C=C1c1ccccc1,49.18,69.73
O=C1/C(=C\C=C\c2ccco2)SC(=S)N1c1ccc2c(c1)OCO2,17.43,26.94
O=C1/C(=C\C=C\c2ccco2)SC(=S)N1CCc1ccccc1,11.7,13.91
CCN1C(=O)/C(=C\C=C\c2cccc([N+](=O)[O-])c2)SC1=S,34.18,41.54
CCOC(=O)c1cccc(-c2ccc(/C=C3/SC(=S)N(c4ccc(N(C)C)cc4)C3=O)o2)c1,32.39,38.0
CCOC(=O)Cn1cc(/C=C2\C(C)=C(C#N)c3nc(N)c(C#N)c(C)c32)c2ccccc21,38.14,50.85
O=C1C(=Cc2ccc(-c3cccc(Cl)c3)o2)C=C(c2ccccc2)N1c1ccccc1,42.62,64.46
C=CCN1/C(=C\C=C\C2=[N+](C)c3ccccc3C2(C)C)Sc2cc(OC)ccc21,17.72,23.22
CN(C)c1ccc(C2=CC(=O)C(=O)c3ccccc32)cc1,30.44,44.51
[C]c1ccc([C][N]S(=O)(=O)c2ccc3c(c2)C(=C2[C][C][C][C]2)C(=O)N3[C])o1,48.72,62.05
C1=CC2=NC34CCCCC3C(c3ccccc3)C=C(c3ccccc3)N4C2=CC1=Nc1ccccc1,24.8,41.23
O=c1[nH]c2ccccc2nc1C=Cc1ccc(-c2ccc(S(=O)(=O)N3CCOCC3)cc2)o1,35.94,41.43
O=C1[N]c2ccc(S(=O)(=O)[N][C]c3ccccn3)cc2C1=C1[C][C][C][C]1,51.04,64.8
O=[N+]([O-])c1c(N2CCCCC2)cc(Cl)c2n[se]nc12,28.77,41.87
COc1cc([N+](=O)[O-])ccc1-c1ccc(/C=N/N(c2ccccc2)c2ccccc2)o1,32.42,47.4
COc1ccc2c(c1)CCC(=CC1=Cc3ccccc3OC1)C2=O,25.03,38.31
O=C1/C(=C/c2ccc(-c3ccc(Br)cc3)o2)C=C(c2ccccc2)N1c1ccccc1Cl,52.79,74.98
Nc1c(N2CCN(C3CCCCC3)CC2)cc(NCCO)c2c1C(=O)c1ccccc1C2=O,35.22,50.56
N#CC(=CC=Cc1ccc([N+](=O)[O-])cc1)c1nc(-c2ccc3c(c2)OCO3)cs1,34.26,45.2
O=C(O)CCCCCN1C(=O)/C(=C\C=C\c2ccc([N+](=O)[O-])cc2)SC1=S,62.64,69.58
CC1CCN(c2cc(Nc3ccc(C(=O)O)cc3)c3c4c(onc24)-c2ccccc2C3=O)CC1,63.0,85.53
O=C1[N]c2ccc(OS(=O)N3[C][C]N(c4ccccc4F)[C][C]3)cc2C1=C1[C][C][C][C]1,52.76,66.54
O=C1/C(=C/c2ccc(-c3ccc(Cl)c(Cl)c3)o2)C=C(c2ccccc2)N1c1cccc(O)c1,54.39,80.24
CN1c2ccccc2Sc2cc(/C=C3/S/C(=N/c4ccccc4)N(C4CCCCC4)C3=O)ccc21,21.15,31.27
C=CCN1C(=O)/C(=C/C=C2\N(C)c3ccc4ccccc4c3C2(C)C)SC1=S,16.58,18.69
CN1/C(=C\C=c2/s/c(=C3\SC(=S)N(N)C3=O)n(C)c2=O)C(C)(C)c2cc(-c3ccccc3)ccc21,32.91,37.39
Cc1cccc(N2CCN(C3=NC(=O)/C(=C/c4ccc(-c5ccc(Cl)cc5Cl)o4)S3)CC2)c1,37.38,49.85
COc1ccc(Cl)cc1CN1CCN(c2cc(Nc3ccc(N(C)C)cc3)c3c4c(onc24)-c2ccccc2C3=O)CC1,34.54,47.94
Cc1ccccc1N=C1C=C(N2CCCC2)c2noc3c2c1c(O)c1ccccc13,24.83,42.57
OCC[n+]1cccc(-c2c3nc(c(-c4ccc[n+](CCO)c4)c4ccc([nH]4)c(-c4ccc[n+](CCO)c4)c4nc(c(-c5ccc[n+](CCO)c5)c5ccc2[nH]5)C=C4)C=C3)c1,53.08,70.81
COc1ccc(-c2nc(N)sc2-c2ccc([N+](=O)[O-])cc2)cc1,41.17,62.61
COc1ccccc1/C=C/C=C1\Oc2c(ccc([O-])c2C[NH+]2CCCCC2)C1=O,34.59,50.15
CN1/C(=C\c2ccc(N3CCOCC3)s2)C(=O)c2ccccc2S1(=O)=O,31.31,39.88
O=C(O)CCN1C(=O)/C(=C\C=C\c2ccc([N+](=O)[O-])cc2)SC1=S,78.96,79.73
O=C1N=C(N2CCN(c3cccc(C(F)(F)F)c3)CC2)S/C1=C\c1ccc(-c2ccc(F)cc2)o1,47.44,65.64
CC(=O)c1c2c(n3cc4ccccc4cc13)C(=O)c1ccccc1C2=O,37.03,48.98
O=C(Nc1ccc2nc(N3CCOCC3)sc2c1)c1ccc(S(=O)(=O)N2CCOCC2)cc1,40.24,45.54
O=C1C(=Cc2cccc3c2OCO3)CCC1=Cc1cccc2c1OCO2,21.84,34.71
Cc1ccc2c(ccc(/C=C/c3ccc(N(C)C)cc3)[n+]2C)c1,20.87,36.37
CCOc1ccc(Nc2cc(N3CCN(CC)CC3)c3noc4c3c2C(=O)c2ccccc2-4)cc1,33.09,48.97
CCN(CC)c1ccc2nc3ccc(N)cc3[n+](-c3ccccc3)c2c1.[Cl-],24.74,44.87
Cc1ccc(Sc2c(-c3ccccc3)[nH]c3c4c(c(Nc5cccc(C)c5)cc23)C(=O)c2ccccc2C4=O)cc1,44.89,64.49
Nc1c(SCCC(=O)O)ccc2c1C(=O)c1ccccc1C2=O,74.73,92.87
COc1cccc(/C=C/C2=[N+](CCO)c3ccccc3C2(C)C)c1[O-],16.21,18.85
CC(C)Nc1cc(N2CCN(C)CC2)c2noc3c2c1C(=O)c1ccccc1-3,26.69,43.09
Cc1ccc(N2C(=O)/C(=C3/C=CC=CN3C)SC2=S)cc1,32.28,46.0
[C]N1C(=O)C(=[C]c2ccc(N3[C][C][C][C][C][C]3)o2)C(=O)N([C])C1=S,55.17,53.52
O=C1/C(=C/C2=Cc3ccccc3OC2)Oc2cc(OC(=O)N(c3ccccc3)c3ccccc3)ccc21,40.49,58.53
CN(C)c1ccc(-c2cc(-c3ccccc3)[s+]c(-c3ccccc3)c2)cc1,41.97,62.48
COc1ccc(Nc2cc(N3CCCCC3)c3noc4c3c2C(=O)c2ccccc2-4)cc1,29.53,44.4
O=C1c2ccccc2-c2onc3c(N4CCN(CCOc5ccc(Cl)cc5)CC4)cc(NC4CCCCC4)c1c23,26.92,37.4
CN(C)c1ccc(C=C2C(=O)ON=C2c2ccccc2)cc1C#N,38.77,50.49
"CCN1C(=S)SC(=CC=CC2=CC=C(OC)C=C2)C1=O |w:7.7,9.9,c:16,t:10,12|",15.54,22.06
O=C1C(=Cc2ccc(-c3cccc([N+](=O)[O-])c3)o2)Sc2ccccc21,43.7,58.87
CCNc1cc(N2CCN(C)CC2)c(N)c2c1C(=O)c1ccccc1C2=O,48.32,72.73
C1(C2=C/3C=CC4=CC=CC=C24)=CC=CC=C1C3=C/C(/C=C5C(C=CC=C6)=C6C7=C\5C=CC8=CC=CC=C87)/C=C9C(C=CC%10=CC=CC=C%11%10)=C%11C%12=C/9C=CC=C%12,66.35,95.51
C(=C1\c2ccccc2-c2c1ccc1ccccc21)\C(/C=C1\c2ccccc2-c2c1ccc1ccccc21)/C=C1\c2ccccc2-c2c1ccc1ccccc21,66.35,95.51
Cc1ccc(N2CCN(C3=NC(=O)C(=Cc4ccc(-c5cc(Cl)ccc5Cl)o4)S3)CC2)cc1,36.9,49.32
NC(=O)Cn1nc(-c2ccc(N3CCCCC3)cc2)ccc1=O,58.86,80.76
CCN(CC)c1ccc(/C=N/c2ccc(/N=N/c3ccc(C#N)cc3)cc2)cc1,24.6,40.3
CCN1C(=O)C(=Cc2ccc(-c3cccc(F)c3)o2)C(=O)N(CC)C1=S,26.78,32.7
CC1(C)c2ssc(=S)c2-c2cc(C(=S)N3CCOCC3)ccc2N1Cc1ccccc1,10.35,8.57
CCc1ccc(C2=CC(=Cc3ccc(N(C)C)cc3)C(=O)O2)cc1,23.74,34.37
COc1ccc(Nc2cc(N3CCN(C4CCCCC4)CC3)c3noc4c3c2C(=O)c2ccccc2-4)cc1,28.13,42.08
O=C(CCN1C(=O)/C(=C\C=C\c2ccco2)SC1=S)N[C@@H](CO)Cc1ccccc1,31.93,38.87
CC1CCCC[NH+]1Cc1c([O-])ccc2c1O/C(=C\c1ccco1)C2=O,23.47,36.22
CN1CCN(c2cc(Nc3ccc(N(C)C)cc3)c3c4c(onc24)-c2ccccc2C3=O)CC1,34.2,54.8
COc1ccc(N2C(=O)C(=Cc3ccc(-c4cccc(C(=O)O)c4)o3)SC2=S)cc1,66.12,84.16
CC(C)(C)c1ccc2[nH]c3c(cc(NC4CCCCC4)c4c(=O)c5ccccc5c(=O)c43)oc2c1,29.18,45.79
CCC(/C=C1\Sc2cc(-c3ccccc3)ccc2N1CCCS(=O)(=O)[O-])=C\c1sc2ccc(-c3ccccc3)cc2[n+]1CCCS(=O)(=O)[O-],41.31,54.38
COc1ccc(N2C(=O)C(=Cc3ccc(-c4cccc([N+](=O)[O-])c4)o3)SC2=S)cc1,41.9,52.39
CN(c1ccccc1)c1ccc(/C=C2/SC(=S)N(c3cccc(Cl)c3)C2=O)cc1,30.12,43.12
CC(C=O)=Cc1ccc(C=C(C)C=C2SC(=S)N(c3ccccc3)C2=O)cc1,28.91,34.21
CC(=O)N(C)c1ccc(Nc2c(C)cc(C)cc2C)c2c1C(=O)c1ccccc1C2=O,33.93,45.27
N#C/C(=C\c1ccc(N2CCCCC2)o1)c1cccc(F)c1,21.95,32.71
CN(C)c1ccc(/C=C/c2nc3ccccc3c(=O)n2-c2ccc([N+](=O)[O-])cc2)cc1,34.81,52.01
CC1(C)CC(C=Cc2ccc([N+](=O)[O-])cc2)=Nc2ccccc2S1,18.9,24.27
O=C1c2ccccc2C(=O)c2c(NC3CCCCC3)c(Cl)c(Cl)c(Cl)c21,39.57,57.01
Cc1ccc(Nc2ccc(Nc3ccc(C)cc3S(=O)(=O)[O-])c3c2C(=O)c2ccccc2C3=O)c(S(=O)(=O)[O-])c1,52.31,66.88
CCCN(CCC)c1ccc(/C=C2\N=C(c3cccc(I)c3)OC2=O)cc1,27.24,35.36
CCOC(=O)CN1C(=O)SC(=CC=Cc2ccc(N(C)C)cc2)C1=O,22.61,30.31
CCCCCCCCSc1c(C(=O)Nc2ccc(OC)cc2)ccc2c1C(=O)c1ccccc1C2=O,35.31,49.53
CN1C(=O)C(=Cc2ccc(-c3ccc([N+](=O)[O-])cc3)o2)SC1=S,39.51,46.45
O=C1OC(c2cccc(I)c2)=NC1=CC=Cc1ccc([N+](=O)[O-])cc1,51.26,67.35
CCOC(=O)C1CCN(c2cc(Nc3ccc(N(C)C)cc3)c3c4c(onc24)-c2ccccc2C3=O)CC1,30.74,38.87
COc1ccc(-c2oc(/N=C/c3cc([N+](=O)[O-])ccc3O)c(C#N)c2-c2ccc(OC)cc2)cc1,57.15,79.32
COc1ccc(N2C(=O)/C(=C/c3ccc(-c4ccc([N+](=O)[O-])cc4C)o3)SC2=S)cc1,43.81,54.33
Cc1ccsc1/C=C1\Oc2c(ccc([O-])c2C[NH+]2CCCCC2)C1=O,25.36,33.39
O=C1/C(=C\c2ccc(-c3ccc([N+](=O)[O-])cc3)o2)SC(=S)N1CC1CCCO1,41.3,49.02
COc1ccc(NC(=O)/C=C/c2ccc(-c3cccc([N+](=O)[O-])c3)o2)cc1,35.62,50.44
CC1CCCCc2c(O)cccc2/C(=C(O)/C=C/C=C/C=C/C(=O)O)C(=O)O1,79.53,89.09
CCN(CC)c1ccc(/C=N/c2cccc([N+](=O)[O-])c2)cc1,14.4,22.01
CCCCCNC(=O)c1c(N)n(/N=C/c2ccc(N(C)C)cc2)c2nc3ccccc3nc12,24.53,41.99
O=[N+]([O-])c1ccc2nc(C=Cc3ccc(-c4ccc(Cl)cc4)o3)sc2c1,47.76,67.83
Cc1ccsc1/C=C1\Oc2c(ccc([O-])c2C[NH+]2CCCCC2C)C1=O,18.97,22.56
CCN1C(=O)C(=CC2=Cc3ccc(OC)cc3OC2)SC1=S,16.08,22.7
O=C1/C(=C\c2ccccc2)CCC/C1=C/c1ccc([N+](=O)[O-])cc1,35.47,49.83
COc1ccc(-c2ccc3c(N)c(C(=O)c4ccc([N+](=O)[O-])cc4)sc3n2)cc1OC,41.53,56.42
Nc1c(C(=O)N2c3ccccc3Sc3ccccc32)sc2nc(-c3cccs3)cc(C(F)(F)F)c12,49.09,72.49
Cc1ccccc1N1CCN(C2=NC(=O)C(=Cc3ccc(-c4cccc(C(F)(F)F)c4)o3)S2)CC1,36.99,49.96
O=C1C(=Cc2ccc(-c3ccccc3)o2)CN(Cc2ccccc2)CC1=Cc1ccc(-c2ccccc2)o1,35.1,53.21
CC1C/C(=C/c2ccc([N+](=O)[O-])cc2)C(=O)/C(=C/c2ccc([N+](=O)[O-])cc2)C1,39.41,50.99
CN(C)c1ccc(/C=C2\N=C(c3cccc(Cl)c3)OC2=O)cc1,34.91,48.43
O=C1c2ccccc2-c2onc3c(N4CCCCC4)cc(NC4CCCCC4)c1c23,17.91,30.9
C[N+]1=C2C=CC=CC=C2SC12C([N+](=O)[O-])=CC(=[N+]([O-])[O-])c1cccnc12,54.62,60.81
COc1ccc(CN2C(=O)/C(=C\c3ccc(-c4ccc(C#N)cc4)o3)SC2=S)cc1,36.86,49.51
CCN1C(=c2sc(=C3SC(=S)N(C4CCCCC4)C3=O)n(CC)c2=O)C=Cc2ccccc21,12.32,9.68
O=C1OC(c2cccc(F)c2)=NC1=CC=Cc1ccc([N+](=O)[O-])cc1,48.92,65.48
COc1ccc(Nc2cc(N3CCCCCC3)c3noc4c3c2C(=O)c2ccccc2-4)cc1,28.26,42.38
CCC1=C(C)/C(=C/c2[nH]c(C)c(CC)c2C)[NH+]=C1C,20.05,30.83
CN(C)/C=C/C=C/C=C1C(C2=CC=CC=C2)=C(C3=CC=CC=C3)C(C4=CC=CC=C4)=C1C5=CC=CC=C5,34.98,53.71
CN(C)/C=C/C=C/C=C1C(c2ccccc2)=C(c2ccccc2)C(c2ccccc2)=C1c1ccccc1,34.98,53.71
O=C1/C(=C/c2ccc(-c3ccc(Br)cc3)o2)C=C(c2ccccc2)N1c1ccccc1O,49.99,73.84
CCN(CC)c1ccc(N=Nc2c([N+](=O)[O-])c(C)[n+](C)n2C)cc1,35.69,50.81
O=C(O)c1cc([N+](=O)[O-])cnc1C=CC1=Cc2cc(Br)ccc2OC1,67.42,78.48
O=C1C(=CC2=C(N3CCOCC3)C(=Cc3ccccc3)CC2)N=C2CCCCCN12,21.7,33.62
O=C1N=C(N2CCN(c3cccc(C(F)(F)F)c3)CC2)S/C1=C/c1ccc(-c2ccc(Cl)cc2Cl)o1,50.71,68.47
Cc1ccc(Nc2cc(NCC(C)C)c(N)c3c2C(=O)c2ccccc2C3=O)cc1,35.88,53.91
O=C1C(=Cc2ccc(-c3cccc(Cl)c3)o2)SC(=S)N1CCS(=O)(=O)O,45.82,60.8
Cc1ccc(-c2ccc(C=C3SC(=S)N(C)C3=O)o2)cc1Cl,31.43,40.07
CCN1C(=O)/C(=C\c2ccc(-c3ccc(C(=O)OC)cc3)o2)N(CC)C1=S,22.15,25.8
O=C1C(=Cc2ccc(-c3ccc([N+](=O)[O-])cc3)o2)SC(=S)N1CCS(=O)(=O)O,66.62,79.1
Cc1ccc(-c2nn3c4cc(N5CCCCC5)ccc4nc3c3ccccc23)cc1,21.13,34.94
Cc1cc(N(C)C)ccc1/N=N/c1ccc(C#N)cc1,18.31,35.08
O=C(O)c1cccc(/N=C/c2ccc(-c3sccc3[N+](=O)[O-])s2)c1,72.75,90.37
O=C(O)c1cc(N2C(=O)C(=Cc3ccc(-c4ccc([N+](=O)[O-])cc4)o3)C=C2c2ccccc2)ccc1Cl,67.21,91.13
[C][C][C][C]N1C(=[C]/[C]=[C]/[C]=[C]/[C]=C(C#N)C#N)N([C][C][C][C])c2ccccc21,29.02,33.38
O=C1Nc2ccccc2C1=Cc1ccc(-c2ccc(S(=O)(=O)N3CCOCC3)cc2)o1,38.19,44.78
CC(=O)N(c1cccc(Br)c1)c1ccc(Nc2cccc(Br)c2)c2c1C(=O)c1ccccc1C2=O,51.01,70.08
COc1ccc2c(c1)N(C)/C(=C/C=C/c1sc3ccc(OC)cc3[n+]1C)S2,22.69,29.72
CC(C)(C)C1C/C(=C\c2ccc([N+](=O)[O-])o2)C(=O)/C(=C/c2ccc([N+](=O)[O-])o2)C1,45.1,59.25
CCN1C/C(=C\c2ccc3c(c2)CCCN3C)C(=O)/C(=C/c2ccc3c(c2)CCCN3C)C1,20.38,31.94
CCN(CC)c1ccc(/C=C/c2sc3cc(OC)c4ccsc4c3[n+]2CCCS(=O)(=O)[O-])cc1,20.07,25.04
O=C(O)CCCN1C(=O)/C(=C/C=C/c2ccco2)SC1=S,75.67,79.85
"[Cl-].C(=CN(C1=CC=CC=C1)C1=CC=CC=C1)C=[N+](C1=CC=CC=C1)C1=CC=CC=C1 |w:1.16,c:5,7,12,14,21,23,28,30,t:3,10,19,26|",22.68,39.48
CCC(/C=C1\Sc2ccc(-c3ccccc3)cc2N1CCCS(=O)(=O)O)=C\c1sc2ccc(C)cc2[n+]1CCCS(=O)(=O)[O-],28.47,37.1
Cc1ccc(N2CCN(C(=O)/C(C#N)=C/c3ccc(-c4ccc(F)cc4)o3)CC2)cc1,31.78,40.81
O=C1NC(=S)/C(=C\c2ccc(-c3ccc([N+](=O)[O-])cc3)o2)S1,56.96,64.32
CN1/C(=C/C=C/c2cc(C(C)(C)C)cc(C(C)(C)C)[n+]2C)Sc2ccccc21,32.8,47.31
CCN(CC)c1ccc(C=NN2C(=O)c3cccc4cc([N+](=O)[O-])cc(c34)C2=O)cc1,35.46,45.57
Cc1ccc(N/N=N/c2ccc3c(c2)C(=O)c2ccccc2C3=O)cc1,50.01,72.94
O=C(O)C(Cc1ccccc1)NC(=O)[C+2]1234[B-2]567[B-2]89%10[B-2]5%11%12[B-2]85%13[B-2]98%14[B-2]%1061[B-2]821[B-2]326[B-2]%1174[B-2]%1252[C+2]%13%1416C(=O)NC(Cc1ccccc1)C(=O)O,69.48,75.97
O=C1c2ccc(F)cc2C(=O)N1c1ccc(/N=N/c2ccccc2)cc1,48.35,73.9
CN(C)c1ccc(/C=N/N=C(\C(=O)c2ccccc2)c2ccccc2)cc1,18.06,23.46
O=C(C1=CC=CC=C1)/C(C2=CC=CC=C2)=N\N=C\C(C=C3)=CC=C3N(C)C,18.06,23.46
CNc1ccc([N+](=O)[O-])cc1-c1nc2cc3ccccc3cc2[nH]c1=O,36.78,50.75
CCN1CCN(c2cc(Nc3ccc(OC)cc3)c3c4c(onc24)-c2ccccc2C3=O)CC1,33.89,51.42
Cc1cc(-c2ccc(C=C3C(=O)c4ccccc4C3=O)o2)ccc1Cl,51.05,70.8
O=C1c2ccccc2C(=O)c2cc(-c3nc4ccccc4[nH]3)ccc21,47.73,69.02
CCOC(=O)C1CCCN(c2cc(Nc3ccc(C(=O)O)cc3)c3c4c(onc24)-c2ccccc2C3=O)C1,63.0,81.93
CCN1C(=O)/C(=C\c2ccc3c(c2)C(C)(c2ccc(Cl)cc2)CC(C)(C)N3C)SC1=S,16.17,18.34
O=[N+]([O-])c1ccc(/C=C(Cl)/C=C2\SC(=S)N=C2O)cc1,58.65,62.99
CCNc1cc(N2CCN(C3CCCCC3)CC2)c(N)c2c1C(=O)c1ccccc1C2=O,26.52,41.44
CCN(CC)c1ccc(C2=Nc3ncnn3C2=NCc2ccc(F)cc2)cc1,24.61,37.23
O=C(/C=C/c1ccc(-c2ccc(Cl)cc2)o1)c1ccc(N2CCOCC2)cc1,39.4,53.87
Cc1ccc(CN=C2C(c3ccc(N(C)C)cc3)=Nc3ncnn32)cc1,25.92,45.18
CC[N+](C)(CC)CCOc1ccc2c(c1)C(=O)c1cc(OCC[N+](C)(CC)CC)ccc1-2,20.73,27.78
CCOC(=O)c1ccc(-c2ccc(/C=C3\C=C(c4ccccc4)N(c4ccc(C)c(C)c4)C3=O)o2)cc1,44.84,60.3
Cc1ccc2cc3c(nc2c1)-c1ccccc1/C3=N/C1CCCCC1,33.05,52.46
CC1Oc2ccccc2C=C1C=C1Oc2c(ccc([O-])c2C[NH+](C)C)C1=O,25.63,36.77
CCCCC(CC)CN1C(=O)/C(=C/c2ccc(-c3ccc(Cl)cc3)o2)SC1=S,25.5,34.47
CC[NH+](CC)Cc1c([O-])ccc2c1O/C(=C\c1cccs1)C2=O,17.1,21.0
[C][C]OC(=O)C1=C(C(=O)O[C][C])SC(=C2C(=S)C([C])([C])N([C])c3ccccc32)S1,36.42,38.83
O=C1/C(C(C=CC=C2)=C2C=C1)=N\NC3=CC=C(N(CC)CC)C=C3,22.06,33.85
CCN(CC)c1ccc(N/N=C2\C(=O)C=Cc3ccccc32)cc1,22.06,33.85
CCCCCC[NH+]1[CH-]Nc2c(c3nc4ccccc4nc3n2/N=C/c2ccccc2)C1=O,32.29,43.63
Nc1ccc(/N=N/c2ccccc2)c2cccnc12,16.26,46.12
CN(C)c1ccc(C=Cc2ccc3ccccc3[n+]2C)cc1,16.45,31.7
O=C1c2ccccc2-c2cc(N3CCN(C4CCCCC4)CC3)nc3cccc1c23,23.55,40.65
C1=C(c2ccccc2)Oc2ccccc2C1=CC=C1C=C(c2ccccc2)Oc2ccccc21,38.73,61.06
CN(C)c1ccc(/C=C(\C#N)c2nc(-c3cccs3)c(NC(=O)c3ccc(Cl)cc3)s2)cc1,36.61,49.48
CC(C)(C)c1ccc(N2C(=O)/C(=C/c3ccc(-c4cc(Cl)ccc4Cl)o3)C=C2c2ccccc2)cc1,54.19,76.89
CN(C)c1ccc(/C=N/N=C2/NC(=O)/C(=C/c3ccc([N+](=O)[O-])cc3)S2)cc1,60.67,71.24
O=[N+]([O-])c1cccc(C=C2CCC(C(=S)Nc3ccccc3)=C2N2CCCCC2)c1,17.92,23.53
Cc1ccc(N2C(=O)/C(=C/c3ccc([N+](=O)[O-])cc3)C=C2c2ccccc2)c(C)c1,36.74,50.59
CCOc1ccc(Nc2cc(N3CCN(C)CC3)c3noc4c3c2C(=O)c2ccccc2-4)cc1,35.85,53.48
O=C(O)c1ccc(-c2c3cc4c5c(c3[o+]c3c6c7c(cc23)CCCN7CCC6)CCCN5CCC4)c(C(=O)[O-])c1,49.1,67.69
O=C1c2ccccc2-c2onc3c(N4CCCCCC4)cc(NC4CCCCC4)c1c23,17.23,29.65
CC(=O)Nc1ccc(S(=O)([O-])=NC2=C([n+]3ccc(-c4ccc(N(C)C)cc4)cc3)C(=O)c3ccccc3C2=O)cc1,48.24,62.29
O=[N+]([O-])c1ccccc1-c1ccc(/C=N/c2ccc(N3CCOCC3)cc2)o1,30.04,41.15
O=C1C(=CC=Cc2ccco2)SC(=S)N1CCC1CCCCC1,8.14,12.95
Cc1ccc(Nc2cc(N(C)C(C)C(O)c3ccccc3)c3noc4c3c2C(=O)c2ccccc2-4)cc1,31.88,48.53
CCOc1ccc2c(c1)-c1c(s[s+]c1SC)C(C)(C)N2C(=O)C(C)C,15.7,18.96
O=C1OC(c2ccccc2F)=NC1=CC=Cc1ccc([N+](=O)[O-])cc1,48.33,64.53
Cc1ccc(Sc2ccc(Nc3cc(S(=O)(=O)O)c(N)c4c3C(=O)c3ccccc3C4=O)cc2)c(C)c1,52.9,73.97
O=[N+]([O-])c1ccc(-c2c3nc(c(-c4ccc([N+](=O)[O-])cc4)c4ccc([nH]4)c(-c4ccc([N+](=O)[O-])cc4)c4nc(c(-c5ccc([N+](=O)[O-])cc5)c5ccc2[nH]5)C=C4)C=C3)cc1,65.99,89.03
Cc1ccc(S(=O)(=O)Nc2cccc3ccc(C=Cc4cccc([N+](=O)[O-])c4)nc23)cc1,29.71,43.05
CCOC(=O)C1=C(Nc2ccc(CC)cc2)SC(=Cc2ccc(Sc3ccccc3)o2)C1=O,29.28,37.07
O=C1[N]c2ccc(S(=O)(=O)N3[C][C][C][C]3)cc2C1=C1[C][C][C][C]1,57.66,61.84
CCN1C(=Cc2sc3ccccc3[n+]2CCCS(=O)(=O)[O-])C=Cc2cc(C)ccc21,17.72,21.99
O=[N+]([O-])c1ccc(/C=N/c2cccc3c(/N=C/c4ccc([N+](=O)[O-])s4)cccc23)s1,36.98,51.54
Cc1cc(/C=C2\C(=O)N(C)c3ccc(S(=O)(=O)N4CCOCC4)cc32)c(C)n1-c1ccc([N+](=O)[O-])cc1,40.24,40.22
Nc1c(N2CCOCC2)cc(NCCO)c2c1C(=O)c1ccccc1C2=O,63.73,75.75
N#C/C(=C\c1ccc(N2CCCCCC2)o1)c1cccc(F)c1,21.69,32.54
CCCCc1ccc(C(=O)Nc2ccc(N3CCOCC3)c3c2C(=O)c2ccccc2C3=O)cc1,34.36,45.02
CCCCCCCCNc1ccc(NC(=O)c2ccc(-c3ccc(CCCCC)cc3)cc2)c2c1C(=O)c1ccccc1C2=O,40.83,58.36
Cc1ccc(C)c(N2C(=O)C(=Cc3ccc(-c4ccc(Br)cc4)o3)C=C2c2ccccc2)c1,47.42,66.91
O/N=C1/c2ccccc2-c2nc3ccccc3nc21,42.48,66.85
CCN(CC)c1ccc(NC(=O)c2ccc3c(c2)C(=O)N(C)C3=O)cc1,43.51,59.4
CCN1C(=CC=Cc2sc3ccccc3[n+]2CC)Sc2ccccc21,14.11,20.42
O=C(C=Cc1ccc(-c2ccc(Cl)cc2)o1)c1ccc(-c2ccc([N+](=O)[O-])cc2)o1,51.9,70.06
O=C1c2ccccc2C(=O)c2c3c(cc([O-])c21)Sc1ccccc1[NH2+]3,49.44,69.5
COc1ccc2cc(C(=O)c3ccc(N(C)C)cc3)ccc2c1,17.3,23.48
CN(C)c1ccc(-n2cccc2C=C2C(=O)c3ccccc3C2=O)cc1,32.37,48.71
"COC1=CC=C(C=CC=C2C(=O)C3=CC=CC=C3C2=O)C=C1 |w:6.5,c:14,16,22,t:2,4,12|",36.58,52.0
IC1=CC=C(I)C2=C(I)C=CC=C1C2,54.93,78.77
"[O-][N+](=O)C1=CC=C(\C=C\C2=NC3=C(C=CC=C3C3=C2CCS3)C(F)(F)F)C=C1 |c:13,15,18,29,t:3,5,9,11|",45.2,63.6
O=[N+]([O-])c1ccc(/C=C/c2nc3c(C(F)(F)F)cccc3c3c2CCS3)cc1,48.41,68.22
CCOc1ccc(/N=C/c2ccc([N+](=O)[O-])s2)cc1,18.07,24.64
N#CC(=Cc1ccc(N2CCCCC2)o1)c1cccc([N+](=O)[O-])c1,19.89,26.5
COc1cc([N+](=O)[O-])ccc1-c1ccc(/C=C/c2cc(C(F)(F)F)nc(=O)[nH]2)o1,56.81,70.08
CCN1C(=O)/C(=C/C=C2/Sc3ccc(-c4ccccc4)cc3N2CCCS(=O)(=O)O)SC1=S,22.81,29.35
O=C1C(=Cc2ccc([N+](=O)[O-])cc2)C=C(c2ccccc2)N1c1cccc2ccccc12,38.8,56.0
Cc1cc2c(c(O)c1-c1c(C)cc3c(c1O)/C(=C/Nc1ccc(/N=N/c4ccccc4)cc1)C(=O)C(O)=C3C(C)C)/C(=C/Nc1ccc(/N=N/c3ccccc3)cc1)C(=O)C(O)=C2C(C)C,63.32,90.43
[C][C]1[C]N(OS(=O)c2ccc3c(c2)C(=C2[C][C][C][C]2)C(=O)[N]3)[C][C]N1c1cccc([C])c1,54.78,68.28
CCN(CC)c1ccc2c(-c3ccccc3C(=O)O)c3ccc(=[N+](CC)CC)cc-3oc2c1,43.26,60.84
Cc1ccc(N(C(=O)c2cccc([N+](=O)[O-])c2)c2ccc3ccccc3c2)cc1,30.13,44.62
Cc1ccc(-c2csc(/C=C/c3ccc(-c4ccc(S(=O)(=O)N5CCOCC5)cc4)o3)n2)cc1,31.34,41.58
O=C1/C(=C/c2ccc(-c3cc(Cl)ccc3Cl)o2)C=C(c2ccccc2)N1c1cccc(O)c1,54.34,80.23
O=C1OC(c2cccc(Cl)c2)=NC1=CC=Cc1cccc([N+](=O)[O-])c1,46.98,63.24
CCN(CC)c1ccc(/C=N/n2c(-c3ccc([N+](=O)[O-])cc3)cs/c2=N\c2c(C)n(C)n(-c3ccccc3)c2=O)cc1,25.41,31.53
Cn1ncc2c1CCC(=Cc1ccc(-c3ccccc3[N+](=O)[O-])o1)C2=O,41.2,49.53
COc1ccc(Nc2cc(N3CCN(CCO)CC3)c(N)c3c2C(=O)c2ccccc2C3=O)cc1,50.8,70.78
COC(=O)c1ccc2c(c1)[N+](C)=C(/C=C/c1ccc(OC)cc1OC)C2(C)C,22.4,24.33
CCOc1ccccc1N1C(=O)/C(=C\C=C\c2ccco2)SC1=S,18.23,23.13
CCN1C(=O)C(=Cc2ccc(-c3cccc(F)c3)o2)SC1=S,23.3,31.64
CCn1cc(/C=C2/Oc3c(ccc([O-])c3C[NH+]3CCCCC3)C2=O)c2cc(OC)ccc21,29.44,44.75
CC1=C(C#N)c2nc(N)c(C#N)c(C)c2/C1=C\c1ccc(Sc2ccc(Cl)cc2)o1,57.54,83.97
O=C(c1ccc2c(c1)C(=O)N(c1ccc(/N=N/c3ccccc3)cc1)C2=O)c1ccc2c(c1)C(=O)N(c1ccc(/N=N/c3ccccc3)cc1)C2=O,59.07,81.9
Cc1ccc(Nc2cc(N(C)C)c3noc4c3c2C(=O)c2ccccc2-4)cc1,30.66,47.48
CN1c2c(ccc3ccccc23)C(C)(C)C12C=Cc1cc([N+](=O)[O-])ccc1O2,19.74,26.11
[C][C]OC(=O)c1c([N]C([C])=C2C(=O)N([C][C])C(=S)N([C][C])C2=O)sc2c1[C][C][C][C]2,42.33,42.06
CN1CCCc2cc(/C=C3\C(=O)c4ccccc4S(=O)(=O)N3C)ccc21,15.23,22.84
CN(C)c1ccc(Nc2cc(N3CCN(C4CCCCC4)CC3)c3noc4c3c2C(=O)c2ccccc2-4)cc1,24.38,36.91
O=C(Nc1ccc(N2CCCC2)cc1)c1ccc([N+](=O)[O-])o1,36.05,48.34
O=C(C=Cc1ccc(-c2ccc(Cl)cc2)o1)c1ccc(N2CCOCC2)cc1,37.42,50.71
CCn1c(=O)/c(=C\C=C2\N(C)c3ccc(-c4ccccc4)cc3C2(C)C)s/c1=C1\C(=O)N(c2ccccc2)N=C1C,26.82,33.41
CN1CCSc2ccc([OH+]S([O-])=Nc3cccc(Cl)c3)cc21,21.79,36.05
CCN(CC)c1ccc(C=C2CCC(C=C(C#N)C(=O)Nc3cccc(C(F)(F)F)c3)=C2N2CCOCC2)cc1,31.21,38.05
CC(C)CNc1cc(N(C)CCO)c(N)c2c1C(=O)c1ccccc1C2=O,35.69,47.3
NC(=C\c1sc2ccccc2[n+]1CCCS(=O)(=O)[O-])/C=C1\Sc2ccccc2N1CCCS(=O)(=O)O,26.91,37.55
COc1ccccc1N1C(=O)/C(=C/c2ccc(-c3ccc(Br)cc3)o2)C=C1c1ccccc1,48.7,68.64
CCCN(CCC)c1ccc(/C=C2\N=C(c3ccc(F)cc3)OC2=O)cc1,25.19,35.04
O=C1N=C(N2CCN(c3ccc([N+](=O)[O-])cc3)CC2)S/C1=C\c1ccc(-c2ccc(Cl)c(Cl)c2)o1,49.4,62.34
CCN(CC)c1ccc(C=Cc2onc(C)c2[N+](=O)[O-])c(OCc2ccccc2)c1,15.78,16.77
CCCN1C(=O)/C(=C/C=C2/Sc3c(ccc4ccccc34)N2CC)SC1=S,14.46,16.7
O=[N+]([O-])c1ccc(-c2ccc(C=NN3CCN(c4ccccn4)CC3)o2)cc1,30.97,41.16
CCN(CC)c1ccc(NC2=C(Cl)C(=O)c3ccccc3C2=O)cc1,26.13,34.75
O=C1/C(=C\c2cccc([N+](=O)[O-])c2)CCC/C1=C\c1cccc([N+](=O)[O-])c1,39.41,51.2
CC(C)Cc1ccc(-c2csc(/C(C#N)=C/c3ccc(N(C)C)cc3)n2)cc1,26.07,34.88
O=C1c2ccccc2C(=O)N1c1ccc(/N=N/c2ccccc2)cc1,40.63,64.4
COC1CC(=O)/C2=C/CCCC(C)OC(=O)C3=C(/C=C/C=C/C=C/C(=O)O)OC1C32,75.29,83.67
N#C/C(=C/c1ccc(Sc2ccccc2)o1)c1cccc([N+](=O)[O-])c1,30.03,41.39
C=CCN1C(=O)C(=Cc2ccc(-c3ccc([N+](=O)[O-])cc3Cl)o2)SC1=S,40.45,50.14
CN(C)c1ccc(/C=C2\C=C(c3ccc(F)cc3)OC2=O)cc1Br,42.29,58.27
CC(C)Nc1cc(Br)c2noc3c2c1C(=O)c1ccccc1-3,37.24,51.1
N#CC(C#N)=CC1=C(N2CCCC2)CCCC1,15.26,30.55
O=C1/C(=C/C=C/c2ccccc2)CCC/C1=C\C=C\c1ccccc1,28.02,45.66
O=C1/C(CCC/C1=C\C=C\C2=CC=CC=C2)=C/C=C/C3=CC=CC=C3,28.02,45.66
[C]C1([C])[C]C(N2[C][C][C]([C]c3ccccc3)[C][C]2)=[C]C(=[N+]2[C][C][C][C][C]2)[C]1,44.88,60.22
C=CCN1C(=O)/C(=c2/s/c(=C(\C=C3\Sc4cc(OC)ccc4N3CC)c3ccccc3)c(=O)n2CC)SC1=S,24.3,26.4
CN(C)c1ccc(/C=C/C=C2/S/C(=N/c3ccccc3)N(Cc3ccc(C(=O)O)cc3)C2=O)cc1,53.9,73.2
CCN1C(=O)C(=Cc2ccc(-c3ccc([N+](=O)[O-])cc3)o2)SC1=S,34.18,41.45
O=C(ON1C(=O)CCC1=O)c1ccc(-c2c3cc4c5c(c3[o+]c3c6c7c(cc23)CCCN7CCC6)CCCN5CCC4)c(C(=O)[O-])c1,39.49,49.67
[C]c1cc([C]=C2C(=O)N([C])C(=S)N([C])C2=O)c([C])n1-c1ccc(N2[C][C]O[C][C]2)cc1,56.98,59.97
COc1ccccc1N1C(=O)/C(=C\c2ccc(-c3ccc([N+](=O)[O-])cc3)o2)NC1=S,43.59,52.85
CN1C=CC(=CC=C(C#N)c2nc3ccccc3s2)c2ccccc21,20.08,26.4
[C][C]1[C][C][C]([N]S(=O)(=O)c2ccc3c(c2)C(=C2[C][C][C][C]2)C(=O)[N]3)[C][C]1,57.27,67.66
CCN(CC)c1ccc(/C=C2/SC(=S)N(C3CCCCC3)C2=O)c(OCc2ccc(Cl)cc2Cl)c1,20.08,25.78
CCOc1ccc(Nc2cc(N3CCN(c4cccc(C(F)(F)F)c4)CC3)c3noc4c3c2C(=O)c2ccccc2-4)cc1,45.71,64.53
"CC(C)N(C1=CC=CC=C1)C1=CC=C(NC(=S)NC(=O)C2=CC=C(Cl)C=C2)C=C1 |c:6,8,26,29,t:4,11,13,21,23|",23.64,35.26
O=[N+]([O-])c1cc(Br)c2c(c1)=[N+]([O-])C1(CCCCC1)[N+]=2[O-],30.42,35.47
CN(C)c1ccc(C=C2C=CC=C2)cc1,15.97,40.0
COc1cc([N+](=O)[O-])ccc1/N=C/c1ccc(N(C)C)cc1,16.68,25.98
CCCCCCOc1ccc2c(c1)C(=O)c1cc(OCCCCCC)ccc1-2,37.92,55.31
O=C1C(=Cc2ccc(-c3cccc(Cl)c3)o2)C(=O)c2ccccc21,52.09,73.73
O=C1c2ccc([N+](=O)[O-])cc2C(=O)N1c1ccc(-c2cc(-c3ccc(N4C(=O)c5ccc([N+](=O)[O-])cc5C4=O)cc3)nc(-c3ccccc3)n2)cc1,65.76,87.53
CCCN1CCN(c2cc(NCCCOCC)c3c4c(onc24)-c2ccccc2C3=O)CC1,15.03,20.51
[C]O[C][C][N]OS(=O)c1ccc2c(c1)C(=C1[C][C][C][C]1)C(=O)N2[C],49.67,52.53
CCN(CC)C(=O)C=Cc1ccc(-c2cccc([N+](=O)[O-])c2)o1,20.9,28.12
CCN(CC)c1cc(NC(C)C)c2c3c(onc13)-c1ccccc1C2=O,15.73,20.56
CCc1ccc(N2C(=O)/C(=C/c3ccc(-c4cccc(C(=O)O)c4)o3)SC2=S)cc1,64.53,84.99
CC[n+]1c(/C=C2/C=C(/C=C/N(C)c3ccccc3)CC(C)(C)C2)sc2ccccc21,15.3,21.14
CCN1c2ccc(/C=C3\SC(=S)NC3=O)cc2C(C)=CC1(C)C,20.06,24.76
CN1C(=O)N=C(O)/C(=C(O)\C=C\c2ccc(N(C)C)cc2)C1=O,81.56,79.51
CN1c2ccccc2C(C)(C)C12C=Cc1c(ccc3cc([N+](=O)[O-])ccc13)O2,20.26,26.87
CCN(CC)c1ccc(/C=C2\N=C(c3cc(Cl)ccc3OC)OC2=O)cc1,30.96,39.78
CCN1C(c2ccccc2)=C(c2ccccc2)S/C1=C/C=C1\SC(=S)N(C)C1=O,18.17,21.55
CN(/C=C/C1=[N+](C)c2ccc(Cl)cc2C1(C)C)c1ccccc1,15.68,22.7
CC1CCN(c2cc(Nc3ccc(N(C)C)cc3)c3c4c(onc24)-c2ccccc2C3=O)CC1,23.19,33.59
CN1/C(=C/C=C2/SC(=S)N(Cc3ccccc3)C2=O)C(C)(C)c2ccccc21,10.92,9.39
CCOC(=O)C1CCN(c2cc(Nc3ccc(OCC)cc3)c3c4c(onc24)-c2ccccc2C3=O)CC1,36.49,47.26
CC[n+]1c(C=C2C=C(C=CNc3ccccc3)CC(C)(C)C2)sc2ccccc21,16.05,23.51
Cc1ccc(COC2=C(/C=C3\C(=O)ON=C3c3ccccc3)CCC=C2)cc1,26.72,37.59
CCN(CC)c1ccc2c(-c3ccccc3C(=O)[O-])c3ccc(=[N+](CC)CC)cc-3oc2c1,29.11,40.87
COC(=O)c1ccccc1-c1ccc(C=CC(=O)c2ccc(N3CCOCC3)c(F)c2)o1,33.88,40.32
c1ccc2c(c1)c1ccccc1c1nc3nonc3nc21,14.83,35.59
Cc1ccc(C)c(NC(=O)c2c(N)n(/N=C/c3ccc(N(C)C)cc3)c3nc4ccccc4nc23)c1,33.96,56.57
c1ccc2c(c1)/C(=N/Nc1cccc3ccccc13)c1nc3ccccc3nc1-2,33.21,56.52
CC1=C(C#N)c2nc(N)c(C#N)c(C)c2C1=Cc1ccc(N2CCCC2)c(F)c1,45.69,67.55
O=[N+]([O-])c1ccc(-c2ccc(/C=C/c3ccc4ccccc4n3)o2)cc1,43.01,65.46
CN(C)C(C=CNc1cc(Cl)cc(Cl)c1)=C(C#N)C#N,21.09,26.08
CNc1cccc2c1C(=O)c1ccccc1C2=O,34.39,53.06
O=C(C1=C2C=CC=C1)C(C(NC)=CC=C3)=C3C2=O,34.39,53.06
CCCCC(C(=O)O)N1C(=O)/C(=C\C=C\c2ccco2)SC1=S,65.48,74.69
CC1Oc2ccccc2C=C1C=C1SC(=S)N(c2cccc(O)c2)C1=O,31.33,42.84
COc1ccc(-c2oc(N=Cc3cc([N+](=O)[O-])ccc3O)c(C#N)c2-c2ccc(OC)cc2)cc1,56.41,77.97
CCSC1=NC(=Cc2ccc(-c3ccc([N+](=O)[O-])cc3)o2)C(=O)S1,40.52,50.89
COc1ccc(-c2ccc(C=C3Sc4ccccc4C3=O)o2)c([N+](=O)[O-])c1,44.47,57.63
[C][C]N1[C][C]N(S(=O)(=O)c2ccc3c(c2)C(=C2[C][C][C][C]2)C(=O)[N]3)[C][C]1,58.88,58.92
CN(C)c1ccc(/C=C(\C#N)c2nc(-c3ccc(Oc4ccccc4)cc3)cs2)cc1,39.92,56.89
COc1cc([N+](=O)[O-])ccc1-c1ccc(C=Nc2sc3c(c2C#N)CCCC3)o1,34.1,45.49
CC1CCC[NH+](Cc2c([O-])ccc3c2O/C(=C\c2cc4ccccc4o2)C3=O)C1,28.91,42.44
CCN1C(=CC=Cc2sc3ccccc3[n+]2CC)Sc2ccccc21.[I-],18.71,26.55
CC(C)Nc1cc(N2CCN(CCOc3ccc(Cl)cc3)CC2)c2noc3c2c1C(=O)c1ccccc1-3,26.71,35.05
O=C1NC(=S)N/C1=C/c1ccc(-c2c(Br)cc([N+](=O)[O-])cc2Br)o1,52.14,55.86
CCOC(=O)C1CCCN(c2cc(Nc3ccc(C)cc3)c3c4c(onc24)-c2ccccc2C3=O)C1,34.96,46.4
CC1CC(C)CN(c2cc(Nc3ccc(N(C)C)cc3)c3c4c(onc24)-c2ccccc2C3=O)C1,21.76,30.76
CC1CCCC[NH+]1Cc1c([O-])ccc2c1O/C(=C\c1cc3cc(Br)ccc3o1)C2=O,39.49,52.06
CC(C)CN1C(=O)C(=Cc2ccc(-c3cccc(F)c3)o2)SC1=S,18.12,21.73
Cc1ccc(C(=O)C=Cc2ccc(-c3ccc([N+](=O)[O-])cc3)o2)o1,32.84,42.87
Oc1c2c3c(noc3c3ccccc13)C(N1CCCC1)=C/C2=N\c1ccccc1,24.34,44.66
[O-][n+]1c2ccccc2nc2cc(N3CCOCC3)cc(Br)c21,28.79,41.41
O=C1C(=CC=Cc2ccccc2)SC(=S)N1Cc1cccnc1,15.64,22.32
CC1=C(C#N)C(=O)N(CC(C)C)C(=O)C1=Cc1ccc(-c2ccc(Cl)cc2)o1,34.26,43.99
O=C1/C(=C/C=C/c2ccco2)SC(=S)N1Cc1ccco1,12.54,17.86
Cc1ccc2c(c1)-c1c(s[s+]c1SC(=O)C(C)C)C(C)(C)N2,13.6,15.24
CCOC(=O)/C(C#N)=C1\C=C(/C=C2\Sc3c(ccc4c3CCCC4)N2CC)CC(C)(C)C1,20.26,25.56
CC1CCCC[NH+]1Cc1c([O-])ccc2c1O/C(=C\c1c[nH]c3ccccc13)C2=O,27.35,40.04
[C]N([C]c1ccccc1)C1=[C]C(=[N+]2[C][C][C][C]2)[C]C([C])([C])[C]1,37.34,50.28
Cc1ccc(/C=C2\Oc3c(ccc([O-])c3C[NH+]3CCCCCC3)C2=O)o1,28.61,42.91
COc1ccc2[nH]c(O)c(C=c3ccc4c(c3)N=NC=4/C=C/c3ccc(N4CCN(C)CC4)nc3)c2c1.Cl.Cl,54.5,73.65
O=C1/C(=C/c2cc3ccccc3o2)Oc2c1ccc([O-])c2C[NH+]1CCCCC1,32.18,48.51
CC1CC(C)(C)N(C)c2ccc(/C=C3/SC(=S)NC3=O)cc21,18.55,27.02
O=[N+]([O-])c1c(NC2CCCCC2)cc(Cl)c2nonc12,46.02,63.28
Cc1cc([N+](=O)[O-])ccc1-c1ccc(C=C2SC(=S)N(C)C2=O)o1,34.65,39.38
Cc1cccc(Nc2ccc(NC(=O)c3ccccc3)c3c2C(=O)c2ccccc2C3=O)c1,46.99,69.41
O=[N+]([O-])c1ccc(C=C2CCC(C=NNc3ccc4ccccc4n3)=C2N2CCOCC2)cc1,39.34,49.83
CCN1C(=O)/C(=C\C=C2/Sc3c(ccc4occc34)N2CC)SC1=S,14.36,16.67
O=[N+]([O-])c1ccc(-c2ccc(/C=N/N(c3ccccc3)c3ccccc3)o2)c(Cl)c1,39.96,58.73
CCN1C(=O)C(=Cc2ccc(-c3ccc(F)c(Cl)c3)o2)C(=O)N(CC)C1=S,34.13,42.88
COc1ccc(NC(=O)C(C#N)=Cc2ccc(-c3ccc([N+](=O)[O-])cc3Br)o2)cc1,35.81,44.55
O=C1/C(=C/c2ccc(-c3cccc([N+](=O)[O-])c3)s2)CCc2[nH]c(=O)ccc21,56.37,67.55
[C]N([C]c1ccccc1)C1=[C]C(=[N+]2[C][C][C][C][C]2)[C]C([C])([C])[C]1,38.65,51.81
CC(C)(C)C(=O)N1CCN(c2ccc(NC(=S)NC(=O)/C=C/c3ccc(-c4cccc([N+](=O)[O-])c4)o3)cc2)CC1,43.95,56.45
CCCCC1=C(C)c2nc1cc1[nH]c(c(C)c1CCCC)c(-c1ccccc1OC)c1nc(cc3[nH]c(c(C)c3CCCC)c2-c2ccccc2OC)C(CCCC)=C1C,55.32,75.97
Cc1ccc(-c2ccc(/C=C/C(=O)N3CCN(c4ccc([N+](=O)[O-])cc4Cl)CC3)o2)cc1Cl,38.61,49.7
CN(C)CCCNc1cc(N(C)CCO)c(N)c2c1C(=O)c1ccccc1C2=O,54.79,79.28
CN1C/C(=C\c2ccc([N+](=O)[O-])cc2)C(=O)/C(=C/c2ccc([N+](=O)[O-])cc2)C1,48.53,51.87
CCN1C(=O)C(=Cc2cccc3c2-c2ccccc2C3=O)SC1=S,29.53,38.42
CCOc1ccc(N2C(=O)C(=Cc3ccc(-c4cccc(C(F)(F)F)c4)o3)SC2=S)cc1,50.2,68.03
CCN1C(=O)/C(=C\C=C2/Sc3c(ccc4ccccc34)N2CCO)SC1=S,17.21,18.7
[C][C]Oc1ccc([C]=[C]C2=[C]C(=C(C#N)C#N)[C]C([C])([C])[C]2)cc1,32.97,40.43
CCNc1cc(NCCO)c2noc3c2c1C(=O)c1ccccc1-3,33.19,49.76
CCOC(=C\c1sc2ccccc2[n+]1CCCS(=O)(=O)[O-])/C=C1\Sc2ccccc2N1CCCS(=O)(=O)O,19.94,26.15
O=C1C(=Cc2ccc(-c3ccc(Cl)c(Cl)c3)o2)C(=O)c2ccccc21,55.18,77.28
CCN1CCN(c2cc(NC(C)C)c3c4c(onc24)-c2ccccc2C3=O)CC1,22.33,35.79
ClC1=C/C(=N/c2ccccc2)C=C/C1=N\c1ccccc1,21.1,41.59
CC1=C(C#N)c2nc(N)c(C#N)c(C)c2/C1=C\c1ccc(Sc2nc3ccccc3[nH]2)o1,49.4,73.37
Cc1ccc(-c2ccc(/C=C3\SC(N4CCN(c5ccc([N+](=O)[O-])cc5)CC4)=NC3=O)o2)cc1,38.26,47.5
CCCCC(=O)N1c2ccc([N+](=O)[O-])cc2-c2c(ssc2=S)C1(C)C,16.39,20.99
CN(C)c1ccc(/C=C/C(=O)/C=C(/C=C/c2ccc(N(C)C)cc2)OB(F)F)cc1,21.32,25.59
[C]n1cc(/[C]=C2/C(=O)OC(=O)C2=C2[C]3[C][C]4[C][C]([C]3)[C][C]2[C]4)c2ccccc21,54.5,71.37
CC1(C)c2ccccc2N(c2ccccc2)C12C=Cc1cc([N+](=O)[O-])cc(Cl)c1O2,26.95,36.43
[C]SC1=C(c2ccccc2)C(=[N+]([C])[C])c2ccccc21,42.27,56.74
COCCNc1cc(N2CCOCC2)c(N)c2c1C(=O)c1ccccc1C2=O,38.12,48.36
CCN(CC)c1ccc(C=NN2C(=O)c3ccc4c5c(ccc(c35)C2=O)CC4)cc1,27.68,39.96
"CN(C)\C=C\C1=CC2=C(C=C1)C(=O)C1=CC=CC=C1C2=O |c:7,9,16,18,t:5,14|",32.52,47.05
Cc1ccccc1N1C(=O)C(=CC=Cc2ccco2)SC1=S,14.95,19.7
O=[N+]([O-])c1ccc(/N=N/c2ccc(O)c3ccccc23)cc1,46.32,67.47
O=C1OC(c2ccccc2)=NC1=Cc1ccc(SC(=S)N2CCOCC2)o1,29.1,38.57
O=C1N=C(N2CCN(c3ccc([N+](=O)[O-])cc3)CC2)S/C1=C\c1ccc(-c2ccc(F)cc2)o1,46.47,59.04
CCCCCC1CCC(c2ccc(C(=O)Nc3ccc(Nc4ccccc4)c4c3C(=O)c3ccccc3C4=O)cc2)CC1,35.4,52.02
O=C1/C(=C/c2cc([N+](=O)[O-])ccc2OC(F)F)CCC/C1=C\c1cc([N+](=O)[O-])ccc1OC(F)F,45.59,57.73
O=C1/C(=C/c2cc3cc(Br)ccc3o2)Oc2c1ccc([O-])c2C[NH+]1CCCCC1,44.28,60.26
Cc1cccc(N2C(=O)C(=CC=Cc3ccco3)SC2=S)c1C,16.1,19.7
Nc1c(N2CCOCC2)cc(NCc2ccccc2)c2c1C(=O)c1ccccc1C2=O,30.66,42.51
CCN1C(=O)C(=CC=C2N(C)c3cc4nc(-c5ccccc5)c(-c5ccccc5)nc4cc3N2CC)SC1=S,22.64,29.4
COc1ccc(-c2csc(/C=C/c3cccc([N+](=O)[O-])c3)n2)cc1OC,36.5,48.77
Cc1ccc(N2CCN(C3=NC(=O)/C(=C\c4ccc(-c5ccc(Cl)cc5Cl)o4)S3)CC2)cc1,37.87,50.72
CN1C(=O)/C(=C/C=C2\N(C)c3ccc(-c4ccccc4)cc3C2(C)C)SC1=S,18.32,21.44
CCN(CC)c1ccc(O)c(C=NN2C(=O)C(=Cc3ccco3)N=C2c2ccccc2)c1,31.59,41.26
CNc1cc2c(cc1S(=O)(=O)[O-])C(=O)c1ccccc1C2=O,66.71,79.88
CC(C)Nc1cc(N2CCN(C3CCCCC3)CC2)c2noc3c2c1C(=O)c1ccccc1-3,16.96,25.35
N#Cc1c(/N=C/c2ccc([N+](=O)[O-])s2)sc2c1CCCC2,20.18,29.32
COC(=O)c1ccc(Nc2cc(N3CCCCC3C)c3noc4c3c2C(=O)c2ccccc2-4)cc1,34.27,44.45
CCOc1ccc(Nc2cc(N3CCOCC3)c3noc4c3c2C(=O)c2ccccc2-4)cc1,29.85,41.45
CN(c1ccccc1)c1ccc(/C=C2/SC(=S)NC2=O)cc1,24.35,34.57
CN(CCO)c1cc2c3c(cccc3n1)C(=O)c1ccccc1-2,31.52,47.79
N#CC(=[C]C1=C(c2ccccc2)C(=[C][C-](C#N)C#N)[C][C]1)C#N,27.33,33.59
COC1=CC(c2cc3ccccc3[nH]2)=NC1=Cc1[nH]c(C)cc1C.CS(=O)(=O)O,62.69,71.92
O=[N+]([O-])c1ccc(/C=N/c2ccc(N3CCOCC3)cc2)cc1,34.48,48.65
CC1(C)Cc2c(c(N3CCCC3)nc3sc(-c4ccc([N+](=O)[O-])cc4)c(N)c23)CO1,25.72,33.6
COc1ccc(S(=O)(=O)/N=C2\C=CC=C\C2=C/C=C2C=CN(O)C=C2)cc1,51.06,65.6
Nc1c(N=Nc2ccc([N+](=O)[O-])cc2)c(S(=O)(=O)[O-])cc2cc(S(=O)(=O)[O-])c(N=Nc3ccccc3)c(O)c12.[Na+].[Na+],67.67,82.49
[C]c1cc([C]=C2C(=O)[N]C(=S)[N]C2=O)c([C])n1-c1ccc(N2[C][C]O[C][C]2)cc1,61.76,63.77
O=C1/C(=C/c2ccc([N+](=O)[O-])cc2)C=C(c2ccccc2)N1c1ccc(Cl)cc1,46.58,65.36
O=C1C(=CC=Cc2ccc3c(c2)OCO3)SC(=S)N1Cc1ccccc1,15.25,19.84
O=C1[N]c2ccc([O+]S([O-])=N[C][C]3[C][C][C]O3)cc2C1=C1[C][C][C][C]1,56.38,64.25
O=C1[N]c2ccc(S(=O)(=O)[N][C]c3ccco3)cc2C1=C1[C][C][C][C]1,43.67,57.51
COc1ccc(OC)c(/C=C2\Oc3c(ccc([O-])c3C[NH+]3CCCCC3C)C2=O)c1,27.74,37.13
CCN1C(=O)C(=CC=C2SC=C(c3ccccc3)N2CC)SC1=S,11.99,13.52
CS(=O)(=O)Cc1ccc(C(=O)Nc2ccc3nc(N4CCOCC4)sc3c2)cc1,36.54,52.77
COc1ccc2sc(C=Cc3cccc([N+](=O)[O-])c3)[n+](C)c2c1,21.75,25.9
CN(C)c1ccc(cc1)\N=N\c1cccc(c1)C(O)=O,70.29,85.51
COCCN1C(=O)C(=Cc2ccc(-c3cccc(C(F)(F)F)c3)o2)SC1=S,31.83,38.96
O=C([C]=C([C]1[C][C]1)[C]1[C][C]1)[N]c1nc2ccccc2nc1N1[C][C][C][C]1,33.57,42.89
COc1ccc(CN2C(=O)C(=Cc3ccc(-c4ccc(S(N)(=O)=O)cc4)o3)SC2=S)cc1,34.09,44.24
COc1ccc(CN2C(=O)C(=CC3=Cc4ccccc4OC3C)SC2=S)cc1,15.33,17.99
O=C1/C(=C/C=C/c2ccc3c(c2)OCO3)SC(=S)N1c1ccc([N+](=O)[O-])cc1,40.61,52.45
Cc1ccc(Nc2cc(N(C)Cc3ccccc3)c3noc4c3c2C(=O)c2ccccc2-4)cc1,29.84,45.44
CCN1C(=O)C(=Cc2ccc(-c3cc(Cl)cc(Cl)c3)o2)SC1=S,39.17,50.83
Cc1ccc2c(c1)-c1nc3c(C)cccc3cc1/C2=N\c1ccccc1,46.57,70.33
COc1ccc2c(c1)-c1c(s[s+]c1SC)C(C)(C)N2,15.35,21.98
Cc1ccc(CN2C(=O)C3CCCN3c3ccc(C(F)(F)F)cc32)cc1,26.19,38.24
"CC1=CC=C(CN2C(=O)C3CCCN3C3=C2C=C(C=C3)C(F)(F)F)C=C1 |c:15,18,20,27,t:1,3|",26.19,38.24
CCN(C(=O)c1ccc2c(c1NCCO)C(=O)c1ccccc1C2=O)c1ccc(OC)cc1,42.32,55.03
Cc1ccc(N2CCN(CN3C(=O)S/C(=C/c4ccc(-c5ccccc5Cl)o4)C3=O)CC2)cc1,34.78,45.02
COC1=CC(c2cc3ccccc3[nH]2)=NC1=Cc1[nH]c(C)cc1C,30.69,50.64
CCOC(=O)N1CCN(c2cc(NC(C)C)c3c(c2N)C(=O)c2ccccc2C3=O)CC1,35.43,46.67
O=C1C(=Cc2ccc(-c3ccc(Cl)c(Cl)c3)o2)C=C(c2ccccc2)N1c1ccccc1Cl,52.98,75.66
O=C1C(=Cc2ccc(-c3ccc(Cl)c(Cl)c3)o2)C=C(c2ccccc2)N1c1ccc(O)cc1,54.07,80.17
Cc1ccsc1/C=C1\Oc2c(ccc([O-])c2C[NH+]2CCCC(C)C2)C1=O,21.61,26.49
CN1C(=O)C(=Cc2ccc(-c3ccc(Cl)c(Cl)c3)o2)SC1=S,42.15,55.01
O=C1/C(=C/C=C/c2ccccc2)Oc2c1ccc([O-])c2C[NH+]1CCCCC1,33.38,51.14
NN=C1c2cc(NCCO)ccc2-c2ccc(S(=O)(=O)NCCO)cc21,76.21,88.46
CC1CC(C)C[NH+](Cc2c([O-])ccc3c2O/C(=C\c2ccco2)C3=O)C1,24.01,35.88
O=C1c2ccccc2C(=O)c2c(N3CCOCC3)ccc(N=Nc3ccc(O)cc3)c21,56.81,70.16
CC1CC(C)CN(c2cc(NC(C)C)c3c4c(onc24)-c2ccccc2C3=O)C1,13.96,17.36
Cc1nc(-c2ccc(C(F)(F)F)cc2)sc1C(=O)C=CC=Cc1ccc(N(C)C)cc1,35.87,49.39
CCCCCCCNC(=O)c1c(N)n(/N=C/c2ccc(N(C)C)cc2)c2nc3ccccc3nc12,21.66,34.57
CCOC(=O)C1=C(Nc2ccc(OC)c(OC)c2)S/C(=C/c2ccc([N+](=O)[O-])cc2)C1=O,34.54,39.72
O=C1C(=CC=Cc2ccccc2)SC(=S)N1c1cccc(O)c1,33.45,46.18
O=C1OC(c2cccs2)=NC1=CC1=C(N2CCOCC2)C(=Cc2ccccc2)CC1,22.52,30.04
C=CCN1/C(=C\C=C\C2=[N+](C)c3ccccc3C2(C)C)Sc2ccc(OC)cc21,17.53,22.98
CCOc1cc(C=C2CCCC(=Cc3cc(OCC)c(OC)cc3Br)C2=O)c(Br)cc1OC,43.07,54.4
CC1(C)N=c2c(N)cccc2=[N+]1[O-],44.56,63.86
N#C/C(=C/c1ccc(Sc2ccccc2)o1)c1ccc([N+](=O)[O-])cc1,31.55,43.85
Cc1ccc(N2C(=O)/C(=C\C=C\c3ccco3)SC2=S)cc1C,20.07,26.73
COc1cc([N+](=O)[O-])ccc1-c1ccc(C=C2C(=O)N(c3ccc(C)cc3)N=C2C)o1,43.74,53.96
C=CCN1C(=O)C(=Cc2ccc(-c3ccc([N+](=O)[O-])cc3OC)o2)SC1=S,35.14,41.53
COc1ccc(Nc2cc(N3CCN(c4cccc(C(F)(F)F)c4)CC3)c3noc4c3c2C(=O)c2ccccc2-4)cc1,45.91,65.18
O=C(c1ccccc1)c1cc2c(ccc3ccccc32)[o+]c1/C=C\c1c(O)ccc2ccccc12,45.39,68.63
CC1=C(C#N)c2nc(N)c(C#N)c(C)c2C1=Cc1ccc(Br)s1,47.88,69.87
O=C1c2ccccc2C(=O)c2c(Nc3ccccc3Br)ccc(Nc3ccccc3Br)c21,49.82,71.17
O=C1[N]c2ccc(S(=O)(=O)[N][C][C][C]c3ccccc3)cc2C1=C1[C][C][C][C]1,46.21,60.84
CN1C(=O)/C(=C\c2cc(/N=N/c3cccc(Cl)c3)ccc2O)SC1=S,52.92,67.34
OCC[n+]1c2ccccc2nc2ccc(N3CCN(c4cccc(Cl)c4)CC3)cc21,19.31,29.49
Cc1ccsc1/C=C1\Oc2c(ccc([O-])c2C[NH+]2CCCCCC2)C1=O,22.58,29.75
O=C(O)c1c2c(nc3ccccc13)C(=Cc1ccc([N+](=O)[O-])cc1)CCC2,67.89,89.99
CC1Oc2ccccc2C=C1/C=C1\Oc2c(ccc([O-])c2C[NH+]2CCOCC2)C1=O,32.43,43.16
C=CCNC(=O)c1c(N)n(/N=C/c2ccc(N(C)C)cc2)c2nc3ccccc3nc12,30.75,58.43
CCOc1ccc(Nc2cc(N3CCC(=O)CC3)c3noc4c3c2C(=O)c2ccccc2-4)cc1,36.31,50.56
CC(=O)OCCN(CCC#N)c1ccc(N=Nc2c(Br)cc([N+](=O)[O-])cc2C(F)(F)F)cc1,31.75,38.67
Cc1ccc(/C=C2\Oc3c(ccc([O-])c3C[NH+]3CC(C)CC(C)C3)C2=O)o1,24.17,32.97
CCOC(=O)c1ccc(-c2ccc(C=C3C=C(c4ccccc4)N(c4ccc(Br)cc4)C3=O)o2)cc1,49.75,66.4
CC1CCCC[NH+]1Cc1c([O-])ccc2c1O/C(=C\c1cc3ccccc3o1)C2=O,25.93,38.09
[O-][n+]1c2c([n+]([O-])c3cc(Br)ccc31)CCCC2,33.79,42.68
O=C(Nc1ccc(N2CCCC2)cc1)c1ccc([N+](=O)[O-])cc1,32.93,46.26
CC(C)CNC(=O)c1c(N)n(-c2ccc(N(C)C)cc2)c2nc3ccccc3nc12,23.48,46.47
O=C(C(=Cc1ccc(-c2ccc(S(=O)(=O)N3CCOCC3)cc2)o1)c1nc2ccccc2s1)c1ccccc1,32.3,38.21
Cc1noc(C=Cc2ccc(N(C)C)cc2)c1N=Nc1ccccc1,18.05,37.98
O=C1/C(=C\c2ccc(-c3ccc(Cl)c(Cl)c3)o2)C=C(c2ccccc2)N1c1cccc2ccccc12,52.93,76.6
CN(C)c1ccc(/C=C2\N=C(c3ccco3)OC2=O)cc1,19.22,31.57
CC[n+]1c2ccccc2nc2ccc(N(C)C)cc21,10.42,24.7
O=C1N=C(N2CCN(c3ccc(Cl)cc3)CC2)SC1=Cc1ccc(-c2cc(Cl)ccc2Cl)o1,44.5,59.91
COc1ccc(-c2nc(/N=C/c3ccccc3O)sc2-c2ccc([N+](=O)[O-])cc2)cc1,51.39,74.14
[C][C]N([C][C])c1ccc([C]=c2sc(=C(C#N)C#N)n(-c3ccc([C])cc3[C])c2=O)cc1,38.02,47.26
COC(=O)c1cccc(N2C(=O)C(=Cc3ccc(-c4ccc(Cl)c(Cl)c4)o3)C=C2c2ccccc2)c1,51.47,68.96
[C]C([C])=C1[C]2[C][C][C]1[C]1[C]2C(=O)N(c2sc3c(c2C(=O)[N][C]2[C][C][C][C][C]2)[C][C][C][C][C]3)C1=O,56.56,65.83
O=C1C(=Cc2ccc(-c3cc(Cl)ccc3Cl)o2)C=C(c2ccccc2)N1Cc1ccccc1,42.57,62.08
O=C1/C(=C/c2ccc(-c3ccc(Br)cc3)o2)C=C(c2ccccc2)N1c1ccc(-c2ccccc2)cc1,53.32,77.36
CCOC(=O)c1ccc(-c2ccc(/C=C3\C=C(c4ccccc4)N(c4ccc(C)cc4)C3=O)o2)cc1,45.54,62.05
COc1cc([N+](=O)[O-])ccc1-c1ccc(C=C(C#N)C(=O)NC2CCCCC2)o1,27.2,36.9
O=C1N=C(N2CCN(c3cccc(Cl)c3)CC2)SC1=Cc1ccc(-c2ccc(Cl)c(Cl)c2)o1,43.09,57.89
C=C(C=CC(=CC)N1N=C(C)C(=Cc2ccc(-c3ccc4c(c3)C(=O)NC4=O)o2)C1=O)CC,48.56,56.4
CCN1C=C(C)c2ccccc2/C1=C\C1=C/C(=C/c2sc3ccccc3[n+]2CC)CC(C)(C)C1,20.52,28.01
O=Nc1c(O)ccc2c1N=S=N2,77.86,76.88
COCCNc1cc(N2CCN(CCO)CC2)c(N)c2c1C(=O)c1ccccc1C2=O,48.44,63.35
O=C1Nc2c(Cl)cc(Cl)cc2/C1=N/N=C/c1cccc(O)c1O,65.16,76.39
CN1C(=O)C(=Cc2ccc(-c3ccc(C#N)cc3)o2)C(=O)N(C)C1=S,46.82,57.85
[C]Oc1cc2c(cc1[C]=C1C(=O)N([C])C(=S)N([C])C1=O)[C][C][C][C]2,48.75,51.78
[C]N([C]1[C][C][C][C][C]1)S(=O)Oc1ccc2c(c1)C(=C1[C][C][C][C]1)C(=O)[N]2,55.18,62.57
Oc1c(Cl)c2nc3cc4ccccc4cc3nc2c2ccccc12,30.35,58.91
Cc1ccc(N2CCN(C3=NC(=O)C(=Cc4ccc(-c5cc(Cl)ccc5Cl)o4)S3)CC2)cc1Cl,42.34,55.76
CN(C)c1ccc(/C=C2\CCCC(=C3SCCCS3)C2=O)cc1,11.62,18.73
CC1CCC[NH+](Cc2c([O-])ccc3c2O/C(=C\c2cc4cc(Br)ccc4o2)C3=O)C1,41.48,55.18
CCN1C(=O)/C(=C/C=C2/Sc3ccc(OC)cc3N2CC)S/C1=N\c1ccc(/C=C/c2ccccc2)cc1,31.42,43.11
[C][C]OC(=O)c1cccc(N=S([O-])[O+]c2ccc3c(c2)C(=C2[C][C][C][C]2)C(=O)[N]3)c1,45.22,55.44
CCN(CC)c1ccc(C=C2CCc3ccc([N+](=O)[O-])cc3C2=O)cc1,21.04,27.9
Cc1ccc(/N=N/Nc2ccc(NC3CCCCC3)c3c2C(=O)c2ccccc2C3=O)cc1,40.63,58.65
O=[N+]([O-])c1ccc(O)c(/C=N/c2cc(C(F)(F)F)ccc2N2CCCCC2)c1,47.77,66.24
CSCCC(C(=O)O)N1C(=O)/C(=C/C=C/c2ccco2)SC1=S,72.63,80.71
COc1ccc([N+](=O)[O-])cc1-c1nc2cc3ccccc3cc2nc1-c1ccccc1,39.77,57.84
O=C1C(=Cc2ccc(-c3ccc(Br)cc3)o2)C=C(c2ccccc2)N1c1cccc(Cl)c1,52.3,74.61
O=S(=O)(O)c1cccc(/N=N/c2ccc(/N=N/c3ccc(N(CCO)CCO)cc3)c3ccccc23)c1,43.0,58.77
CN1C(=O)/C(=C\C=C/C=C/Nc2ccccc2)OC1=S,29.59,46.19
CCN(CC)c1ccc(/N=C/c2cc([N+](=O)[O-])ccc2O)c(C)c1,30.78,43.32
C=CC[NH+]1[CH-]Nc2c(c3nc4ccccc4nc3n2/N=C/c2cccc(Cl)c2)C1=O,51.28,71.01
CCN1C(=O)C(=Cc2ccc(-c3ccccc3)o2)C(=O)N(CC)C1=S,19.49,22.82
[C]N1C(=O)C(=[C]c2ccc(N3[C][C][C][C][C]3)o2)C(=O)N([C])C1=S,55.47,53.13
[C]N1C(=O)C(=C2[C][C][C][C]2)c2cc(OS(=O)N([C])[C]3[C][C][C][C][C]3)ccc21,54.79,63.21
O=C1/C(=C\c2ccc(-c3cccc(Cl)c3)o2)C=C(c2ccccc2)N1c1ccccc1,46.14,68.72
Cc1ccc(N2CCN(C3=NC(=O)/C(=C\c4ccc(-c5ccccc5[N+](=O)[O-])o4)S3)CC2)cc1,34.42,42.32
O=C1C(=Cc2ccc(-c3ccc(Br)cc3)o2)C=C(c2ccccc2)N1c1ccc2ccccc2c1,48.73,71.28
Cc1ccc(N2CCN(C3=NC(=O)C(=Cc4ccc(-c5cccc(C(F)(F)F)c5)o4)S3)CC2)cc1,40.06,54.46
[C][C][C]N1c2ccccc2C(=C2SC(C(=O)O[C])=C(C(=O)O[C])S2)C(=S)C1([C])[C],36.32,38.56
CCN1C(=O)/C(=c2/s/c(=C3\C=Cc4cc(C)ccc4N3CC)c(=O)n2CC)OC1=S,18.34,18.3
CN(c1ccccc1)c1ccc(C=NNS(=O)(=O)c2ccccc2)cc1,15.79,29.89
Nc1cccc2c1C(=O)c1c(N)ccc(-c3ccc(N)c4c3C(=O)c3ccccc3C4=O)c1C2=O,64.27,95.56
CCCCC(CC)CN1C(=O)/C(=C\c2ccc(-c3cccc(F)c3)o2)SC1=S,20.39,27.26
COc1ccc2c(c1)C(C)(C)C(/C=C/c1cccc(OC)c1[O-])=[N+]2C,21.04,27.11
CCCCN1/C(=C\C=C2\SC(=S)N(CC)C2=O)Sc2ccccc21,10.52,13.18
CN(C)c1cc(Nc2ccc(Cl)cc2)c2c3c(onc13)-c1ccccc1C2=O,39.5,59.04
O=C1/C(=C\C=C\c2ccc([N+](=O)[O-])cc2)SC(=S)N1c1cccc(Cl)c1,40.08,52.64
O=[N+]([O-])c1ccccc1[C]=[C][C]=C1c2ccccc2-c2ccccc21,36.93,50.97
COc1cccc(N2C(=O)/C(=C/C=C/c3ccccc3)SC2=S)c1,21.49,29.45
CC1=NN(c2ccc(C)cc2)C(=O)C1=CC=Cc1ccc([N+](=O)[O-])o1,47.02,57.37
O=C1C(=Cc2ccc(-c3cc(Cl)ccc3Cl)o2)C=C(c2ccccc2)N1c1cccc(O)c1,53.46,79.13
COC(=O)c1ccccc1-c1c2ccc(N(C)C)cc2[o+]c2cc(N(C)C)ccc12.[O-][Cl+3]([O-])([O-])[O-],48.59,63.0
CCOc1cccc(N2C(=O)/C(=C/c3ccc(-c4ccc([N+](=O)[O-])cc4OC)o3)C(=O)NC2=S)c1,52.17,60.32
CCc1ccc(/N=C2/NC(=O)/C(=C/c3ccc(N4CCCC4)o3)S2)cc1,23.15,32.48
CCN1C(=O)C(=Cc2ccc(-c3ccccc3)o2)SC1=S,15.93,21.29
COc1ccc([N+](=O)[O-])cc1/C=N/N=C/c1cc([N+](=O)[O-])ccc1OC,50.44,60.54
CN(C)C(C=CNc1ccc(Cl)cc1Cl)=C(C#N)C#N,20.59,25.0
[C][C]N([C][C])c1ccc([C]=C2C(=O)[N]C(=S)[N]C2=O)c(O[C])c1,47.3,46.78
Cc1ccc(N2C(=O)/C(=C\C=C\c3ccco3)SC2=S)cc1,19.83,28.69
Cc1ccc(/N=c2\scc(-c3ccc([N+](=O)[O-])cc3)n2-c2ccc(C)cc2)cc1,34.38,50.37
O=C1N=C(N2CCN(c3ccccc3)CC2)SC1=Cc1ccc(-c2cccc(C(F)(F)F)c2)o1,38.51,52.7
Nc1ccc2nc3ccc(N)cc3[n+](-c3ccccc3)c2c1,23.81,58.16
O=C1[N]c2ccc(S(=O)(=O)[N][C]c3ccccc3)cc2C1=C1[C][C][C][C]1,46.62,63.43
CC(C)CCN1C=CC(=Cc2cc[n+](CCC(C)C)c3ccccc23)c2ccccc21,13.52,16.74
COc1ccc(N(C(C)=O)c2nc(C=Cc3nc4ccc([N+](=O)[O-])cc4s3)cs2)cc1,31.61,44.73
CC1=C(C#N)c2nc(N)c(C#N)c(C)c2C1=Cc1ccc(-c2ccccc2[N+](=O)[O-])o1,55.47,79.43
CCOC(=O)c1ccc(-c2ccc(/C=C3/C=C(c4ccccc4)N(c4cccc5ccccc45)C3=O)o2)cc1,46.66,65.07
Cc1nn(-c2ccccc2)c(Cl)c1C=NN=CC1=C(N2CCOCC2)C(=Cc2cccc([N+](=O)[O-])c2)CC1,41.23,50.17
CCN(CC)S(=O)(=O)c1ccc(-c2ccc(C=CC(=O)c3ccc4c(c3)CCC4)o2)cc1,23.55,31.53
CCN1C(=O)C(=Cc2ccc(-c3ccc(Br)c(Cl)c3)o2)C(=O)N(CC)C1=S,37.48,46.53
O=C(/C=C/c1ccc(-c2ccccc2Cl)o1)c1ccc(N2CCOCC2)cc1,36.36,49.28
CC1=C(C#N)C(=O)N(CCO)C(=O)/C1=C/c1ccc(N(C)C)cc1,65.37,77.65
CCN1C(=O)/C(=C/c2cc(C)n(-c3ccc(Sc4ccc([N+](=O)[O-])cc4)cc3)c2C)c2cc(S(=O)(=O)N3CCOCC3)ccc21,30.6,34.22
CCCN1C(=O)/C(=c2\[nH]c(=O)/c(=C3/C=Cc4ccccc4N3CC)s2)SC1=S,21.35,20.88
CS(=O)(=O)N(CCC#N)Cc1ccc(/C=C2/C(=O)N(c3ccccc3)c3ccccc32)o1,21.55,26.09
CCOc1ccc(N2C(=O)C(=Cc3ccc(-c4ccc([N+](=O)[O-])cc4)o3)C(=O)NC2=S)cc1,54.22,64.36
CCCN(CCC)c1ccc(/C=C2\N=C(c3ccc(C)cc3)OC2=O)cc1,20.83,29.69
COC(=O)c1ccc(/C=C2\CCCCC/C(=C\c3ccc(C(=O)OC)cc3)C2=O)cc1,31.21,39.39
CCN(CC)C(=O)Oc1ccc2c(c1)O/C(=C\C1=Cc3ccccc3OC1C)C2=O,24.81,31.58
COc1ccc(C2=C(O)c3nc4ccccc4cc3C2=O)cc1,42.12,62.95
CCCCCCCCCCCCOC(=O)c1ccc2c(c1)C(=O)c1ccccc1C2=O,26.05,38.92
O=C1c2ccc3c4c(ccc(c24)C(=O)N1c1ccc(N2CCCCC2)cc1)C(=O)N(c1ccc(N2CCCCC2)cc1)C3=O,40.47,55.51
CCOC(=O)c1ccc(-c2ccc(/C=C3/C=C(c4ccccc4)N(c4ccccc4OC)C3=O)o2)cc1,44.75,59.66
[C]C1([C])[C]C([N][N][C][C]C#N)=[C]C(=[N+]2[C][C][C][C]2)[C]1,48.43,54.61
CC(C)(C)c1ccc(Oc2c(NS(C)(=O)=O)c3c(c(O)c2N2CCCCC2)C(=O)c2ccccc2C3=O)cc1,42.16,58.07
N#C/C(=C/c1ccc(N2CCCCC2)o1)c1cccc(F)c1,20.47,30.94
Cc1ccccc1N1C(=O)/C(=C/c2ccc([N+](=O)[O-])cc2)C=C1c1ccccc1,36.02,50.18
[C]c1cccc(N2[C][C]N(OS(=O)c3ccc4c(c3)C(=C3[C][C][C][C]3)C(=O)[N]4)[C][C]2)c1[C],54.18,67.58
CCN1C(=O)C(=Cc2ccc(-c3ccc([N+](=O)[O-])cc3C)o2)SC1=S,29.64,34.85
C=CCN1C(=O)C(=Cc2ccc(-c3ccc(S(=O)(=O)Nc4ncccn4)cc3)o2)SC1=S,36.54,47.86
O=C1C(=Cc2ccc(-c3ccc([N+](=O)[O-])cc3)o2)SC(=S)N1CCCc1ccccc1,25.01,29.91
CN(C)c1ccc(CN2CCN(Cc3ccc(N(C)C)cc3)c3cc(C#N)c(C#N)cc32)cc1,13.85,16.92
Cc1cccc(N2C(=O)C(=CC=Cc3ccco3)SC2=S)c1,15.85,21.61
Cc1cccc(C2=N/C(=C/C=C/c3ccc([N+](=O)[O-])cc3)C(=O)O2)c1,46.04,62.36
CCOc1ccc(Nc2cc(N3CCN(C4CCCCC4)CC3)c3noc4c3c2C(=O)c2ccccc2-4)cc1,28.04,40.99
[C]N1C(=O)C(=[C]c2ccc(-c3ccc(C#N)cc3)o2)C(=O)N([C])C1=S,51.61,61.13
Cc1cccc(N2CCN(C3=NC(=O)/C(=C\c4ccc(-c5cccc([N+](=O)[O-])c5)o4)S3)CC2)c1,33.78,41.34
CCCCSc1ccc(-c2ccc(C=C3C=CC=C3)cc2)cc1,28.15,45.04
CC1=NN(c2ccc(C)c(C)c2)C(=O)C1=Cc1ccc(-c2ccc([N+](=O)[O-])cc2)o1,41.29,52.08
CCN1C(=O)/C(=C\c2cc(C)n(C3CC3)c2C)c2cc(S(=O)(=O)N3CCOCC3)ccc21,23.51,24.06
[O-][n+]1c2c([n+]([O-])c3cc(F)c(F)cc31)CCCC2,32.89,48.13
O=C(/C=C/c1ccc(-c2ccccc2F)o1)c1ccc(N2CCOCC2)cc1,31.9,44.32
COc1ccc(Nc2cc(N3CCCC(C)(C)C3)c3noc4c3c2C(=O)c2ccccc2-4)cc1,27.73,38.56
CCN1C(c2ccccc2)=C(c2ccccc2)S/C1=C\C=C\c1sc2c3ccccc3ccc2[n+]1CC,32.63,48.21
CCN1C(=O)/C(=C/C=C2\N(CC)c3ccc(-c4ccccc4)cc3C2(C)C)S/C1=N\c1ccc(C)cc1,25.85,35.98
CC1CCCCN1c1cc(Nc2ccc(F)cc2)c2c3c(onc13)-c1ccccc1C2=O,31.08,48.45
Cc1ccc(-c2nn3c4cc(N5CCCC5)ccc4nc3c3ccccc23)cc1,22.21,36.8
COc1ccc(Nc2cc(N3CCOCC3)c3noc4c3c2C(=O)c2ccccc2-4)cc1,29.49,41.98
O=C1c2ccccc2-c2ncnc3c(Br)cc(NC4CCCCC4)c1c23,36.61,53.85
C=CCN1C(=O)/C(=C\c2ccc(-c3ccc([N+](=O)[O-])cc3Br)o2)SC1=S,42.04,51.08
CN(C)c1ccc(/C=N/c2ccc(C(=O)O)cc2Cl)cc1,59.63,78.23
COc1ccc(-c2oc(N=Cc3cccc([N+](=O)[O-])c3)c(C#N)c2-c2ccc(OC)cc2)cc1,49.69,68.17
COc1cccc(Nc2cc(NCCO)c(N)c3c2C(=O)c2ccccc2C3=O)c1,48.36,70.68
CCCCC1=C(C)/C(=C\c2[nH]cc(C)c2C)[NH+]=C1Cc1[nH]c(/C=C2/[NH+]=CC(C)=C2C)c(C)c1CCCC,18.35,18.6
Cc1cccc(C2=NC(=Cc3cc4cc5c6c(c4oc3=O)CCCN6CCC5)C(=O)O2)c1,26.37,36.37
Cc1cccc(Nc2cc(NC3CCCCC3)c3noc4c3c2C(=O)c2ccccc2-4)c1,28.02,44.99
[C][C]N1C(=O)C(=[C]/[C]=[C]/[C]=C2N(c3ccccc3)c3ccccc3N2c2ccccc2)C(=O)N([C][C])C1=S,36.91,45.83
[C][C]N([C][C])c1ccc([C]=C2C(=O)c3ccccc3C2=O)c([O])c1,44.18,57.21
CCCN(CCC)c1ccc(/C=C2/N=C(c3ccccc3)OC2=O)cc1,17.49,24.82
CCOC(=O)C1CCN(c2cc(Nc3ccc(C(=O)O)cc3)c3c4c(onc24)-c2ccccc2C3=O)CC1,63.11,81.97
O=C1NC(=S)N/C1=C/c1ccc(-c2ccc([N+](=O)[O-])cc2Br)o1,56.56,59.23
N#C/C(=C\c1ccc(-c2ccc([N+](=O)[O-])cc2)o1)c1nc(-c2ccco2)cs1,47.99,65.61
CN(C)c1ccc(/C=C(\C#N)c2nc(-c3ccc(Cl)cc3)cs2)cc1,36.96,50.95
CN1C(=O)C(=Cc2ccc(-c3cccc(Br)c3)o2)SC1=S,32.79,41.51
Clc1ccc(-c2nn3c4cc(N5CCCCC5)ccc4nc3c3ccccc23)cc1,27.36,44.09
CCn1c(=C2C(=O)c3ccccc3C2=O)sc(=CC=C2N(C)c3ccc(-c4ccccc4)cc3C2(C)C)c1=O,29.58,38.57
CCc1ccc2c(c1)-c1c(s[s+]c1SC(C)=O)C(C)(C)N2,16.04,21.08
O=C1OC(c2ccc(I)cc2)=NC1=CC=Cc1ccc([N+](=O)[O-])cc1,51.73,68.18
O=C(/C=C/c1ccc(-c2cccc([N+](=O)[O-])c2)o1)N1CCOCC1,59.22,69.48
CCCN1C(=O)C(=c2[nH]c(=O)c(=C3C=Cc4ccccc4N3CC)s2)SC1=S,19.45,18.4
COc1ccc(/C=C/C(=O)Nc2ccc(NC3CCCCC3)c3c2C(=O)c2ccccc2C3=O)cc1,44.66,62.85
CCN1C(=O)C(=Cc2ccc(-c3ccc([N+](=O)[O-])cc3)o2)N(C)C1=S,29.47,34.69
O=C1N=C(N2CCN(c3ccccc3)CC2)SC1=Cc1ccc(-c2ccc(Cl)cc2Cl)o1,35.19,47.97
FC(F)Sc1ccc(-c2ccc(C=NN=CC3=C(N4CCOCC4)C(=Cc4ccccc4)CC3)o2)cc1,30.16,42.37
[C]N1[C][C]N(S(=O)(=O)c2ccc3c(c2)C(=C2[C][C][C][C]2)C(=O)[N]3)[C][C]1,61.16,59.41
O=C(Nc1ccc(-c2ccc(N3CCOCC3)nn2)cc1)c1ccc([N+](=O)[O-])cc1Cl,62.79,75.71
CN(C)C(C=CNc1ccc(I)cc1)=C(C#N)C#N,20.1,24.67
CCCN1CCN(c2cc(NCc3ccco3)c3c4c(onc24)-c2ccccc2C3=O)CC1,19.37,28.77
CCn1cc(/C=C2/Oc3c(ccc([O-])c3C[NH+](CC)CC)C2=O)c2cc(OC)ccc21,21.38,30.32
CCN1C(=O)/C(=C/c2ccc(-c3ccc([N+](=O)[O-])cc3)o2)NC1=S,46.89,54.94
O=C1/C(=C/c2ccc([N+](=O)[O-])o2)CCC/C1=C\c1ccc([N+](=O)[O-])o1,49.41,60.03
Cc1ccc(N2CN=c3s/c(=C\c4ccc([N+](=O)[O-])cc4)c(=O)n3C2)cc1,47.42,57.08
Cc1cccc(-c2c3ccc4cc(O)ccc4c3oc3c2ccc2cc(=O)ccc23)c1,41.21,66.15
CCOP(=O)(OCC)c1ccc2c(ccc(C=Cc3ccc(N(C)C)cc3)[n+]2CC)c1,15.5,17.91
O=C(C=Cc1ccc(-c2ccccc2Br)o1)c1ccc(N2CCOCC2)cc1,36.14,47.36
CCOC(=O)Cn1cc(/C=C2/C(C)=C(C#N)c3nc(N)c(C#N)c(C)c32)c2ccccc21,39.17,52.34
"[K+].F[B-](F)(F)C1=C(Cl)C=C(Cl)C=C1 |c:4,10,t:7|",39.51,60.1
CC1=CC(C)(C)N2C(=O)C(=O)c3c(C=CN4CCOCC4)ccc1c32,36.81,47.43
CN(C)c1ccc(/C=C/C=C2\C(=O)NC(=O)N(c3ccc(Cl)cc3)C2=O)cc1,52.25,61.44
CCOc1ccc(N2C(=O)/C(=C/c3ccc(-c4ccccc4[N+](=O)[O-])o3)NC2=S)cc1,43.59,53.22
O=[N+]([O-])c1cccc(-c2c(O)c3ccccc3c3nc4ccccc4nc23)c1,42.77,67.68
N#CC(C#N)=Cc1cc(C=C(C#N)C#N)c([O-])o1,25.83,30.65
C=CC[NH+]1[CH-]Nc2c(c3nc4ccccc4nc3n2/N=C/c2ccc(C(C)C)cc2)C1=O,43.77,60.24
N#CC(=C1C(=O)Nc2ccc([N+](=O)[O-])cc21)c1nc(-c2ccc(Oc3ccccc3)cc2)cs1,49.22,64.53
CCN1C(=O)C(=Cc2ccc(-c3ccc(Cl)cc3)o2)SC1=S,30.19,39.85
COc1cc(N2CCCCC2)ccc1/C=C(/C#N)c1cccc([N+](=O)[O-])c1,23.72,30.7
COc1ccc(NC(=O)c2ccc3c(c2O)C(=O)c2ccccc2C3=O)cc1,63.3,84.25
O=C1/C(=C/c2c[nH]c3ccccc23)Oc2c1ccc([O-])c2C[NH+]1CCCCC1,35.07,54.27
O=C1/C(=C\c2ccc([N+](=O)[O-])cc2)CN(Cc2ccccc2)C/C1=C\c1ccc([N+](=O)[O-])cc1,37.75,46.09
O=C1ON=C(c2ccccc2)/C1=C/C1=C(OCc2ccc(F)cc2)C=CCC1,33.28,48.0
O=C(O)CN1C(=O)C(=Cc2ccc(-c3ccc([N+](=O)[O-])cc3)o2)SC1=S,77.51,83.09
Cc1ccc(-c2csc(C=Cc3ccc(-c4cccc([N+](=O)[O-])c4)o3)n2)cc1,45.28,64.04
O=C1C(=CC2=Cc3cc(Cl)ccc3OC2)C(=O)c2ccccc21,47.41,65.94
O=[N+]([O-])c1cccc(/C=N/c2ccc(/N=N/c3ccccc3)cc2)c1,26.76,48.79
O=C(Nc1ccc(N2CCOCC2)c2c1C(=O)c1ccccc1C2=O)c1ccccc1,48.47,62.8
CC1=C(C#N)c2nc(N)c(C#N)c(C)c2C1=Cc1ccc(-c2cc(C(=O)O)ccc2C)o1,66.66,93.51
Cc1cccc(N2CN=c3s/c(=C\C=C\c4ccccc4)c(=O)n3C2)c1,25.5,39.32
O=C1/C(=C\C=C\c2ccc([N+](=O)[O-])cc2)SC(=S)N1c1ccccc1Cl,37.93,49.62
CCC(=C/c1sc2ccc3ccccc3c2[n+]1CCCS(=O)(=O)[O-])/C=C1/Sc2ccc3ccccc3c2N1CCCS(=O)(=O)[O-],27.67,35.3
CC1CCCCN1c1cc(Nc2ccc3c(c2)OCO3)c2c3c(onc13)-c1ccccc1C2=O,25.08,38.05
Cc1ccc(S(=O)([O-])=NC2=C([n+]3ccc(N(C)C)cc3)C(=O)c3ccccc3C2=O)cc1,29.44,35.82
CN1C(=O)/C(=C\C=C\c2cccc([N+](=O)[O-])c2)SC1=S,44.14,49.75
COC(=O)c1cc([N+](=O)[O-])cnc1C=Cc1ccc(-c2ccc([N+](=O)[O-])cc2Br)o1,39.51,44.26
CCOC(=O)C1=C(Nc2ccc(OCC)cc2)S/C(=C\c2ccc(-c3ccc(F)cc3)o2)C1=O,46.7,61.3
[C][C]N([C]C(F)(F)[C](F)F)c1ccc(C(C#N)=C(C#N)C#N)cc1,30.71,37.47
N#C/N=C(\N)c1sc2nc(-c3cccs3)cc(C(F)(F)F)c2c1N,42.8,72.41
C=CC1=C(C)C(=Cc2[nH]c(Cc3[nH]c(C=C4NC(=O)C(C)=C4C=C)c(C)c3CCC(=O)O)c(CCC(=O)O)c2C)NC1=O,72.58,76.72
COc1ccc(Nc2cc(N3CCN(c4ccc(OC)cc4)CC3)c3noc4c3c2C(=O)c2ccccc2-4)cc1,33.85,48.08
NC(=O)N/N=C1/c2ccccc2-c2nc3ccccc3nc21,48.58,76.51
CCN(CC)c1ccc(/C=C2/SC(=S)N(C)C2=O)c(OCc2ccc(Cl)cc2Cl)c1,22.85,27.78
O=C(O)c1ccc(Nc2cc(N3CCN(C4CCCCC4)CC3)c3noc4c3c2C(=O)c2ccccc2-4)cc1,58.39,79.02
O=C1C(=Cc2ccc(-c3ccc(Cl)cc3)o2)C(=O)c2ccccc21,53.37,75.59
CN1/C(=C\C=N\c2ccc(/N=N/c3ccccc3)cc2)C(C)(C)c2ccccc21,19.68,33.68
N#Cc1c(/C=C/c2cccc([N+](=O)[O-])c2)nc2c(c1-c1ccc3c(c1)OCO3)C(=O)c1ccccc1-2,58.68,80.91
"[O-][N+](=O)C1=CC(\C=C\C2=NC3=C(C(=O)C4=CC=CC=C34)C(C3=CC4=C(OCO4)C=C3)=C2C#N)=CC=C1 |c:16,31,33,37,39,t:3,8,10,14,18,23,25|",56.82,78.22
O=C(O)c1ccc(N2C(=O)C(=Cc3ccc(-c4ccc(Br)cc4)o3)C=C2c2ccccc2)cc1,62.36,88.98
[C][C]N1/C(=[C]/[C]=[C]/[C]=[C]/[C]=C2C(=O)[N]C(=O)[N]C2=O)Sc2ccccc21,40.42,40.12
CN(C)N=Cc1ccc(-c2ccc([N+](=O)[O-])cc2Br)o1,27.44,30.14
O=C1SC(SCc2ccccc2)=NC1=CC=Cc1ccc([N+](=O)[O-])o1,27.33,33.35
O=[N+]([O-])c1ccc(N2CCCCC2)c(/C=C/c2nc3ccccc3s2)c1,19.36,26.68
CCN1C/C(=C/c2ccc([N+](=O)[O-])cc2)C(=O)/C(=C/c2ccc([N+](=O)[O-])cc2)C1,43.53,48.42
COCCNc1cc(NCCO)c2noc3c2c1C(=O)c1ccccc1-3,30.98,44.9
O=C1C(=Cc2ccc(-c3ccc(Cl)c(Cl)c3)o2)C=C(c2ccccc2)N1c1ccc(-c2ccccc2)cc1,53.64,77.83
COc1ccc(N2C3=[N+](CCCCC3)CC2(O)c2ccc(Br)cc2)cc1,29.4,45.01
CCN1CCO/C1=C\C=C\C1=[N+](CC)CCO1,20.16,47.59
Cc1cc(Cl)ccc1N=S([O-])[OH+]c1ccc2c(c1)N(C)CCS2,23.32,34.39
CCOC(=O)c1ccc(-c2ccc(C=C3C(=O)c4ccccc4C3=O)o2)cc1,47.08,60.59
O=C1c2ccccc2C(=O)c2cc(S(=O)(=O)Nc3nc4ccccc4s3)ccc21,42.49,58.87
[O-][n+]1c(-c2ccc3c4ccccc4ccc3[n+]2[O-])ccc2ccccc21,38.96,57.93
CN(C)c1ccc(/C=C/C=C2\C(=O)NC(=O)N(c3ccccc3)C2=O)cc1,57.12,67.09
CCCN1C/C(=C\c2c3ccccc3cc3ccccc23)C(=O)/C(=C/c2c3ccccc3cc3ccccc23)C1,35.13,53.05
CS(=O)(=O)Nc1c(Oc2ccccc2)c(N2CCCC2)c(O)c2c1C(=O)c1ccccc1C2=O,47.54,62.0
O=C1c2ccccc2C(=O)c2cc(S(=O)(=O)Nc3ccc4oc(=O)sc4c3)ccc21,49.28,64.73
[C]Oc1ccc(O[C])c([C]2[C][C]N(S(=O)(=O)c3ccc4c(c3)C(=C3[C][C][C][C]3)C(=O)[N]4)[C]2)c1,53.63,64.49
O=c1ccc2nc3ccc([O-])cc3oc-2c1.[Na+],24.57,42.5
CCN(CC)c1ccc2c(-c3ccc(S(=O)(=O)Cl)cc3S(=O)(=O)[O-])c3ccc(N(CC)CC)cc3[o+]c2c1,19.86,27.04
CCN1C(=O)C(=C2Sc3ccccc3N2C)SC1=Nc1ccc2c(c1)C(=O)c1ccccc1C2=O,35.56,45.88
CCN1C(c2ccccc2)=C(c2ccccc2)S/C1=C\c1ccc2cc(C)ccc2[n+]1C,28.91,43.27
CCN(CC)c1ccc2nc3ccccc3[n+](CC)c2c1,10.75,20.16
CCOC(=O)c1sc2nc3c(c(-c4ccc(OC)cc4)c2c1N)-c1ccccc1C3=O,49.78,67.92
O=C(O/N=C1/c2ccccc2-c2nc3ccccc3nc21)c1ccccc1,30.01,46.47
O=C1[N]c2ccc(S(=O)(=O)N3[C][C]O[C][C]3)cc2C1=C1[C][C][C][C]1,62.04,61.31
CCN1C(=O)C(=C2C=Cc3cc(OC)ccc3N2CC)SC1=NCc1ccccc1,13.12,12.74
C=CCN1/C(=C\C=C/c2sc3ccccc3[n+]2CC=C)Sc2ccccc21,20.86,32.02
COc1ccc(N2C(=O)/C(=C\c3ccc(-c4ccc([N+](=O)[O-])cc4C)o3)SC2=S)cc1,42.61,52.66
O=C1C(=Cc2ccc(-c3ccc(F)c(Cl)c3)o2)SC(=S)N1c1ccc([N+](=O)[O-])cc1,51.44,67.27
Cc1cccc(N2C(=O)/C(=C\c3ccc(-c4ccc(Cl)c(Cl)c4)o3)C=C2c2ccccc2)c1,52.43,74.85
COc1ccc(Nc2cc(N3CCNCC3)c3noc4c3c2C(=O)c2ccccc2-4)cc1,40.22,59.32
CCN1C(=O)C(=CC=C2Sc3cc(C)c(C)cc3N2CCO)SC1=S,15.85,18.81
O=C1C(=Cc2ccc(-c3ccc(Br)cc3)o2)C=C(c2ccccc2)N1c1cccnc1,44.26,64.48
CCOc1ccc2c(c1)/C(=C1/SC(C(C)=O)=C(c3ccccc3)S1)C(=S)C(C)(C)N2,23.78,26.44
N#C/C(=C/c1ccc(Sc2ccc(Cl)cc2)s1)c1ccc([N+](=O)[O-])cc1,40.67,55.51
Cc1cc(C)c(Nc2ccc(Nc3c(C)cc(C)cc3C)c3c2C(=O)c2ccccc2C3=O)c(C)c1,39.0,54.6
CCOc1ccc(NC(=O)c2ccc3c(c2O)C(=O)c2ccccc2C3=O)cc1,60.94,82.05
COCCN1C(=O)C(=Cc2ccc(-c3cccc(F)c3)o2)SC1=S,15.79,17.36
CN(C)c1ccc(C2=Nc3ncnn3/C2=N/Cc2ccccc2)cc1,22.95,43.54
CCOc1ccc(N2C(=O)/C(=C/c3ccc(-c4ccc([N+](=O)[O-])cc4OC)o3)C(=O)NC2=S)cc1,52.92,61.61
CN1C(=O)C(=Cc2ccc(-c3ccc(C(=O)O)cc3)o2)SC1=S,74.38,84.03
O=C(O)CN1C(=O)/C(=C\C=C\c2ccc([N+](=O)[O-])cc2)SC1=S,80.38,80.48
O=C(CCN1C(=O)/C(=C\C=C\c2ccccc2)SC1=S)N1CCN(c2ccccc2)CC1,14.86,15.42
CCOCCCN1C(=O)/C(=C\c2ccc(-c3ccccc3F)s2)NC1=S,13.68,14.29
CSCCC(C(=O)O)N1C(=O)/C(=C\C=C\c2ccco2)SC1=S,71.94,80.1
COc1ccc(N(CCC#N)C(=O)C(C#N)=Cc2ccc(-c3ccccc3[N+](=O)[O-])o2)cc1,28.45,35.11
CC1(C)CC(=O)C(=Cc2ccc(-c3ccc([N+](=O)[O-])cc3)o2)C(=O)C1,38.19,49.09
CCN1C(=O)C(=Cc2ccc(-c3ccccc3F)s2)SC1=S,20.56,26.52
COC1=C/C(=N/C#N)C(Br)=C/C1=N\C#N,31.65,37.89
O=C1C(=Cc2ccc(-c3ccc(Cl)cc3)o2)SC(=S)N1CCS(=O)(=O)O,47.31,63.03
Cc1cc2c(ccc3c2no[n+]3[O-])[nH]1,50.53,62.59
O=C1N=C(N2CCN(c3ccccc3)CC2)SC1=Cc1ccc(-c2cc(Cl)ccc2Cl)o1,35.12,47.87
O=C1[C]C(=C2c3ccccc3-c3ccccc32)C(=O)N1[C][C]N1[C][C]N(c2cccc(Cl)c2)[C][C]1,55.12,72.83
CCCC[n+]1c(/C=C2/C=CN(CC)c3ccc(C)cc32)ccc2ccccc21,23.03,34.36
CN(C)c1ccc(C(=O)Nc2cccc3c2C(=O)c2ccccc2C3=O)cc1,43.12,61.34
COC(=O)c1ccc(C(=O)Nc2ccc(-c3csc(N4CCOCC4)n3)cc2)cc1,30.93,37.82
COc1ccc(N2C(=O)C(=Cc3ccc(-c4ccccc4)o3)SC2=S)cc1,28.51,40.91
N#Cc1cc2c(cc1C#N)N1CCCc3c(Cl)ccc(c31)O2,38.39,56.74
CC(=O)c1c2c(n3c1ccc1ccccc13)C(=O)c1ccccc1C2=O,41.32,55.08
COC(=O)c1ccc(-c2ccc(C=C3SC(=S)N(C)C3=O)o2)cc1,26.56,26.91
COc1ccc(C)cc1/N=N/c1ccc(O)c2c1ccc[n+]2[O-],36.32,59.21
CCN1/C(=C/C2=C/C(=C/c3sc4cc(SC)c(OC)cc4[n+]3CC)CC(C)(C)C2)Sc2cc(SC)c(OC)cc21,23.73,29.19
CN(c1ccccc1)c1ccc(/C=C2/SC(=S)N(c3cccc(F)c3)C2=O)cc1,27.18,40.72
CC(C)(C)C1=CC(C2=C(C(C)(C)C)/C(=N/N)C(C(C)(C)C)=C2)=C(C(C)(C)C)/C1=N\N,47.09,72.01
CC(C)CN1C(=O)C(=CC2=Cc3ccccc3OC2)SC1=S,9.92,11.51
CCN1C(=O)/C(=C/C=C2\N(C)c3c(ccc4cccnc34)C2(C)C)SC1=S,12.56,9.37
COc1ccc(NC2NC(=O)/C(=C\C=C\c3ccco3)S2)cc1,29.24,41.84
CCN1C(=O)C(=Cc2ccc(-c3ccc(Cl)c(Cl)c3)o2)N(C)C1=S,33.11,42.84
CN1C(=Cc2ccc(N3CCOCC3)s2)C(=O)c2ccccc2S1(=O)=O,32.1,41.83
COc1ccc(/N=C2\C=C(N3CCN(c4cccc(C(F)(F)F)c4)CC3)c3noc4c3c2c(O)c2ccccc24)cc1,42.9,63.69
COc1ccc(Nc2cc(N3CCN(CCOc4ccc(Cl)cc4)CC3)c3noc4c3c2C(=O)c2ccccc2-4)cc1,38.91,53.52
O=C1N=C(N2CCN(c3cccc(Cl)c3)CC2)S/C1=C\c1ccc(-c2ccc(Cl)c(Cl)c2)o1,44.91,60.26
COc1ccc2c(c1OC)c(=O)n1c3ccccc3c3c(-c4ccc(N(C)C)cc4)cnc2c31,28.94,43.46
Cc1ccc(N2CCN(C3=NC(=O)/C(=C/c4ccc(-c5cc(Cl)ccc5Cl)o4)S3)CC2)cc1Cl,44.19,58.19
O=C1[N]c2ccc(S(=O)(=O)[N][C]3[C][C]3)cc2C1=C1[C][C][C][C]1,58.34,67.48
CCN1/C(=C/c2[se]c3ccc(OC)cc3[n+]2CC)C=Cc2cc(OC)ccc21,23.95,32.6
Cc1ccc(N2C(=O)NC(=O)/C(=C/C=C/c3ccc(N(C)C)cc3)C2=O)cc1,53.63,63.84
O=C1c2ccccc2C(=O)c2c1c(NCc1ccccc1)cc1sc3ccccc3c21,33.97,50.91
CN(C)c1cc(NCc2ccccc2)c2c3c(onc13)-c1ccccc1C2=O,18.82,28.9
O=C1N=C(N2CCN(c3ccccc3)CC2)S/C1=C\c1ccc(-c2ccc(Cl)cc2Cl)o1,37.1,50.48
CCOC(=O)C1CCCN(c2cc(NCc3ccco3)c3c4c(onc24)-c2ccccc2C3=O)C1,23.91,29.52
CC1=C(C#N)c2nc(N)c(C#N)c(C)c2C1=Cc1ccc(N2CCOCC2)cc1,47.24,65.48
O=C1C(=[C]c2cc3c4c(c2)[C][C][C]N4[C][C][C]3)C(=O)N(c2ccccc2)C(=S)N1c1ccccc1,46.23,61.79
COCCCNc1cc2c3c(c(Cl)cc4c3c1C(=O)C=C4Cl)C(=O)C=C2Cl,41.33,55.97
[C][C][C]N1c2ccccc2C(=C2SC(C(=O)O[C][C])=C(C(=O)O[C][C])S2)C(=S)C1([C])[C],37.87,41.51
Cc1ccc(C2=NC(=O)C(=CC=Cc3ccc([N+](=O)[O-])o3)S2)cc1,44.3,56.62
O=C1/C(=C\C=C\c2ccco2)SC(=S)N1c1ccc2ccccc2c1,22.56,35.34
CCN(CC)c1ccc(/N=C/c2cc([N+](=O)[O-])ccc2Cl)cc1,18.65,23.83
COc1ccc(-c2n[nH]cc2C=Cc2nc3cc([N+](=O)[O-])ccc3s2)cc1,39.07,49.6
CCc1ccc(Sc2c(N)c3c(c(N)c2Sc2ccc(CC)cc2)C(=O)c2ccccc2C3=O)cc1,47.85,69.44
CCOc1ccc(N2C(=O)C(=CC=Cc3ccccc3)SC2=S)cc1,20.34,26.71
CCn1c(=O)/c(=C/c2ccc([N+](=O)[O-])cc2)s/c1=C(\C#N)C(=O)C(C)(C)C,27.91,34.77
COC(=O)c1ccc2c(c1)C(=O)C(=Cc1ccc(-c3cccc([N+](=O)[O-])c3)o1)O2,44.69,54.52
CC1=C(C#N)c2nc(N)c(C#N)c(C)c2/C1=C\c1cccc([N+](=O)[O-])c1,52.01,73.99
Nc1ccc(/N=N/c2ncc(Br)cc2Br)c(N)c1,31.46,56.02
O=C1C(=Cc2ccc(-c3ccc([N+](=O)[O-])cc3)o2)SC(=S)N1c1cccc(C(F)(F)F)c1,54.28,71.9
CCN(CC)c1ccc(/C=C2\CC/C(=C\c3ccc(N(CC)CC)cc3)C2=O)cc1,17.91,25.86
CCn1cc(/C=C2/Oc3c(ccc([O-])c3C[NH+]3CCCCC3C)C2=O)c2cc(OC)ccc21,22.82,32.14
CC1=[N+](C)c2ccc3c(sc(C)[n+]3C)c2C1(C)C,12.04,13.54
O=C(O)c1cc(N2C(=O)/C(=C/c3ccc(-c4ccc([N+](=O)[O-])cc4)o3)C=C2c2ccccc2)ccc1Cl,67.31,91.5
CC(C)(C)c1cc(C2=N/C(=C/c3ccc([N+](=O)[O-])cc3)C(=O)O2)cc(C(C)(C)C)c1,46.7,65.67
O=C1C(=Cc2ccc([N+](=O)[O-])cc2)C=C(c2ccccc2)N1c1ccccc1O,51.39,71.49
O=C(C=Cc1ccc(-c2ccc([N+](=O)[O-])cc2)o1)c1ccco1,28.07,36.82
O=C1C(=Cc2cc(Br)ccc2OCc2ccccc2)C(=O)c2ccccc21,42.91,58.49
O=C(Nc1ccc2nc(N3CCCC3)sc2c1)c1cccc([N+](=O)[O-])c1,28.07,40.65
CCN(c1ccc(-c2csc(NC)n2)cc1)S(C)(=O)=O,32.04,60.11
CCN1/C(=c2/s/c(=C3\SC(=S)N(C4CCCCC4)C3=O)n(CC)c2=O)C=Cc2ccccc21,13.74,12.16
N#CC(=Cc1ccc([N+](=O)[O-])cc1)c1nc(-c2ccc(Oc3ccccc3)cc2)cs1,41.13,57.1
O=[N+]([O-])c1ccc(C=Cc2nc3cc([N+](=O)[O-])ccc3s2)cc1,34.9,45.12
COCC[NH+]1[CH-]Nc2c(c3nc4ccccc4nc3n2/N=C/c2ccc(OC)c(OC)c2)C1=O,44.36,57.39
O=c1[nH]c2cccc(-c3ccc(N4CCCCS4(=O)=O)cc3)c2[nH]1,61.34,71.05
O=C(C=Cc1ccc(-c2ccc(Cl)cc2)o1)c1cccc(N2CCOCC2)c1,35.75,48.25
CC(C)Nc1cc(N2CCCC2)c2noc3c2c1C(=O)c1ccccc1-3,18.34,26.5
O=C(/C=C/c1ccc(N(c2ccccc2)c2ccccc2)cc1)c1cc2ccccc2o1,29.25,47.23
CC1(C)Nc2ccccc2C2=C1SSC2=C(C(N)=O)C(N)=O,43.79,54.57
O=C1c2ccccc2-c2onc3c(N4CCOCC4)cc(NC4CCCCC4)c1c23,20.39,31.72
CCN(CC)c1ccc(-n2c(N)c(C(=O)NCc3ccccc3Cl)c3nc4ccccc4nc32)cc1,26.77,42.56
CC1=C(C#N)c2nc(N)c(C#N)c(C)c2/C1=C/c1cc([N+](=O)[O-])ccc1Cl,51.73,73.61
O=C(Nc1ccc(NC(=O)c2ccccc2)c2c1C(=O)c1ccccc1C2=O)c1ccccc1,52.25,75.11
CN(C)c1ccc(/C=C/c2cc(C(C)(C)C)[o+]c(C(C)(C)C)c2)cc1,39.11,59.12
CC1=[N+](CCCCS(=O)(=O)[O-])c2ccc3ccccc3c2C1(C)C,11.27,18.84
O=C1NC(=S)N/C1=C\c1ccc(-c2ccc(S(=O)(=O)Nc3nccs3)cc2)o1,58.52,67.5
O=c1ccc2nc3ccc([N+](=O)[O-])cc3oc-2c1,37.58,52.03
CN1C(=O)C(=Cc2ccc(-c3cccc(C(F)(F)F)c3)o2)SC1=S,45.12,59.57
CN(C)c1ccc(/C=C(/C#N)c2ccc([N+](=O)[O-])cc2)c2ccccc12,24.86,32.58
CN(C)C1=CC=C(/C=C(C#N)\C2=CC=C([N+]([O-])=O)C=C2)C3=CC=CC=C31,24.86,32.58
O=[N+]([O-])c1ccc(-c2cs/c(=N\c3ccc(F)cc3)n2N=C2[C][C][C][C][C][C][C]2)cc1,45.32,64.62
O=c1/c(=C/C=C/c2ccccc2)sc2n1CN(c1ccc3c(c1)OCO3)CN=2,22.15,34.14
Cc1ccc(N2C(=O)/C(=C/c3ccc(-c4cccc(C(F)(F)F)c4)o3)N(C)C2=S)cc1C,46.06,61.6
CCOc1ccc(C=CC2=[N+](C)c3ccc(C(=O)OC)cc3C2(C)C)cc1,21.06,24.28
CC1CC(C)CN(CCNc2cc(N(C)C)c3noc4c3c2C(=O)c2ccccc2-4)C1,14.92,23.68
CCN1C(=O)C(=Cc2ccc(-c3ccc(I)cc3)o2)SC1=S,31.78,42.35
CN1C(=O)C(=Cc2ccc(-c3ccc(Br)cc3)o2)SC1=S,34.61,44.25
N#CC(C#N)=C1[C]=C([C-](C#N)C#N)c2ccccc21,28.06,36.82
CCCCC(CC)CN1C(=O)/C(=C\c2ccc(-c3cccc(Br)c3)o2)SC1=S,25.85,33.55
CN1C(=O)/C(=C\c2cc(/N=N/c3ccccc3)ccc2O)SC1=S,53.77,67.51
COc1ccc(OC)c(/C=C2\Oc3c(ccc([O-])c3C[NH+]3CCCCC3)C2=O)c1,35.09,49.46
O=[N+]([O-])c1ccc(C2=NNC(c3cccnc3)=Nc3c2ccc2ccccc32)cc1,41.53,57.56
CN(C)c1ccc(-c2nc3ccccn3c2/N=C/c2ccc(Cl)c([N+](=O)[O-])c2)cc1,30.63,44.15
CC1(C)SC(=S)N(/N=C/C=C/c2ccc([N+](=O)[O-])o2)C1N(O)C(=O)NC1CCCCC1,63.74,71.72
CCCCC(CC)CN1C(=O)C(=Cc2ccc(-c3cccc(Cl)c3Cl)o2)SC1=S,25.4,33.28
CN1/C(=C/C=C2/C(=O)CS2(=O)=O)C(C)(C)c2ccccc21,28.85,47.23
O=S(=O)(c1ccc2nc(NC3CCCCC3)cnc2c1)N1CCCCC1,14.36,34.35
C[n+]1c(/C=C/C=C/Nc2ccccc2)sc2ccccc21,14.15,30.63
O=C1C(=Cc2ccc(-c3ccc(Br)cc3)o2)C=C(c2ccccc2)N1c1ccc(Cl)cc1,52.89,75.68
C(\Nc1ccccc1)=C1\CC/C(=C\Nc2ccccc2)C1=[N+](c1ccccc1)c1ccccc1,24.17,41.86
CCOc1ccc(N(CC)c2ccc(/C=C3\SC(=S)N(C)C3=O)cc2)cc1,20.57,25.81
O=C1NC(=S)SC1=Cc1ccc(-c2ccc([N+](=O)[O-])cc2)o1,56.41,62.92
CN(c1ccc([N+](=O)[O-])cc1/C=N/c1ccc2c(c1)oc1ccccc12)C1CCCCC1,21.38,32.3
CCN1C(=O)/C(=C\c2cc(C)n(C3CCCC3)c2C)c2cc(S(=O)(=O)N3CCOCC3)ccc21,17.68,18.43
CC(C)C(C(=O)O)N1C(=O)C(=CC=Cc2ccco2)SC1=S,76.55,83.57
COc1ccc(-c2cc(C(F)(F)F)c3c(N)c(C(=O)N4c5ccccc5Sc5ccccc54)sc3n2)cc1,52.1,75.98
CN(C)c1ccc(-c2nc3ccccn3c2N=Cc2cc([N+](=O)[O-])c(Cl)cc2Cl)cc1,35.17,48.41
[Na+].Cc1ccc(Nc2ccc(O)c3C(=O)c4ccccc4C(=O)c23)c(c1)S([O-])(=O)=O,65.62,82.55
NS(=O)(=O)c1ccc(-c2ccc(C=C3Sc4ccccc4C3=O)o2)cc1,45.03,65.99
CC(C)CNc1cc(NC(C)C)c2c3c(onc13)-c1ccccc1C2=O,16.06,20.98
O=[N+]([O-])c1ccc(O)c(/C=N/c2cc(C(F)(F)F)ccc2N2CCOCC2)c1,55.23,68.16
COCCNc1cc(NCc2ccco2)c2noc3c2c1C(=O)c1ccccc1-3,13.96,19.48
CN(C)CCCNc1cc(N(C)C)c(N)c2c1C(=O)c1ccccc1C2=O,40.44,67.18
Cc1ccc(Nc2ccc([O-])c3c2C(=O)c2ccccc2C3=O)c(S(=O)(=O)O)c1,64.37,83.9
CCn1cc(/C=C2/Oc3c(ccc([O-])c3C[NH+]3CCCC(C)C3)C2=O)c2cc(OC)ccc21,25.95,37.97
CCC(C(=O)O)N1C(=O)C(=CC=Cc2ccco2)SC1=S,76.1,81.27
O=C(C=Cc1ccc(-c2ccccc2F)o1)c1ccc(N2CCOCC2)cc1,29.82,41.05
[C][C]N1C(=O)C(=[C]c2ccc(N3[C][C]O[C][C]3)cc2O[C])C(=O)N([C][C])C1=S,53.04,51.71
CC[n+]1c(/C=C/c2ccc(N(C)C)s2)sc2ccccc21,12.64,19.12
CCc1nnc(S)n1N=Cc1ccc(-c2ccc([N+](=O)[O-])cc2)o1,59.02,73.46
COc1ccc(/C=C2\C=C(c3ccccc3)N(c3ccc(Sc4ccc([N+](=O)[O-])cc4)cc3)C2=O)cc1,43.81,60.63
COCCCNc1cccc2c1C(=O)c1ccccc1C2=O,17.38,25.92
COc1cc(/C(C)=C/C(C)=C/c2ccc([N+](=O)[O-])cc2)oc(=O)c1C,32.29,38.89
O=C1c2ccccc2C(=O)c2c(/N=N/N3CCOCC3)cccc21,60.38,72.28
COCC[NH+]1[CH-]Nc2c(c3nc4ccccc4nc3n2/N=C/c2ccc(C(C)(C)C)cc2)C1=O,38.08,46.88
CCOC(=O)C1=C(Nc2ccc(OC)cc2)S/C(=C\c2ccc([N+](=O)[O-])cc2)C1=O,35.48,42.18
Cc1ccc(N2CN=c3s/c(=C\C=C\c4ccccc4)c(=O)n3C2)cc1Cl,34.39,47.33
O=C(O)CN1C(=O)C(=Cc2ccc(-c3ccc([N+](=O)[O-])cc3)s2)SC1=S,76.35,82.76
O=C1/C(=C/C=C/c2ccco2)SC(=S)N1c1ccc(Br)cc1,31.23,43.02
CCN(CCC#N)c1ccc(C(C#N)=C(C#N)C#N)cc1,18.31,27.62
CCN1C(=O)C(=Cc2ccc(-c3ccccc3F)o2)SC1=S,21.36,28.7
"[O-][N+](=O)C1=CC=C(\C=C\C2=NC3=C(C(=O)C4=CC=CC=C34)C(C3=CC4=C(OCO4)C=C3)=C2C#N)C=C1 |c:17,32,34,39,t:3,5,9,11,15,19,24,26|",57.43,79.29
[O-][n+]1c2c([n+]([O-])c3ccccc31)CCCC2,20.07,29.79
CC(C)C(=O)Sc1[s+]sc2c1-c1ccccc1NC2(C)C,11.7,13.39
Cc1c(-c2ccc(C=C3Sc4ccccc4C3=O)o2)ccc([N+](=O)[O-])c1C,41.15,53.5
O=C1C(=CC=Cc2ccco2)SC(=S)N1c1ccccc1F,18.77,26.76
CCSC1=N/C(=C\c2ccc(-c3ccc([N+](=O)[O-])cc3C)o2)C(=O)S1,38.59,47.59
CN(C)CCNc1ccc(NCCN(C)C)c2c1C(=O)c1ccccc1C2=O,45.4,73.92
CCN1C=CC(=CC=C2C=CC(=O)C=C2)C=C1,52.57,78.21
O=C1[C]C(=C2c3ccccc3-c3ccccc32)C(=O)N1[C][C][C][C]N1[C][C]N(c2cccc(C(F)(F)F)c2)[C][C]1,57.53,76.69
COc1ccc(Nc2cc(NCCC3=CCCCC3)c3noc4c3c2C(=O)c2ccccc2-4)cc1,27.42,39.9
CCCCCCCCCCCC/[NH+]=c1/ccc2c(cc1[O-])[C@@H](NC(C)=O)CCc1cc(OC)c(OC)c(OC)c1-2,20.28,28.53
CCN1C(=O)C(=Cc2ccc(-c3ccc(C(=O)OC(C)C)cc3)o2)C(=O)N(CC)C1=S,24.91,29.48
CN(CCCC(=O)Oc1ccc(-c2ccc(CCC(=O)O)cc2)cc1)c1ccc(/N=N/c2ccc([N+](=O)[O-])cc2)cc1,47.92,63.4
Cc1ccc(-c2ccc(C=C3SC(N4CCN(c5ccc(C)c(Cl)c5)CC4)=NC3=O)o2)cc1,29.16,38.96
CCN1C(=O)C(=Cc2ccc(-c3ccccc3F)o2)C(=O)N(CC)C1=S,24.46,29.44
CN1C(=O)/C(=C\c2ccc(-c3ccc([N+](=O)[O-])cc3Br)o2)SC1=S,43.05,49.58
CCN1C(=O)/C(=C\c2ccc(-c3ccc(C(=O)O)cc3)o2)N(CC)C1=S,68.56,80.49
O=C1c2ccccc2C2=Nc3cccc4cccc(c34)N12,24.76,45.21
COc1ccc2c(ccc(/C=C/c3ccc(N(C)C)cc3)[n+]2C)c1,20.91,35.77
CC[NH+](CC)Cc1c([O-])ccc2c1O/C(=C\c1ccc(OC)c(OC)c1OC)C2=O,26.24,34.22
CCN1C(c2ccccc2)=C(c2ccccc2)S/C1=C\C=c1\s/c(=C\c2sc(-c3ccccc3)c(-c3ccccc3)[n+]2CCCS(=O)(=O)[O-])n(CC)c1=O,46.81,63.0
N#CC(=[C]C1=C(c2ccccc2)C(=[C][C-](C#N)C#N)[C][C][C]1)C#N,28.47,35.03
[O-]S(C(C=C1)=CC=C1/N=N/C(C(O)=C2)=CC=C2O)(=O)=O.[Na+],76.1,84.72
Cc1ccc(Nc2cc(N3CCN(C)CC3)c(N)c3c2C(=O)c2ccccc2C3=O)cc1,46.41,69.61
CC[NH+](CC)Cc1c([O-])ccc2c1O/C(=C\c1cccnc1)C2=O,24.79,37.83
CC(C)CN1C(=O)C(=Cc2ccc(-c3ccc(S(N)(=O)=O)cc3)o2)SC1=S,27.09,34.75
CCOc1ccc(Nc2cc(N3CCN(c4ccc(OC)cc4)CC3)c3noc4c3c2C(=O)c2ccccc2-4)cc1,34.25,48.32
COC(=O)c1ccc2c(ccc(/C=C/c3ccc(N(C)C)cc3)[n+]2C)c1,21.08,25.8
O=C1c2ccccc2-c2onc3c(NCc4ccccc4)cc(NCc4ccco4)c1c23,20.87,33.75
COc1cc([N+](=O)[O-])cc2c1OC1(C=C2)N(C)c2ccc3ccccc3c2C1(C)C,19.98,24.74
CCOc1ccc2c(c1)C(=c1sc3n(c1=O)CN(c1cccc(C(F)(F)F)c1)CN=3)C(=O)N2,51.49,63.43
CN(C)c1ccc(/C=C(\C#N)c2nc(-c3ccc(F)cc3)cs2)cc1,33.09,46.88
COc1ccc(Nc2cc(N3CCC(=O)CC3)c3noc4c3c2C(=O)c2ccccc2-4)cc1,36.16,51.47
CSc1[s+]sc2c1-c1ccc(C)cc1NC2(C)C,15.92,24.02
O=C1/C(=C/C=C/c2ccco2)SC(=S)N1c1cccc(Cl)c1,28.94,40.92
Oc1c(-c2cccc(Cl)c2)c2nc3ccccc3nc2c2ccccc12,37.08,65.41
O=C1c2ccccc2-c2c(NC3CCCCC3)c(=O)[nH]c3cccc1c23,28.66,45.99
[C]C1([C])[N]c2ccccc2C2=C1SC(=C(C([N])=O)C([N])=O)C2=S,40.46,42.88
CCN1C(=O)C(=Cc2cc(C)n(-c3ccc([N+](=O)[O-])cc3)c2C)c2cc(S(=O)(=O)N3CCOCC3)ccc21,32.78,31.9
CC1=C(C#N)c2nc(N)c(C#N)c(C)c2C1=Cc1ccc(N(C)C)c(Br)c1,41.99,60.65
O=C1[C]N(c2ccc([C][N]C(=O)[C]=C([C]3[C][C]3)[C]3[C][C]3)cc2)[C][C][N]1,45.54,49.08
CCC(/C=C1\Sc2ccc(OC)cc2N1CCO)=C\c1[se]c2ccc(OC)cc2[n+]1CC,24.87,29.87
CN(c1ccccc1)c1ccc(/C=C2\C(=O)ON=C2c2ccccc2)cc1,29.84,46.1
O=C1C(=Cc2ccc(-c3ccc(Br)cc3)o2)C=C(c2ccccc2)N1c1cccc(I)c1,53.62,77.14
O=C1OC(c2ccccc2)=N/C1=C/c1ccc(-c2c(Br)cc([N+](=O)[O-])cc2Br)o1,54.64,70.97
O=[N+]([O-])c1ccc2c(/C=N/c3cccc4nsnc34)c(O)ccc2c1,36.12,57.93
O=[N+]([O-])c1ccc(C2=NNC(c3ccc(Br)cc3)=Nc3c2ccc2ccccc32)cc1,50.23,68.34
CCC(/C=C1\Sc2ccc(C(=O)OC)cc2N1CC)=C\c1sc2ccc(C(=O)OC)cc2[n+]1CC,27.59,30.75
N#C/C(=C/c1ccc(N2CCCCCC2)o1)c1cccc(F)c1,20.2,30.73
CCNc1cc(N2CCN(CCO)CC2)c(N)c2c1C(=O)c1ccccc1C2=O,55.63,74.07
O=C1NC(=S)SC1=Cc1ccc(-c2ccc([N+](=O)[O-])cc2Br)o1,51.69,57.7
O=C1c2ccccc2C(=O)c2c1cc(N1CCCC1)cc2N1CCCCC1,18.81,31.87
COc1ccc(N2CCN(c3cc(Nc4ccc(N(C)C)cc4)c4c5c(onc35)-c3ccccc3C4=O)CC2)cc1,29.96,42.26
CC1=C(C#N)c2nc(N)c(C#N)c(C)c2/C1=C/c1ccc(Sc2nc3ccccc3[nH]2)o1,47.95,71.62
COc1ccccc1N1C(=O)/C(=C\C=C\c2ccco2)SC1=S,17.04,22.82
CC1N(C)c2ccc(C=C(C#N)C(=O)C(C)(C)C)cc2C1(C)C,17.12,24.95
O=C1OC(c2ccc(Br)cc2)=CC1=Cc1ccc(-c2ccc([N+](=O)[O-])cc2Cl)o1,56.54,75.3
O=C1/C(=C/c2ccc(-c3ccc([N+](=O)[O-])cc3)o2)SC(=S)N1CC1CCCO1,42.29,49.97
C=CC1Oc2ccc([N+](=O)[O-])cc2NC12C=C(C(C)(C)C)C(=O)C(C(C)(C)C)=C2,39.68,57.46
CN(C)c1ccc2c(-c3ccc(C(=O)[O-])cc3C(=O)O)c3ccc(=[N+](C)C)cc-3oc2c1,64.19,82.63
O=C1/C(=C/c2ccc([N+](=O)[O-])cc2)C=C(c2ccccc2)N1c1ccc(Br)cc1,47.66,65.0
CC1=C(C#N)C(=O)N(C)C(=O)C1=Cc1ccc(-c2ccc([N+](=O)[O-])cc2)o1,53.91,64.31
Cc1ccc(-n2nnc3c4c(c(NC5CCCCC5)cc32)C(=O)c2ccccc2C4=O)cc1,34.93,48.42
Oc1c(-c2ccc(F)cc2)c2nc3cc4ccccc4cc3nc2c2ccccc12,38.39,67.11
O=C1c2ccccc2-c2onc3c(N4CCC5(CC4)OCCO5)cc(N4CCc5ccccc54)c1c23,24.82,33.53
CC(C)(C)c1ccc(Sc2cc3c(c(N4CCCCC4)c2)C(=O)c2ccccc2C3=O)cc1,34.43,49.43
CCCn1c(=O)/c(=C2/C=Cc3ccccc3N2CC)s/c1=C1/SC(=S)N(c2ccc(C)cc2)C1=O,20.17,22.56
CCN1C(=O)/C(=C/c2ccc(-c3ccc(Cl)c(Cl)c3)o2)N(C)C1=S,35.49,45.87
Oc1c2c3c(noc3c3ccccc13)C(N1CCCC1)=CC2=Nc1ccccc1,24.18,44.28
CN1/C(=C/C=C/C=C/C=C/c2ccccc2)C(C)(C)c2ccccc21,16.89,27.04
CCN1/C(=C\C=C2/SC(=S)N(C)C2=O)Sc2ccc(-c3ccccc3)cc21,19.85,24.69
CC(C)C1Cc2c(c(N3CCOCC3)nc3sc(-c4ccc([N+](=O)[O-])cc4)c(N)c23)CO1,28.39,35.09
O=C1OC(c2ccccc2)=NC1=Cc1ccc(-c2c(Br)cc([N+](=O)[O-])cc2Br)o1,54.08,70.01
CN1C(=O)C(=Cc2ccc(-c3cccc4ccccc34)o2)SC1=S,22.98,33.72
CC(C)c1ccc(N2C(=O)/C(=C\c3cc4c5c(c3)CCCN5CCC4)C(=O)NC2=S)cc1,22.01,27.43
O=C1/C(=C/c2ccc(-c3ccc([N+](=O)[O-])cc3)o2)SC(=S)N1N1CCOCC1,50.55,49.95
CC1=C(C#N)c2nc(N)c(C#N)c(C)c2/C1=C\c1ccco1,49.59,75.93
O=C1C(=CC2=Cc3ccccc3OC2)C(=O)c2ccccc21,34.76,51.45
CCN(CC)c1ccc(NC(=O)/C=C/c2cccc([N+](=O)[O-])c2)cc1,22.36,32.37
O=C1N=C(N2CCN(c3ccccc3)CC2)S/C1=C/c1ccc(-c2cccc([N+](=O)[O-])c2)o1,35.28,43.6
O=C(O)c1cccc(-c2ccc(C=C3SC(=S)N(Cc4ccccc4)C3=O)o2)c1,63.78,81.72
Cc1ccc(-c2ccc(/C=C3\SC(N4CCN(c5ccc(Cl)cc5)CC4)=NC3=O)o2)cc1,32.65,45.14
CCN1C(=O)/C(=C/c2ccc(-c3ccc(Cl)cc3)o2)N(CC)C1=S,25.18,32.45
CCN(CC)c1ccc(/C=C2/C(=O)N(c3ccc([N+](=O)[O-])cc3)N=C2c2ccccc2)cc1,30.34,38.86
[C][C][C]N([C][C][C])S(=O)(=O)c1ccc2c(c1)C(=C1[C][C][C][C]1)C(=O)[N]2,47.29,53.46
CCN1/C(=C/C2=C/C(=C\c3sc4cc(SC)c(OC)cc4[n+]3CC)CC(C)(C)C2)Sc2cc(SC)c(OC)cc21,25.55,31.72
O=C1C(=Cc2ccc(-c3cccc([N+](=O)[O-])c3)o2)SC(=S)N1CC1CCCO1,38.18,44.41
[C](/[C]=[C]/c1cc(-c2ccccc2)[o+]c2ccccc12)=C1c2ccccc2Oc2ccccc21,51.07,74.91
COc1ccc(C2=CC(=Cc3ccc([N+](=O)[O-])cc3)C(=O)O2)cc1,44.19,58.41
CS(=O)(=O)N(CCC#N)Cc1ccc(C=C2C(=O)N(c3ccccc3)c3ccccc32)o1,20.72,24.69
O=C(O)c1cccc(N2C(=O)/C(=C/c3ccc(-c4ccc(Br)cc4)o3)C=C2c2ccccc2)c1,62.55,89.24
CCN(CC)S(=O)(=O)c1ccc(-c2ccc(C=C3C(=O)Nc4ccccc43)o2)cc1,29.17,37.7
O=C1/C(=C/c2ccco2)Oc2c1ccc([O-])c2C[NH+]1CCCCCC1,27.88,45.79
O=C1C(=Cc2ccc(-c3ccc(F)cc3)o2)C(=O)c2ccccc21,51.78,75.25
O=C1c2ccccc2C(=O)c2c(NC3CCCCC3)ccc(N/N=N/c3ccccc3)c21,40.04,58.86
CC1=C(C#N)c2nc(N)c(C#N)c(C)c2/C1=C\c1ccc([N+](=O)[O-])cc1,53.01,75.61
O=C1[N]c2ccc(S(=O)O[N][C]3[C][C]3)cc2C1=C1[C][C][C][C]1,57.47,64.94
CCOC(=O)C1CCCN(c2cc(NCc3ccccc3)c3c4c(onc24)-c2ccccc2C3=O)C1,23.99,30.28
CCN(CC)c1ccc(N2C(=O)/C(=C/c3ccc(C(=O)OC)cc3)SC2=S)cc1,22.12,24.94
CCOc1ccc(/N=C2\NC(=O)/C(=C/c3ccc(N4CCCC4)o3)S2)cc1,24.85,33.55
CCC(/C=C1\Sc2ccc(C(=O)OC)cc2N1C)=C\c1sc2ccc(C(=O)OC)cc2[n+]1C,27.55,28.5
O=C(O)CC(C(=O)O)N1C(=O)C(=CC=Cc2ccco2)SC1=S,85.16,83.21
CCn1cc(/C=C2/Oc3c(ccc([O-])c3C[NH+]3CCCCC3)C2=O)c2ccccc21,25.76,42.21
CCC(=C\c1sc2ccc3sccc3c2[n+]1CCCS(=O)(=O)[O-])/C=C1/Sc2ccc3ccccc3c2N1CCCS(=O)(=O)O,26.76,34.43
CC1Oc2ccccc2C=C1/C=C1\Oc2c(ccc([O-])c2C[NH+](C)C)C1=O,27.57,38.41
CCn1cc(/C=C2/Oc3c(ccc([O-])c3C[NH+]3CCOCC3)C2=O)c2cc(OC)ccc21,35.41,49.92
CCc1ccc(N2C(=O)NC(=O)/C(=C/c3ccc(N4CCCCC4)o3)C2=O)cc1,42.91,51.73
CCN(CC)c1ccc(/N=C\c2ccccc2[N+](=O)[O-])cc1,13.86,21.09
CCN(CC)c1ccc(/N=C/c2ccc(Sc3nc4ccc([N+](=O)[O-])cc4s3)o2)cc1,21.71,29.88
CCOc1ccc(N2C(=O)C(=Cc3ccc(-c4ccc([N+](=O)[O-])cc4)o3)C(=O)N=C2S)cc1,59.64,75.86
O=C(O)c1cccc(N2N=C(C(F)(F)F)C(=Cc3ccc(-c4ccc(S(=O)(=O)Nc5nccs5)cc4)o3)C2=O)c1,70.49,88.48
[C]OC(=O)C1=C(C(=O)O[C])SC(=C2C(=S)C([C])([C])N(C(=O)[C][C][C]3[C][C][C][C][C]3)c3ccc([C])cc32)S1,46.0,50.02
CCN1C=CC=C/C1=C(/C#N)c1nc(-c2cccc([N+](=O)[O-])c2)cs1,26.1,30.99
COCCN1C(=O)C(=Cc2ccc(-c3ccc(Cl)cc3Cl)o2)SC1=S,28.89,34.65
CC1CCC[NH+](Cc2c([O-])ccc3c2O/C(=C\c2c[nH]c4ccccc24)C3=O)C1,31.31,46.74
COc1ccc(OC)c(C2=CC(=Cc3ccc([N+](=O)[O-])cc3)C(=O)O2)c1,43.06,54.55
COC(=O)/C(=C\C=C\C=C\N(C)C)C(C)=O,19.26,22.02
COCC[NH+]1[CH-]Nc2c(c3nc4ccccc4nc3n2/N=C/c2ccccn2)C1=O,54.79,70.06
CCCN1C(=O)C(=c2sc(=C3C=Cc4ccccc4N3CC)c(=O)n2CC)SC1=S,13.32,11.58
N#CC1=C(c2ccccc2)C(=Cc2ccc(-c3cccc([N+](=O)[O-])c3)o2)C(=O)N(C2CCS(=O)(=O)C2)C1=O,55.97,68.04
COc1ccc(-c2nc(/N=C/c3cccc(OC)c3O)sc2-c2ccc([N+](=O)[O-])cc2)cc1,51.53,71.5
Cc1cc([N+](=O)[O-])ccc1-c1ccc(C=Nc2sc3c(c2C(=O)NC2CCCCC2)CCCC3)o1,26.97,37.62
CCN1C=CC=C/C1=C(/C#N)c1nc(-c2ccc(Cl)cc2)cs1,27.16,34.15
CCCn1c(=C2SC(=S)N(c3ccc(C)cc3)C2=O)sc(=C2C=Cc3ccccc3N2CC)c1=O,19.29,21.01
O=C1C(=Cc2ccc(-c3ccc([N+](=O)[O-])cc3)o2)SC(=S)N1c1cccc(F)c1,47.13,61.54
Cc1cccc(N2C(=O)/C(=C/C=C/c3ccco3)SC2=S)c1,19.54,27.54
CCN1C(c2ccccc2)=C(c2ccccc2)S/C1=C/C=c1\s/c(=C2\SC(=S)N(c3ccccc3)C2=O)n(CC)c1=O,28.27,36.57
CC(C)CC(=O)N1c2ccc([N+](=O)[O-])cc2-c2c(ssc2=S)C1(C)C,14.5,15.86
O=[N+]([O-])c1cccc(-c2ccc(C=Cc3nc4ccccc4o3)o2)c1,32.43,51.2
Cc1ccc(S(=O)(=O)c2c(N)n(/N=C/c3ccc(N(C)C)cc3)c3nc4ccccc4nc23)cc1C,24.78,38.23
CN(C)c1ccc(/C=C(\C#N)c2nc(-c3ccc(Cl)c(Cl)c3)cs2)cc1,42.55,58.16
C(=C/c1cc(-c2ccccc2)cc(-c2ccccc2)[o+]1)\c1ccc(N2N=C(c3ccccc3)CC2c2ccccc2)cc1,43.17,65.73
O=[N+]([O-])c1ccc(Cl)c(-c2ccc(C=NN(c3ccccc3)c3ccccc3)o2)c1,38.24,56.26
Cc1ccc(-c2ccc(C=C3C=C(c4ccccc4)N(c4ccc(C(=O)O)cc4)C3=O)o2)cc1,61.84,88.3
COc1ccc(C(=O)O/N=C2/c3ccccc3-c3nc4ccccc4nc32)cc1,34.48,50.51
CCOC(=O)C1CCCN(c2cc(Nc3cccc(OC)c3)c3c4c(onc24)-c2ccccc2C3=O)C1,35.08,45.21
CCN(CC)c1ccc(/C=C2\S/C(=N/c3ccc(C)cc3C)NC2=O)o1,20.22,27.01
CN1C(=O)C(=Cc2ccc(-c3ccccc3)o2)SC1=S,16.93,23.58
Cc1cc([O-])c(C[NH+]2CCCCC2)c2c1C(=O)/C(=C/c1ccco1)O2,27.48,41.93
CC1=C(C#N)c2nc(N)c(C#N)c(C)c2/C1=C/c1ccc(-c2ccc(C)cc2Br)o1,58.82,84.51
CC(=O)N(/C=C/C=C1\Oc2ccccc2C1=O)c1ccccc1,24.06,35.61
COc1ccc(-c2ccc(/C=C3/SC(=S)N(C)C3=O)o2)cc1Cl,34.22,43.5
CN(C)c1ccc(C=Nn2c(N)c(C(=O)NCCC3=CCCCC3)c3nc4ccccc4nc32)cc1,22.62,38.97
O=C(CCN1C(=O)C(=CC=Cc2ccccc2)SC1=S)N1CCOCC1,43.16,57.7
CC(C)Nc1cc(N2CCC(=O)CC2)c2noc3c2c1C(=O)c1ccccc1-3,24.2,32.85
CC(/C=C1\COC(c2oc(O)c(C)c(=O)c2C)C1)=C\c1ccc([N+](=O)[O-])cc1,52.04,64.05
O=C(O)CCCN1C(=O)/C(=C\C=C\c2ccco2)SC1=S,75.08,79.39
CCN1C(=O)C(=C2C=Cc3cc(C)ccc3N2CC)SC1=NCc1ccccc1,12.42,12.86
CCN1C(=O)/C(=C/C=C2\N(CC)c3ccc(-c4ccccc4)cc3C2(C)C)SC1=S,17.04,20.18
CC1=C(C#N)c2nc(N)c(C#N)c(C)c2C1=Cc1cn(C)c2ccccc12,43.37,64.03
O=C1C(=CC=Cc2ccco2)SC(=S)N1c1ccc(Cl)c(Cl)c1,36.37,49.56
Nc1c(C(=O)c2ccc(Cl)cc2)sc2nc3c(cc12)N1CCC3CC1,27.98,43.52
"NC1=C(SC2=NC3=C(C=C12)N1CCC3CC1)C(=O)C1=CC=C(Cl)C=C1 |c:6,27,t:1,4,8,22,24|",27.98,43.52
CCCCc1ccc(C(=O)Nc2ccc(NC(=O)c3ccc(CCCC)cc3)c3c2C(=O)c2ccccc2C3=O)cc1,41.07,57.45
CC1(C)Cc2c(c(N3CCOCC3)nc3sc(-c4ccc([N+](=O)[O-])cc4)c(N)c23)CO1,30.56,36.92
COCCNc1cc(N(CCO)Cc2ccccc2)c2noc3c2c1C(=O)c1ccccc1-3,15.36,18.51
Cc1cccc(N2C(=O)C(=Cc3ccc(-c4ccc(Cl)c(Cl)c4)o3)C=C2c2ccccc2)c1,49.51,71.13
Cc1ccc(C/N=C2\C(c3ccc(N(C)C)cc3)=Nc3ncnn32)cc1,23.83,41.42
CC[NH+](CC)Cc1c([O-])ccc2c1O/C(=C\c1ccccc1C)C2=O,19.38,25.14
C=CC[NH+]1[CH-]Nc2c(c3nc4ccccc4nc3n2/N=C/c2ccc(OC)c(OC)c2)C1=O,50.51,69.04
CC1=C(C#N)c2nc(N)c(C#N)c(C)c2C1=Cc1cccs1,42.51,65.55
Cc1ccc(/C=C2\Oc3c(ccc([O-])c3C[NH+]3CCCC3)C2=O)o1,35.27,52.57
O=C1/C(=C/C=C/c2ccc([N+](=O)[O-])cc2)SC(=S)N1c1cccc(Cl)c1,41.36,54.23
CN1C(=O)C(=Cc2ccc(-c3ccc(Cl)cc3)o2)SC1=S,32.53,43.91
COc1cc(N2CCCC2)c(OC)cc1/C=C(\C#N)c1ccc([N+](=O)[O-])cc1,27.15,33.41
CCN1C(=O)C(=Cc2ccc(-c3cccc(C(F)(F)F)c3)o2)SC1=S,42.01,55.77
CCOc1ccc(/N=C2\NC(=O)/C(=C\c3ccc(-c4ccc([N+](=O)[O-])cc4Br)o3)S2)cc1,51.49,66.04
Cc1ccc(N2C(=O)C(=Cc3ccc(N4CCOCC4)o3)C(=O)N(C)C2=S)cc1,40.56,46.6
Cc1ccc(Nc2cc([Se]c3ccccc3)c(N)c3c2C(=O)c2ccccc2C3=O)cc1,48.65,74.3
CCOC(=O)c1ccc(-c2ccc(/C=C3\C=C(c4ccccc4)N(c4ccccc4OC)C3=O)o2)cc1,43.38,57.82
N#Cc1ccc(-c2ccc(/C=C3\S/C(=N\C4CCCCC4)N(C4CCCCC4)C3=O)o2)cc1,28.66,42.44
COc1ccc(/C=C/c2cc(-c3ccccc3)[s+]c(-c3ccccc3)c2)cc1,53.01,77.25
COCC[NH+]1[CH-]Nc2c(c3nc4ccccc4nc3n2/N=C/c2cccc(C)c2)C1=O,41.47,54.47
N#C/C(=C\c1ccc(N2CCCCC2)cc1)c1nc(-c2ccc(Cl)cc2)cs1,40.75,56.78
O=[N+]([O-])c1ccc(/C=C/c2nc3c(ccc4ccccc43)s2)cc1,32.42,49.28
CCN1C(=O)C(=Cc2ccc(-c3ccc(F)cc3)o2)SC1=S,25.67,35.28
Cc1cc2nc3ccc(=[N+](C)C)cc-3sc2cc1N,21.1,37.33
CCN(CC)c1cc2oc3cc(=[NH2+])cc(N)c-3nc2cc1C,19.66,41.7
CC1C/C(=C\c2ccc(-c3ccc(S(=O)(=O)N4CCOCC4)cc3)o2)c2nc3ccccc3c(C(=O)O)c2C1,56.09,71.62
O=C(O)CCN1C(=O)C(=Cc2ccc(-c3ccc([N+](=O)[O-])cc3)o2)SC1=S,75.65,81.36
"[O-][N+](=O)C1=CC=C(\C=C\C2=NC3=CC=C(OC(F)(F)F)C=C3C3=C2CCS3)C=C1 |c:20,23,30,t:3,5,9,11,13|",47.68,66.4
CCCCC(CC)CN1C(=O)/C(=C/c2ccc(-c3cccc([N+](=O)[O-])c3)o2)SC1=S,21.4,26.98
N#CC(=[C][N]c1cc(C(F)(F)F)ccc1N1[C][C][C][C][C]1)C#N,35.16,43.88
Cc1cccc(N2C(=O)C(=Cc3ccc(-c4ccc([N+](=O)[O-])cc4)o3)SC2=S)c1,39.95,50.99
Cc1cc([O-])c(C[NH+]2CCCCC2)c2c1C(=O)/C(=C/c1cccnc1)O2,30.84,46.94
CCCCCCCCCCOc1ccc(C2=N/C(=C\C(Cl)=C\c3ccccc3)C(=O)O2)cc1,31.16,44.4
O=[N+]([O-])c1ccc(-c2cs/c(=N\c3ccc(Cl)cc3)n2-c2ccc(Cl)cc2)cc1,47.24,68.37
CC1=C(CCC(=O)O)C2=CC3=NC(=CC4=NC(=CC5=NC(=CC1=N2)C(C(C)O)=C5C)C(C(C)O)=C4C)C(C)=C3CCC(=O)O,75.43,82.7
CN(C)c1ccc(-c2cnc3c4ccccc4c(=O)n4c5ccccc5c2c34)cc1,25.77,43.24
C=CC[NH+]1[CH-]Nc2c(c3nc4ccccc4nc3n2/N=C/c2cccc(Br)c2)C1=O,49.58,66.87
CN(C)c1cc(Nc2ccc(F)cc2)c2c(c1N)C(=O)c1ccccc1C2=O,45.18,70.24
CN(C)c1ccc(C=C(C#N)c2ccc(C#N)cc2)cc1Br,25.35,33.88
Cc1ccccc1N1CCN(C2=NC(=O)C(=Cc3ccc(-c4ccc(Cl)cc4Cl)o3)S2)CC1,33.94,45.01
O=C1N=C(N2CCN(c3cccc(C(F)(F)F)c3)CC2)S/C1=C/c1ccc(-c2cc(Cl)ccc2Cl)o1,50.68,68.42
O=C1/C(=C/c2ccc(-c3ccc(Br)cc3)o2)C=C(c2ccccc2)N1c1cccc2ccccc12,49.42,72.06
Cc1ccccc1N1C(=O)/C(=C/C=C/c2ccco2)SC1=S,18.35,24.99
COc1ccc(N2CCN(c3cc(NCCO)c4c(c3N)C(=O)c3ccccc3C4=O)CC2)cc1,39.63,52.91
N#C/C(=C\c1cc2ccccc2nc1N1CCOCC1)c1ccc([N+](=O)[O-])cc1,36.28,45.07
O=C(Nc1ccc(N2CCCC2)cc1)c1ccc(-c2cccc([N+](=O)[O-])c2)o1,34.77,50.13
Cc1ccsc1/C=C1\Oc2c(ccc([O-])c2C[NH+]2CCCC2)C1=O,28.71,37.53
CN(C)c1ccc(/C=N/N2C(=O)c3ccccc3C2=O)cc1,45.02,62.11
O=C(N1/N=C/C(C=C2)=CC=C2N(C)C)C(C=CC=C3)=C3C1=O,45.02,62.11
CN(c1ccccc1)c1ccc(/C=C2/SC(=S)N(c3ccccc3F)C2=O)cc1,25.25,37.38
Clc1cc(N2CCOCC2)c2nonc2c1,39.75,56.95
CCOC(=O)N1CCN(c2cc(NC3CCCCC3)c3c4c(onc24)-c2ccccc2C3=O)CC1,22.25,29.89
CCCCC(CC)CN1C(=O)/C(=C/C2=Cc3ccccc3OC2)SC1=S,12.36,16.23
CN(C)c1ccc(Nc2cc(N3CCCC3)c3noc4c3c2C(=O)c2ccccc2-4)cc1,26.64,40.72
COc1ccc(N2C(=O)C(=Cc3ccc(-c4ccc(Br)cc4)o3)SC2=S)cc1,44.06,58.16
CC1=C(C#N)C(=O)N(CC(C)O)C(=O)/C1=C\c1ccc(-c2ccc(S(=O)(=O)Nc3nccs3)cc2)o1,55.78,65.45
N#Cc1c(C=Cc2cccc([N+](=O)[O-])c2)nc2c(c1-c1ccc3c(c1)OCO3)C(=O)c1ccccc1-2,56.82,78.22
COC(=O)c1ccc(-c2ccc(C=C3SC(=S)N(Cc4ccccc4)C3=O)o2)cc1,26.67,30.21
N#Cc1cc2c(-c3ccc(F)cc3)c(N)n(O)c2cc1C#N,57.75,85.23
CC1=C(C#N)c2nc(N)c(C#N)c(C)c2C1=Cc1ccc(-c2cccc(C(=O)O)c2C)o1,66.76,93.48
CCCN1C(=O)C(=Cc2ccc(-c3ccc(S(N)(=O)=O)cc3)o2)SC1=S,33.53,46.1
CC[NH+](CC)Cc1c([O-])ccc2c1O/C(=C\c1ccc([N+](=O)[O-])cc1)C2=O,29.87,35.02
Cc1nc2sc(C(=O)N3c4ccccc4Sc4ccccc43)c(N)c2c(C)c1CC(=O)c1ccc(Br)cc1,42.57,57.87
CC(C)(C)C1CCc2c(sc(N=Cc3ccc([N+](=O)[O-])s3)c2C#N)C1,26.66,40.01
CCC1CCCCN1c1ccc([N+](=O)[O-])cc1/C=N/c1ccc2c(c1)oc1ccccc12,21.68,31.6
CSc1ccc(/C=C2\CC/C(=C\c3ccc(SC)cc3)C2=O)cc1,33.65,49.48
O=C1C(=Cc2ccc(-c3ccccc3[N+](=O)[O-])o2)CCc2ccccc21,38.86,53.15
CN1C2CCC1C(=Cc1cc(Br)cs1)C(=O)C2=Cc1cc(Br)cs1,42.28,51.85
CC1=C(C#N)c2nc(N)c(C#N)c(C)c2C1=Cc1ccc(C)s1,44.28,66.42
CCN1C(=O)/C(=C\C=C2/Sc3c(ccc4ccccc34)N2CC)SC1=S,14.8,17.11
CCN(CCO)c1ccc(/N=N/c2ncc([N+](=O)[O-])s2)c(C)c1,63.89,84.85
COCCN1C(=O)/C(=C/c2ccc(-c3cccc(Cl)c3)o2)SC1=S,21.54,24.45
Cc1ccc(N2C(=O)C(=Cc3ccc(-c4ccc(S(N)(=O)=O)cc4)o3)SC2=S)cc1,41.81,57.16
C=Cc1cc2c3c(c(Br)cc4c3c1C(=O)N(CC(CC)CCCC)C4=O)C(=O)N(CC(CC)CCCC)C2=O,26.02,35.99
CS(=O)(=O)N1CCN(c2ccc(NC(=O)c3ccc(-c4cccc([N+](=O)[O-])c4)o3)cc2)CC1,51.49,61.7
CC1CCCC[NH+]1Cc1c([O-])ccc2c1O/C(=C\c1cccs1)C2=O,19.37,25.47
O=C1[C]2[C]([C]3[C]=[C][C]2C3=C2[C][C][C][C][C]2)C(=O)N1[C]c1ccccc1,46.31,64.39
O=C1C(=Cc2ccc(-c3ccc([N+](=O)[O-])cc3)o2)SC(=S)N1c1ccc(O)cc1,57.31,73.96
CCOC(=O)c1ccc(-c2ccc(C=CC(=O)c3ccc(N4CCOCC4)cc3)o2)cc1,33.34,41.05
COc1ccc(OC)c(N2C(=O)/C(=C\c3cc4c5c(c3)CCCN5CCC4)C(=O)N=C2S)c1,33.33,42.43
CCCNC(=S)Nc1ccc2nc3c4ccccc4c4ccccc4c3nc2c1,17.33,30.22
O=[N+]([O-])c1c(NCc2ccccc2)cc(NC2CCCCC2)c2nonc12,17.6,32.43
Nc1c(C(=O)NC2CCCCC2)c2nc3ccccc3nc2n1/N=C/c1cccc([N+](=O)[O-])c1,49.71,73.37
COc1ccc2c3c(cccc13)OC(=[N+](C)C)C=C2,14.88,24.4
Clc1ccc(C=C2CCC(C=NN3CCN(c4ccccn4)CC3)=C2N2CCOCC2)c(Cl)c1,25.94,35.78
COc1ccccc1N1CCN(c2cc3c4c(cccc4n2)C(=O)c2ccccc2-3)CC1,27.61,40.85
c1cc2nsnc2c2c1Nc1nc3nsnc3nc1N2,18.81,33.81
CN(C)c1ccc(/C=C2\C(=O)c3ccccc3S(=O)(=O)N2Cc2ccccc2)cc1,13.66,16.08
O=C1C(=CC=Cc2ccc3c(c2)OCO3)SC(=S)N1c1ccc([N+](=O)[O-])cc1,36.06,45.47
O=C1c2ccccc2C(=O)c2c1cc(Nc1ccccc1)c1nsnc21,34.01,54.14
O=C1N=C(N2CCN(c3cccc(Cl)c3)CC2)S/C1=C/c1ccc(-c2ccc(Cl)cc2Cl)o1,44.01,59.18
CCCCCCOc1ccc(N2C(=O)/C(=C/c3ccc(N(C)C)cc3)N=C2c2ccccc2F)cc1,27.17,36.71
O=C1C2=[N+]([O-])C3CCCCC3[N+]([O-])=C2c2ccccc21,34.53,47.5
Cc1cccc(N2C(=O)NC(=O)/C(=C/C=C/c3ccc(N(C)C)cc3)C2=O)c1,53.11,63.42
COc1ccc(NC(=O)c2ccc3c(c2SCCO)C(=O)c2ccccc2C3=O)cc1,57.18,73.98
COc1ccc(S(=O)(=O)Nc2ccc(N3CCCCC3)c3nonc23)cc1,15.24,28.72
CCCCCCN1C=CC(=CC=C(C#N)C(=O)OCC)c2ccccc21,16.99,23.33
Cc1cccc(N2C(=O)/C(=C\C=C\c3ccc(N(C)C)cc3)C(=O)N=C2O)c1,58.97,71.55
CCN1C(=O)/C(=C/C=C2\N(CC)c3ccc(-c4ccccc4)cc3C2(C)C)S/C1=N\c1ccc(Br)cc1,33.72,45.42
CN(C)c1ccc(/C=C/C=C2\C(=O)NC(=O)N(c3ccc(Br)cc3)C2=O)cc1,48.32,56.11
COC(=O)CN1C(=S)N(C)C(=O)/C1=C/c1ccc(-c2ccc([N+](=O)[O-])cc2)o1,31.68,32.72
CN(c1ccccc1)c1ccc(/C=C2/SC(=S)N(c3cccc([N+](=O)[O-])c3)C2=O)cc1,31.11,39.72
Clc1ccc(-c2nn3c4cc(N5CCCC5)ccc4nc3c3ccccc23)cc1,29.07,46.82
CSc1ccc(/C=C2\CCC/C(=C\c3ccc(SC)cc3)C2=O)cc1,31.77,47.15
COc1ccc(NC2=NC(=O)C(=CC=Cc3ccco3)S2)cc1,18.76,27.99
O=C1/C(=C\c2ccc(N3CCOCC3)s2)N(CCO)S(=O)(=O)c2ccccc21,46.41,55.57
O=C1/C(=C/C=C/c2ccc([N+](=O)[O-])cc2)SC(=S)N1c1ccccc1Cl,39.15,51.14
CCOc1ccc(Cl)cc1/C=C1/C(C)=C(C#N)c2nc(N)c(C#N)c(C)c21,54.78,79.11
O=[N+]([O-])c1ccc(-c2nc3sccn3c2NC2CCCCC2)o1,16.02,25.77
CCc1ccc(/N=C2\S/C(=C/c3ccc(-c4cccc([N+](=O)[O-])c4)o3)C(=O)N2C2CCCCC2)cc1,33.81,45.98
CCN1C=Cc2ccc(C)cc2/C1=C\C1=C/C(=C/c2sc3ccccc3[n+]2CC)CC(C)(C)C1,21.79,30.02
CCCCOc1ccc2c3c(cccc13)C(C)=[N+]2CCCC,20.02,32.07
O=C1/C(=C/c2ccc([N+](=O)[O-])cc2)C=C(c2ccccc2)N1c1ccc(F)cc1,46.6,66.35
CCN(CC)c1ccc2c(-c3ccc(S(=O)(=O)O)cc3S(=O)(=O)[O-])c3ccc(N(CC)CC)cc3[o+]c2c1,20.39,28.48
CCOc1ccc(N2C(=O)C(=Cc3ccc(-c4ccc([N+](=O)[O-])cc4OC)o3)C(=O)NC2=S)cc1,52.13,60.39
COCCN1C(=O)C(=Cc2ccc(-c3cccc(C(=O)O)c3)o2)NC1=S,75.74,78.72
O=[N+]([O-])c1ccc2c(c1)C=Cc1ccccc1S2,23.25,35.73
CCN1C(=O)C(=Cc2ccc(N(CC)CC)o2)C(=O)N(CC)C1=S,20.86,36.33
Cc1ccc(C)c(/N=C/c2ccc([N+](=O)[O-])s2)c1,17.18,23.28
CCOC(=O)COc1ccc(Br)cc1/C=C1/C(C)=C(C#N)c2nc(N)c(C#N)c(C)c21,45.29,61.13
CN1C=C/C(=C\c2cc[n+](C)c3ccccc23)c2ccccc21,23.5,43.99
CCN1C=CC=C/C1=C\c1ccc2cc(C)ccc2[n+]1C,18.1,35.46
CCN(CC)c1ccc(N2C(=O)/C(=C\c3ccco3)SC2=S)cc1,13.32,17.58
CCCN(CCC)c1ccc(/C=C2\N=C(c3ccccc3Cl)OC2=O)cc1,23.72,32.34
Cc1ccc(Nc2cc(N(C)CCO)c3noc4c3c2C(=O)c2ccccc2-4)cc1,31.54,46.67
CCOC(=O)c1ccc(-c2ccc(C=CC(=O)c3cccc(N4CCOCC4)c3)o2)cc1,32.12,39.13
NC(=S)NN=CC1=C(N2CCOCC2)C(=Cc2cccc([N+](=O)[O-])c2)CC1,68.35,78.23
CCN1C(=CC=C2SC(=S)N(c3ccccc3)C2=O)SC(c2ccccc2)=C1c1ccccc1,21.96,29.84
N#C/C(=C\c1ccc(N2CCCC2)o1)c1ccc(F)cc1,24.15,36.32
Cc1cc(/C=C2\SC(=S)NC2=O)c(C)n1-c1ccc(N(C)C)cc1,41.47,55.58
O=C1c2ccccc2-c2onc3c(N4CCN(C5CCCCC5)CC4)cc(N4CCc5ccccc54)c1c23,22.51,33.51
CC(C)N(c1ccccc1)c1ccc(NC(=O)c2ccc(F)cc2F)cc1,23.84,40.33
O=C1[C]2[C]([C]3[C]=[C][C]2C3=C2[C][C][C][C][C]2)C(=O)N1c1ccc(Cl)c([N+](=O)[O-])c1,56.69,68.43
CN(C)c1ccc(C=C2CCc3c2nc2ccccc2c3C(=O)OCC(=O)NC2CC2)cc1,22.66,28.62
O=C1NC(=S)N/C1=C\c1ccc(-c2ccc([N+](=O)[O-])cc2)o1,66.9,69.85
Cc1cc([O-])c(C[NH+]2CCCCC2C)c2c1C(=O)/C(=C/c1cc3ccccc3o1)O2,23.86,32.88
CCOc1ccc(N2C(=O)/C(=C/c3ccc(-c4ccc([N+](=O)[O-])cc4)o3)C(=O)NC2=S)cc1,54.96,65.62
CC1=C(C#N)c2nc(N)c(C#N)c(C)c2/C1=C\c1ccc(Sc2ccccc2)o1,53.15,78.73
[K+].F[B-](F)(F)c1ccccc1C(F)(F)F,36.81,57.31
CC1CCCN(c2cc(NC(C)C)c3c4c(onc24)-c2ccccc2C3=O)C1,15.42,20.79
CN1C(=O)C(=Cc2ccc(-c3cccc([N+](=O)[O-])c3)o2)SC1=S,37.66,43.77
[C]c1cc([C]=C2C(=O)N([C])C(=S)N([C])C2=O)c([C])n1-c1ccc(C23[C][C]4[C][C]([C][C]([C]4)[C]2)[C]3)cc1,54.5,67.58
N=C1S/C(=C\c2ccc(-c3ccc([N+](=O)[O-])cc3)o2)C(=O)N1c1ccc2c(c1)OCO2,51.61,68.09
CCCCCCCCc1ccc(-c2ccc(C(=O)Nc3ccc(NCCCCCCC)c4c3C(=O)c3ccccc3C4=O)cc2)cc1,42.02,59.9
COCCCNc1cc(Br)c(N)c2c1C(=O)c1ccccc1C2=O,31.03,41.84
CCCCOC(=O)c1ccc(/N=C2\C=C(N3CC[NH+](c4ccccc4)CC3)C(=O)c3cccc([O-])c32)cc1,32.9,40.14
O=C1NC(=S)SC1=C1C=C(c2ccccc2)OC(c2ccccc2)=C1,28.01,38.47
O=C1/C(=C/C=C2/Sc3c(ccc4ccccc34)N2CCO)SC(=S)N1c1ccccc1,22.9,29.41
CN(c1ccccc1)c1ccc(/C=C2/SC(=S)N(c3ccc([N+](=O)[O-])cc3)C2=O)cc1,32.97,42.38
N#CC(C#N)=C1NC2(CCCC2)Cc2ccccc21,16.57,29.18
CCN1C(=O)/C(=C/c2ccc(-c3cccc(C(=O)O)c3)o2)N(CC)C1=S,68.76,80.59
Cc1ccc2c(ccc(C=Cc3ccc(N(C)C)cc3)[n+]2C)c1,18.7,32.82
[C]N([C])C(N1C(=O)[C]2[C]3[C][C]([C]=[C]3)[C]2C1=O)=[N+]([C])[C],46.57,43.22
Cc1cccc(Nc2ccc(Nc3cccc(C)c3C)c3c2C(=O)c2ccccc2C3=O)c1C,40.31,58.12
CCCCN1C=C/C(=C/c2ccc3ccccc3[n+]2CC)c2cc(C)ccc21,23.07,34.39
CCN(CC)c1ccc(NC2=CC(=O)c3ccccc3C2=O)cc1,24.15,35.77
Cc1ccc(N2C(=O)C(=Cc3ccc(-c4cccc(C(=O)O)c4)o3)SC2=S)cc1,66.37,86.51
N#C/C(=C\c1ccc([N+](=O)[O-])cc1)c1nc(-c2ccc(-c3ccc(Cl)cc3)o2)cs1,55.2,75.39
COc1ccc(C2=CC(=Cc3ccc([N+](=O)[O-])o3)C(=O)O2)cc1,41.3,53.35
COCCN1C(=O)C(=CC2=Cc3ccccc3OC2C)SC1=S,10.7,16.28
COc1cc(N2CCCC2)c(OC)cc1C=C1C(=O)c2ccccc2C1=O,27.35,37.18
O=[N+]([O-])c1cccc(C=NN(c2ccccc2)c2ccccc2)c1,18.84,32.14
Cc1cc([O-])c(C[NH+]2CCCCC2)c2c1C(=O)/C(=C/c1cc3ccccc3o1)O2,29.35,42.06
Cc1ccc(Nc2cc(N3CCC(C)CC3)c3noc4c3c2C(=O)c2ccccc2-4)cc1,26.46,40.16
O=C(CN1C(=O)/C(=C/C=C/c2ccccc2)SC1=S)N1CCN(c2ccccc2)CC1,17.54,19.92
Cc1ccc(C2=C/C(=C\c3ccc(-c4cc([N+](=O)[O-])ccc4Cl)o3)C(=O)O2)cc1,54.87,73.29
NC(=O)COC(=O)c1c2c(nc3ccccc13)C(=Cc1ccc([N+](=O)[O-])cc1)CCC2,34.11,46.36
CCN1CCN(c2cc(Nc3ccc(N(C)C)cc3)c3c4c(onc24)-c2ccccc2C3=O)CC1,30.56,48.98
CCN(CC)c1ccc(/C=N/c2ccc(/N=N/c3ccccc3)cc2)cc1,17.43,32.86
NC(=C\c1sc2ccccc2[n+]1CCCS(=O)(=O)[O-])/C=C1\Sc2ccccc2N1CCCS(=O)(=O)[O-],24.02,31.61
C=CCN1C(=O)SC(=CC=Cc2ccc(N(C)C)cc2)C1=O,25.41,38.16
CC1CCc2cccc3c2N1c1cc(C#N)c(C#N)cc1O3,24.19,37.61
O=C1c2ccccc2C(=O)c2c1cccc2-c1ccc(C=C2SC(=S)N(c3ccccc3)C2=O)o1,47.71,64.94
CCC(=C\c1sc2ccc(C)cc2[n+]1CCCS(=O)(=O)[O-])/C=C1/Sc2ccc(C)cc2N1CCO,20.53,23.94
CC[n+]1c(/C=C/c2cc(C#N)n3c2sc2ccccc23)sc2ccccc21,27.69,40.29
O=C(O)c1ccc(Nc2cc(N3CCOCC3)c3noc4c3c2C(=O)c2ccccc2-4)cc1,67.14,84.11
Cc1ccc(C)c(N2C(=O)C(=Cc3ccc(-c4ccc(Cl)c(Cl)c4)o3)C=C2c2ccccc2)c1,49.04,69.56
CN(C)c1ccc(C(=O)Nc2ccc3nc(NS(=O)(=O)c4ccccc4)sc3c2)cc1,21.64,35.38
CN(C)c1cc(NCc2ccco2)c2c3c(onc13)-c1ccccc1C2=O,17.42,26.68
CN(c1ccccc1)c1ccc(C=NNC(=O)c2ccc([N+](=O)[O-])cc2)cc1,34.64,49.2
Cc1cccc(N2CCN(C3=NC(=O)C(=Cc4ccc(-c5ccc(Cl)c(Cl)c5)o4)S3)CC2)c1,35.27,46.99
C=CCN1C(=S)SC(C)(C)C1/[N+]([O-])=C/C=C/c1ccc([N+](=O)[O-])o1,25.7,29.64
N#Cc1cc2c(cc1C#N)N(c1ccccc1)C(=O)c1ccccc1S2,37.22,55.03
Cc1nc(-c2ccc(NC(=O)c3ccc(N(C)C)cc3)cc2)co1,19.8,37.77
Cc1ccc(Sc2cc(C#N)c(C#N)cc2N2CCOCC2)cc1,24.03,32.62
O=C1OC(c2ccco2)=NC1=Cc1ccc(-c2ccc([N+](=O)[O-])cc2)o1,43.82,60.4
CCOCCCNc1cc(N(C)C)c2noc3c2c1C(=O)c1ccccc1-3,13.31,19.0
CCN1C(=CC(=O)c2ccc(S(=O)(=O)N3CCCCC3)cc2)C(C)(C)c2c1ccc1ccccc21,14.81,16.25
COCCNc1cc(N2CCCCC2)c(N)c2c1C(=O)c1ccccc1C2=O,20.04,29.0
CC(C)CN1C(=O)C(=CC2=Cc3ccccc3OC2C)SC1=S,9.21,9.34
O=C1[C]2[C]([C]3[C]=[C][C]2C3=C2[C][C][C][C]2)C(=O)N1[C]c1ccccc1,45.85,64.33
CC[n+]1c(/C=C/c2ccc(N3CCCC3)cc2)cccc1/C=C/c1ccc(N2CCCC2)cc1,27.0,41.56
O=C1/C(=C/c2ccc([N+](=O)[O-])cc2)CS(=O)(=O)C/C1=C\c1ccc([N+](=O)[O-])cc1,60.65,70.29
Cc1ccc(N2CCN(C3=NC(=O)C(=Cc4ccc(-c5ccc(Cl)c(Cl)c5)o4)S3)CC2)cc1,36.83,49.23
CCOC(=O)c1ccc(-c2ccc(C=C3C=C(c4ccccc4)N(c4ccc(C(=O)O)c(O)c4)C3=O)o2)cc1,64.04,84.18
COC(=O)CN1C(=S)N(C)C(=O)C1=Cc1ccc(-c2ccc([N+](=O)[O-])cc2)o1,29.95,30.08
CCCN1C(=O)/C(=C/c2ccc(-c3cccc(C(=O)O)c3)o2)NC1=S,71.62,78.81
O=C1c2cc(Cl)c(Cl)cc2C(=O)N1c1ccc(-c2ccc([N+](=O)[O-])cc2)cc1,53.62,71.91
CN(C)c1ccc(/C=C2\CC/C(=C\c3ccc(N(C)C)cc3)C2=O)cc1,20.19,29.96
N#CC(C#N)=Cc1sc(Cl)cc1Cl,28.3,38.03
O=C(/C=C/c1ccc(-c2ccc(Br)cc2)o1)c1ccc(-c2ccc([N+](=O)[O-])cc2)o1,53.72,71.63
COc1ccc(N2C(=O)C(=Cc3cc4c5c(c3)CCCN5CCC4)C(=O)N=C2S)cc1,34.03,45.18
CCN(CC)c1ccc(/C=C/C(=O)c2cccc([N+](=O)[O-])c2)cc1,17.94,23.01
CCOC(=O)c1ccc(-c2ccc(/C=C3/C=C(c4ccccc4)N(c4cccc(C)c4)C3=O)o2)cc1,45.41,61.67
COc1ccc2cc(/C=C(\C#N)c3nc(-c4ccc([N+](=O)[O-])cc4)cs3)c(Cl)nc2c1,45.55,61.46
CN1CCCc2cc(/C=C3\C(=O)c4ccccc4S(=O)(=O)N3CCO)ccc21,23.57,31.4
O=C(O)c1ccc(N2C(=O)C(=CC=Cc3ccco3)SC2=S)cc1,70.18,81.62
CCOC(=O)c1ccc(-c2ccc(/C=C3\C=C(c4ccccc4)N(c4ccc(F)c(C)c4)C3=O)o2)cc1,49.06,66.39
N#Cc1c2c(n3cc4ccccc4cc13)C(=O)c1ccccc1C2=O,43.25,60.89
CCC1CCCCN1C(=O)c1ccc2c(c1NCCO)C(=O)c1ccccc1C2=O,36.7,46.8
CC1=C(C#N)c2nc(N)c(C#N)c(C)c2C1=Cc1cn(Cc2cccc(C)c2)c2ccccc12,41.42,59.78
CCOc1ccc(N2C(=O)C(=Cc3ccc(-c4cccc(Cl)c4)o3)SC2=S)cc1,41.04,55.56
CCn1cc(/C=C2/Oc3c(ccc([O-])c3C[NH+]3CCCCCC3)C2=O)c2cc(OC)ccc21,26.35,39.78
COCCN1C(=O)/C(=C\c2ccc(-c3cccc([N+](=O)[O-])c3)o2)SC1=S,26.44,30.47
Cc1cc(Cl)cc2c1C(=O)/C(=C1\Sc3cc(Cl)cc(C)c3C1=O)S2,46.42,59.67
Cc1ccc(Nc2cc(N3CC(C)OC(C)C3)c3noc4c3c2C(=O)c2ccccc2-4)cc1,26.92,37.21
COC(=O)CCN1C(=O)C(=CC2=Cc3ccccc3OC2)SC1=S,16.65,21.32
COc1cc2c3c(c1)-c1c(ssc1=S)C(C)(C)N3C(=O)/C2=C1\SC(=S)NC1=O,32.35,32.94
COc1ccc(-c2ccc(C=C3SC(=S)N(c4ccccc4C)C3=O)o2)cc1Cl,36.69,48.52
Cc1cc([O-])c(C[NH+]2CCCC(C)C2)c2c1C(=O)/C(=C/c1cc3ccccc3o1)O2,26.31,36.49
O=C1C2CCCN2c2ccc(C(F)(F)F)cc2N1Cc1cccc(C(F)(F)F)c1,39.97,59.03
"FC(F)(F)C1=CC(CN2C(=O)C3CCCN3C3=C2C=C(C=C3)C(F)(F)F)=CC=C1 |c:17,20,22,28,30,t:4|",39.97,59.02
CCCN1C/C(=C\c2ccc([N+](=O)[O-])cc2)C(=O)/C(=C/c2ccc([N+](=O)[O-])cc2)C1,34.68,39.12
CCCN(CCC)c1ccc(/C=C2\N=C(c3cc(F)c(F)cc3Cl)OC2=O)cc1,33.5,45.21
CCN(CC)c1ccc2c(-c3ccc(S(=O)(=O)[O-])cc3S(=O)(=O)[O-])c3ccc(=[N+](CC)CC)cc-3oc2c1,25.08,33.78
Cc1ccc(/C=C2\Oc3c(ccc([O-])c3C[NH+]3CCC(C)CC3)C2=O)o1,27.75,39.93
O=C(O)CCC(=Cc1ccc(-c2cccc([N+](=O)[O-])c2)o1)c1nc2ccccc2s1,56.66,73.54
CC1CC(C)CN(c2cc(NCc3ccccc3)c3c4c(onc24)-c2ccccc2C3=O)C1,16.5,23.12
Cc1ccc2c3c1C(=C(C#N)C#N)C(=O)N3C(C)(C)CC2C,18.31,25.34
Cc1ccc(N2CCN(C3=NC(=O)C(=Cc4ccc(-c5ccccc5)o4)S3)CC2)cc1Cl,26.92,36.54
O=C1c2ccccc2C(=O)c2c1cc(Sc1ccccc1)c1nsnc21,33.94,49.32
Cc1ccc(C(=O)Nc2ccc(NC(=O)c3ccc(C)cc3)c3c2C(=O)c2ccccc2C3=O)cc1,53.63,75.11
CC(C)(C)c1ccc(N2C(=O)C(=Cc3ccc(-c4cc(Cl)ccc4Cl)o3)C=C2c2ccccc2)cc1,52.98,75.28
CCCCCCCCCCCCCCCCCCOC(=O)c1ccccc1-c1c2ccc(N(CC)CC)cc2[o+]c2cc(N(CC)CC)ccc12,36.75,52.86
CCN1C(c2ccccc2)=C(c2ccccc2)S/C1=C/C=c1\s/c(=C\c2sc(-c3ccccc3)c(-c3ccccc3)[n+]2CC)n(CC)c1=O,44.21,61.34
O=C1/C(=C/c2ccc(-c3ccc(Cl)c(Cl)c3)o2)C=C(c2ccccc2)N1c1ccc(-c2ccccc2)cc1,55.27,79.93
CCN(CC)c1ccc(C=C2C=C(c3ccccc3)OC2=O)cc1,18.86,28.08
[C][C]c1ccc2c(c1)C(=C1SC(C(=O)O[C])=C(C(=O)O[C])S1)C(=S)C([C])([C])[N]2,39.73,42.79
CCCCN(CCCC)c1ccc(C(C#N)=C(C#N)C#N)cc1,15.8,25.8
O=C1C(=CC=Cc2ccco2)SC(=S)N1c1ccccc1Br,23.85,31.09
[C]Oc1ccc([C][C][N]S(=O)(=O)c2ccc3c(c2)C(=C2[C][C][C][C]2)C(=O)[N]3)cc1O[C],49.54,61.29
COC(=O)c1cc(-c2ccc(N(C)C)cc2)no1,14.79,22.89
O=C1c2ccccc2C(=O)c2c1c([N+](=O)[O-])cc1c(N3CCOCC3)cc(-c3ccccc3)nc21,47.55,60.87
CC1Oc2ccccc2C=C1C=C1SC(=S)N(CCO)C1=O,32.44,44.3
O=C1/C(=C/c2ccc(-c3ccc(Cl)c(Cl)c3)o2)C=C(c2ccccc2)N1c1ccccc1O,53.13,77.92
CCc1ccc(O)c(/N=N/c2cc([N+](=O)[O-])ccc2OC)c1,50.11,65.86
O=C1/C(=C/c2cc3cc(Br)ccc3o2)Oc2c1ccc([O-])c2C[NH+]1CCCCCC1,42.18,57.3
CCOC(=O)c1ccc(N2N=C(C(F)(F)F)C(=Cc3ccc(-c4ccc([N+](=O)[O-])cc4)o3)C2=O)cc1,51.78,65.45
CC1(C)c2ccccc2N(c2ccccc2)C12C=Cc1c(ccc3cc([N+](=O)[O-])ccc13)O2,26.74,38.76
CCN1C(=O)C(=Cc2ccc(-c3ccccc3Cl)s2)SC1=S,23.71,29.89
O=C1c2cc(S(=O)(=O)N3CCN(c4ccc(Cl)cc4)CC3)ccc2-c2ccc(S(=O)(=O)N3CCN(c4ccc(Cl)cc4)CC3)cc21,32.36,39.8
CC1=C(C#N)C(=O)N(C2CCS(=O)(=O)C2)C(=O)/C1=C/c1ccc(-c2cccc([N+](=O)[O-])c2)o1,61.92,71.38
[C][C]N([C][C])c1ccc([C]=C2C(=O)[N]C(=S)[N]C2=O)cc1,48.83,50.23
CC1CCN(c2cc(N3CCc4ccccc43)c3c4c(onc24)-c2ccccc2C3=O)CC1,21.99,32.64
COc1cccc(N(C(C)=O)c2nc(/C=C3/COc4ccccc4C3=O)cs2)c1,32.01,43.18
O=C(O)c1ccc(N2C(=O)/C(=C\c3ccc(-c4ccc(Br)cc4)o3)C=C2c2ccccc2)cc1,62.91,89.78
[C]OC(=O)C1=C(C(=O)O[C])SC(=C2C(=S)C([C])([C])N([C]c3ccccc3)c3ccc([C])cc32)S1,40.24,45.79
CN1C(=O)N=C(O)/C(=C(O)\C=C\c2cn(Cc3ccccc3)c3ccccc23)C1=O,75.6,82.52
CC1=C(C2=C(C)C(=O)c3c(c(C=O)c(O)c(O)c3C(C)C)C2=O)C(=O)c2c(C=O)c(O)c(O)c(C(C)C)c2C1=O,70.33,78.3
CC(=O)N(C)c1ccc(/N=C/c2ccc([N+](=O)[O-])o2)cc1,29.85,38.78
CN1C(=O)/C(=C/c2ccc(-c3cccc(Cl)c3)o2)N(C)C1=S,30.13,38.61
CC[n+]1c(/C=C/c2c[nH]c3ccccc23)ccc2cc(C)ccc21,23.44,41.11
Cc1ccc(N2C(=O)C(=Cc3ccc(N4CCCC4)o3)C(=O)NC2=S)cc1,41.63,49.98
CCOc1ccc(Nc2cc(N3CCN(CCOc4ccc(Cl)cc4)CC3)c3noc4c3c2C(=O)c2ccccc2-4)cc1,38.67,52.75
O=C1/C(=C/c2cccnc2)Oc2c1ccc([O-])c2C[NH+]1CCCCC1,37.94,59.1
COCCNc1cc(N(C)CCO)c2noc3c2c1C(=O)c1ccccc1-3,26.02,37.0
O=C1CCN(c2cc(Nc3ccc(C(=O)O)cc3)c3c4c(onc24)-c2ccccc2C3=O)CC1,69.51,89.3
O=c1/c(=C/C=C/c2ccccc2)sc2n1CN(c1cccc(Br)c1)CN=2,34.75,47.35
O=C1/C(=C/c2ccc(-c3ccc(Br)cc3)o2)C=C(c2ccccc2)N1c1ccccc1,48.0,69.91
O=[N+]([O-])c1cc(/C=C/c2nc3c(ccc4ccccc43)s2)ccc1N1CCCCC1,25.43,36.4
C[n+]1ccc(-c2c3nc(c(-c4cc[n+](C)cc4)c4ccc([nH]4)c(-c4cc[n+](C)cc4)c4nc(c(-c5cc[n+](C)cc5)c5ccc2[nH]5)C=C4)C=C3)cc1,50.54,71.57
CN1CCN(N=Cc2ccc(-c3ccc([N+](=O)[O-])cc3)o2)CC1,49.45,64.22
CC1=C(C#N)c2nc(N)c(C#N)c(C)c2C1=Cc1cc2c(cc1[N+](=O)[O-])COC2,54.81,73.34
COC(=O)c1ccc(-c2ccc(C=C(c3ccccc3)[N+](=O)[O-])o2)cc1,27.49,32.8
CCN1/C(=C/C=C/c2sc3cc(N)ccc3[n+]2CC)Sc2cc(N)ccc21,29.21,49.37
CCN1C(=O)C(=CC=C2C=Cc3ccccc3N2CC)SC1=S,13.16,15.39
O=C1N=C(N2CCOCC2)SC1=Cc1ccc(-c2ccc([N+](=O)[O-])cc2)o1,55.06,60.82
COC(=O)c1ccc(Nc2cc(N3CCC4(CC3)OCCO4)c3noc4c3c2C(=O)c2ccccc2-4)cc1,40.31,49.58
Oc1c(/C=C/C=C/C=N/c2ccccc2)sc(=S)n1-c1ccccc1,23.13,42.08
CCOc1ccc(Nc2cc(N3CCN(c4ccccc4OC)CC3)c3noc4c3c2C(=O)c2ccccc2-4)cc1,31.53,44.35
[2H]C([2H])([2H])Oc1cc(C)c(/C=C/C(C)=C/C=C/C(C)=C/C(=O)O)c(C)c1C,45.44,57.69
O=C(/C=C/c1ccc(-c2ccc(Cl)c(Cl)c2)o1)c1ccc(N2CCOCC2)cc1,47.9,63.58
CCCCCCc1ccc(C(=O)Nc2ccc(NC(=O)c3ccc(CCCC)cc3)c3c2C(=O)c2ccccc2C3=O)cc1,40.01,56.33
COC(=O)c1cccc(N2C(=O)/C(=C/c3ccc(-c4ccc(Br)cc4)o3)C=C2c2ccccc2)c1,49.79,66.3
Cc1cnc2c(c1)/C(=N\c1ccccc1)c1cc([N+](=O)[O-])ccc1-2,38.7,56.85
Cc1ccc([N+](=O)[O-])cc1/N=C/c1ccc(N(C)C)cc1,15.1,22.27
CC1=C(C#N)c2nc(N)c(C#N)c(C)c2/C1=C/c1ccc(-c2cccc(Cl)c2Cl)o1,59.61,86.69
Cc1cc([O-])c(C[NH+]2CCCCC2C)c2c1C(=O)/C(=C/c1cc3cc(Br)ccc3o1)O2,36.35,46.25
O=C1c2ccccc2C(=O)c2c(Nc3ccc(Br)cc3)cccc21,48.01,69.81
CN1C(=O)C(=Cc2ccc(-c3ccc(I)cc3)o2)SC1=S,34.2,46.58
COc1ccc(CNC(=O)c2c(N)n(-c3ccc(N(C)C)cc3)c3nc4ccccc4nc23)cc1,26.27,49.03
CC1CCCC[NH+]1Cc1c([O-])ccc2c1O/C(=C\c1cccnc1)C2=O,27.09,40.87
COc1ccc(CCN2C(=O)/C(=C\C=C\c3ccco3)SC2=S)cc1OC,14.76,14.43
Cc1c(Cl)cccc1-c1ccc(C=C2C(=O)c3ccccc3C2=O)o1,49.77,68.97
COCCCN1C(=O)N=C(O)C(=C(O)C=Cc2ccc(N(C)C)cc2)C1=O,77.62,77.95
O=C(Nc1ccc2nc(N3CCCC3)sc2c1)c1ccc([N+](=O)[O-])cc1Cl,32.15,44.62
COc1ccc(Nc2cc(N3CCN(c4ccccc4OC)CC3)c3noc4c3c2C(=O)c2ccccc2-4)cc1,31.18,44.08
O=C(O)CCC(C(=O)O)N1C(=O)/C(=C/C(Cl)=C/c2ccc([N+](=O)[O-])cc2)SC1=S,79.1,77.77
CCCCN1C(=O)C(=CC=C2SC(c3ccccc3)=C(c3ccccc3)N2CC)SC1=S,14.66,16.19
[C][C]c1ccc(N2C(=O)[C]3[C]([C]4[C]=[C][C]3C4=C3[C][C][C][C][C]3)C2=O)cc1,49.68,67.11
COc1ccc2c(c1)S/C(=C\C=C\c1sc3cc(OC)ccc3[n+]1C)N2C,23.21,30.42
O=C1/C(=C\C=C\c2ccco2)SC(=S)N1Cc1ccco1,12.03,17.74
CCCCC(CC)CN1C(=O)/C(=C\c2ccc(-c3ccc(S(N)(=O)=O)cc3)o2)SC1=S,21.02,30.36
COc1ccc(N(CCC#N)C(=O)/C(C#N)=C/c2ccc(-c3ccccc3[N+](=O)[O-])o2)cc1,30.13,38.2
O=C1C(=CC2=Cc3ccccc3OC2)SC(=S)N1CCO,34.66,48.02
CCN1/C(=C/C(=C/c2sc3ccccc3[n+]2CCCS(=O)(=O)[O-])OC)Sc2ccccc21,18.34,19.49
CCOC(=O)CCN1C(=CC=C2SC(=S)N(C)C2=O)Sc2ccc(OC)cc21,17.44,20.83
COc1ccc2c(c1)C(C)(C)C1(C=Cc3cc([N+](=O)[O-])ccc3O1)N2C,17.56,20.73
CCN1/C(=C\C=C\c2ccc3ccccc3[n+]2CC)C=Cc2ccccc21,24.34,38.22
C=CCN1C(=O)C(=C2Sc3ccccc3N2CC)SC1=Nc1ccc2c(c1)C(=O)c1ccccc1C2=O,37.05,49.39
CCc1ccc(C(=O)Nc2ccc(-c3csc(N4CCOCC4)n3)cc2)cc1,25.29,34.28
[C]C([C])=C1[C]2[C][C][C]1[C](C(=O)[N]c1ccc(N3[C][C]O[C][C]3)c3nonc13)[C]2C([O])=O,57.31,59.18
O=C1C(=Cc2ccc(-c3ccc(Cl)cc3[N+](=O)[O-])o2)Sc2ccccc21,51.23,67.86
CCN1C(=CC(=O)C=CC=C2N(C)c3ccccc3C2(C)C)Sc2ccccc21,13.21,12.86
CCOCCCNc1cc(N2CCC3(CC2)OCCO3)c2noc3c2c1C(=O)c1ccccc1-3,19.39,22.68
O=C1C(=Cc2ccc(-c3ccc(Br)cc3)o2)C=C(c2ccccc2)N1c1cccc(Cl)c1Cl,54.72,76.81
O=C1/C(=C/c2cccs2)Oc2c1ccc([O-])c2C[NH+]1CCCCC1,27.05,38.72
C=CC1Oc2cc([N+](=O)[O-])ccc2NC12C=C(C(C)(C)C)C(=O)C(C(C)(C)C)=C2,39.94,57.78
CN1C=CC=C/C1=C(/C#N)c1nc(-c2ccccc2)cs1,16.33,19.92
N#C/C(=C\c1ccco1)c1nc(-c2ccc([N+](=O)[O-])cc2)cs1,30.74,42.57
CCN1C(=CC=CC=Cc2oc3ccccc3[n+]2CC)Oc2ccccc21,16.03,24.5
COc1cc([N+](=O)[O-])ccc1-c1ccc(C=C2C(=O)N(c3ccc(C)c(C)c3)N=C2C)o1,39.79,48.0
O=C(OCCC1=CC=CC=CC=C1)c1cc([N+](=O)[O-])cc([N+](=O)[O-])c1,35.59,35.9
CCN1C(=O)/C(=C\c2cc(C)n(C3CCCCC3)c2C)c2cc(S(=O)(=O)N3CCOCC3)ccc21,16.15,17.11
Cc1cc([O-])c(C[NH+]2CCCCC2)c2c1C(=O)/C(=C/c1cc3cc(Br)ccc3o1)O2,41.54,54.28
O=C1C(=Cc2ccc(-c3ccc(Cl)c(Cl)c3)o2)C=C(c2ccccc2)N1c1ccc2ccccc2c1,51.21,74.65
Cc1ccc(CN2C(=O)C(=CC3=Cc4ccccc4OC3)SC2=S)cc1,16.24,21.19
COc1ccc(-c2oc(N=Cc3ccc([N+](=O)[O-])cc3)c(C#N)c2-c2ccc(OC)cc2)cc1,50.8,69.92
CCOc1ccc(/C=C2/C(C)=C(C#N)c3nc(N)c(C#N)c(C)c32)c(OCC)c1,53.81,76.7
COc1cc2c(c(OC)c1OC)-c1cc/c(=[N+](/C)CC(OC)OC)c([O-])cc1C(NC(C)=O)CC2,18.42,20.23
O=C1N/C(=N/c2ccc(Cl)cc2)S/C1=C\c1ccc(N2CCCCC2)o1,29.94,43.43
CN(C)c1ccc(C=C2N=C(c3cc(C(C)(C)C)cc(C(C)(C)C)c3)OC2=O)cc1,36.58,52.72
COc1ccc2c(c1)/C(=C1\N=C(c3ccco3)OC1=O)C=C(c1ccc(SC)cc1)O2,36.0,50.95
O=C1C(=CC=Cc2ccco2)SC(=S)N1c1ccc(O)cc1,32.11,43.19
O=C1C(=Cc2ccc(-c3ccccc3)o2)C(=O)c2ccccc21,42.13,62.05
[C][C][C]1[C][C][C][C]N1S(=O)Oc1ccc2c(c1)C(=C1[C][C][C][C]1)C(=O)N2[C],53.41,60.94
c1ccc(-c2nn3c4cc(N5CCCCC5)ccc4nc3c3ccccc23)cc1,18.47,32.03
CSCCC(C(=O)O)N1C(=O)C(=Cc2ccc(-c3ccc([N+](=O)[O-])cc3)o2)SC1=S,68.88,78.7
COc1ccc(N2C(=N)SC(=Cc3ccc(-c4ccc5c(c4)C(=O)NC5=O)o3)C2=O)cc1,61.43,72.29
COc1ccccc1N1CCN(c2cc(NC3CCCCC3)c3c4c(onc24)-c2ccccc2C3=O)CC1,20.4,28.14
CCC(C)(C)C1CC(=Cc2ccc(-c3ccc(Cl)cc3[N+](=O)[O-])o2)c2nc3ccccc3c(C(=O)O)c2C1,60.13,82.91
CCN(CC)c1ccc(N2C(=O)/C(=C3/C(=O)Nc4ccc(Br)cc43)SC2=S)cc1,39.43,47.11
CCC(=O)Sc1s[s+]c2c1-c1cc(OC)ccc1NC2(C)C,16.7,21.4
N#C/C(=C\c1ccc(-c2ccc([N+](=O)[O-])cc2Br)o1)C(N)=S,35.31,45.08
CCCCCCCCNc1ccc(NC(=O)c2ccc(-c3ccc(CCCCCCCC)cc3)cc2)c2c1C(=O)c1ccccc1C2=O,42.68,60.76
COc1ccc2nc(/N=N/c3ccc(N(C)c4ccccc4)cc3)sc2c1,17.62,34.5
Cc1ccc(-c2ccc(C=C3Sc4ccccc4C3=O)o2)cc1C,35.69,52.12
CC1CCCN(c2cc(Nc3ccc(N(C)C)cc3)c3c4c(onc24)-c2ccccc2C3=O)C1,23.45,34.26
O=C1C=Cc2ccccc2/C1=N/Nc1ccc(N2CCCCC2)cc1,25.18,42.25
O=C1/C(C(C=CC=C2)=C2C=C1)=N\NC3=CC=C(N4CCCCC4)C=C3,25.17,42.25
CCN1C(=O)/C(=C/c2cc(C)n(-c3ccc([N+](=O)[O-])cc3C)c2C)c2cc(S(=O)(=O)N3CCOCC3)ccc21,27.99,26.51
CCN1C(=O)C(=CC2=Cc3ccccc3OC2)SC1=S,13.47,21.76
CN(C)c1ccc(Nc2cc(N3CCOCC3)c3noc4c3c2C(=O)c2ccccc2-4)cc1,26.7,38.1
CC1CCCCN1c1cc(Nc2cccc(C(=O)O)c2)c2c3c(onc13)-c1ccccc1C2=O,63.02,85.47
O=C1Nc2ccc([N+](=O)[O-])cc2/C1=N/c1ccc(-c2ccc(/N=C3\C(=O)Nc4ccc([N+](=O)[O-])cc43)cc2)cc1,63.55,80.44
COCCn1c(C)cc(C(=O)COC(=O)c2c3c(nc4ccccc24)C(=Cc2ccc([N+](=O)[O-])cc2)CCC3)c1C,25.66,28.38
CN(c1ccccc1)c1ccc(C=NN2C(=O)NC3(CCCCC3)C2=O)cc1,29.77,41.75
N#C/C(=C\c1cccc([N+](=O)[O-])c1)c1nc(-c2ccc(Oc3ccccc3)cc2)cs1,44.19,61.17
CCOc1ccc(C2(O)C(C)N3CCCC3=[N+]2c2ccccc2)cc1,16.98,27.16
Cc1cc([O-])c(C[NH+]2CCCC(C)C2)c2c1C(=O)/C(=C/c1cc3cc(Br)ccc3o1)O2,38.09,48.79
O=C(CN1C(=O)SC(=CC=Cc2ccco2)C1=O)N1CCN(c2ccccc2)CC1,29.75,38.45
[C]N1C(=O)C(=C2[C][C][C][C]2)c2cc(OS(=O)N3[C][C]c4ccccc43)ccc21,45.84,60.41
O=[N+]([O-])c1ccc(F)c(/N=C/c2ccc(Br)s2)c1,28.2,38.07
CCCN1CCN(c2cc(Nc3cccc(OC)c3)c3c4c(onc24)-c2ccccc2C3=O)CC1,29.44,42.93
CCNc1cc(Nc2ccc(C)cc2)c2c3c(onc13)-c1ccccc1C2=O,30.35,48.73
CCCC1=NN(c2ccc([N+](=O)[O-])cc2)C(=O)/C1=C/c1ccc(N(CC)CC)cc1,22.56,28.94
O=C1/C(=C\c2ccc([N+](=O)[O-])cc2)SC(=S)N1c1cccc(O)c1,65.48,75.91
COCC[NH+]1[CH-]Nc2c(c3nc4ccccc4nc3n2/N=C/c2cccc(Br)c2)C1=O,45.33,54.53
COC(=O)c1ccccc1-c1ccc(/C=C/C(=O)c2ccc(N3CCOCC3)c(F)c2)o1,35.71,43.1
O=S(=O)(Nc1ccc(N2CCOCC2)c2nonc12)c1ccc(F)c(F)c1,33.67,42.27
CN1c2ccc(F)cc2C(C)(C)C12C=Cc1cc([N+](=O)[O-])ccc1S2,20.11,24.16
CCOc1cccc(N2C(=O)/C(=C/c3ccc(-c4ccc([N+](=O)[O-])cc4Cl)o3)C(=O)NC2=S)c1,52.0,62.44
CC1=C(C#N)c2nc(N)c(C#N)c(C)c2/C1=C\c1ccc(-c2cccc(F)c2)o1,59.74,88.47
CC[n+]1c(C=C2C=C(N3CCCCC3)CCC2)ccc2ccccc21,13.15,25.92
O=[N+]([O-])c1ccc(C=Cc2cc(-c3ccc4ccccc4n3)nc3ccc4ccccc4c23)cc1,45.07,68.16
CCN(CC)c1ccc(/C=C/c2c3ccc(OC)cc3[o+]c3cc(OC)ccc23)cc1,34.43,49.55
O=C(N/N=C/C=C/C=C/c1ccco1)c1cccc([N+](=O)[O-])c1,44.17,56.15
CC(C)CNc1cc(N2CCN(C)CC2)c(N)c2c1C(=O)c1ccccc1C2=O,33.95,51.17
O=c1/c(=C/C=C/c2ccccc2)sc2n1CN(c1ccc(Cl)cc1)CN=2,36.37,52.54
O=S(=O)(c1ccc(Cl)cc1)N1CN(c2ccc(N3CCOCC3)cc2)c2nc3ccccc3nc21,22.17,26.98
CN(C)c1ccc(/[N+]([O-])=C\c2ccc3nsnc3c2)cc1,12.31,20.48
N#CC(C#N)=C1C(=O)NC2=C1CCC2,46.93,55.84
C(=NN=Cc1ccccn1)C1=C(N2CCOCC2)C(=Cc2ccccc2)CC1,29.17,47.33
N#CC(=[C]c1ccc(S[C]2[C][C][C][C][C]2)c([N+](=O)[O-])c1)C#N,32.71,36.58
O=c1/c(=C/C=C/c2ccccc2)sc2n1CN(c1cccc(F)c1)CN=2,31.76,50.22
[K+].CCCCC#C[B-](F)(F)F,21.44,34.14
CC(=O)/C=C/c1oc2ccc([N+](=O)[O-])cc2c1-c1ccc(C)o1,34.99,45.6
O=C1Nc2ccccc2/C1=N/c1ccc(/N=N/c2ccccc2)cc1,28.65,51.35
COc1ccc(N2C(=O)/C(=C/c3ccc(-c4ccc(C#N)cc4)o3)C(=O)NC2=S)cc1,53.77,68.49
O=C1[N]c2ccccc2C1=C1[C][C][N][C][C]1,55.3,62.6
CCC(/C=C1\Sc2ccc(OC)cc2N1CCCS(=O)(=O)[O-])=C\c1sc2ccc(OC)cc2[n+]1CCCS(=O)(=O)[O-],22.48,26.23
O=c1/c(=C/C=C/c2ccccc2)sc2n1CN(c1ccc(Br)cc1)CN=2,35.85,49.23
O=C1c2ccccc2-c2onc3c(N4CCC5(CC4)OCCO5)cc(NCc4ccco4)c1c23,21.31,27.9
CNc1ccc2nc3c(ccc4ccccc43)c3c2c1C(=O)c1ccccc1-3,39.98,63.03
CCOc1cccc(N2C(=O)C(=Cc3ccc(-c4ccc([N+](=O)[O-])cc4OC)o3)C(=O)NC2=S)c1,51.37,59.08
CCN1C=C/C(=C\c2ccc3cc(C)ccc3[n+]2CC)c2ccccc21,23.07,36.46
O=C1Nc2ccc([N+](=O)[O-])cc2C1=c1sc2n(c1=O)CN(c1cccc(Br)c1)CN=2,58.44,59.74
CCCCCCc1ccc(C2=N/C(=C\c3ccc(N(C)C)cc3)C(=O)O2)cc1,21.06,29.62
COC(=O)CCN1CCc2cc(/N=N/c3ccc([N+](=O)[O-])cc3)ccc21,21.5,30.12
O=C(OC)CCN1C(C=C2)=C(CC1)C=C2/N=N/C(C=C3)=CC=C3[N+]([O-])=O,21.5,30.12
O=C1c2ccccc2-c2onc3c(N4CCC5(CC4)OCCO5)cc(Nc4ccc5c(c4)OCO5)c1c23,27.87,38.35
CCN1C(=CC=c2sc(=C3SC(=S)N(c4ccccc4)C3=O)n(CC)c2=O)Sc2ccc(Cl)cc21,24.02,26.6
CN(C)c1ccc(C=Cc2cc(C(C)(C)C)[o+]c(C(C)(C)C)c2)cc1,32.57,51.18
O=C1c2ccccc2C(=O)N1c1ccc(-c2cc(-c3ccc(N4C(=O)c5ccccc5C4=O)cc3)nc(-c3ccccc3)n2)cc1,58.16,82.21
O=C1/C(=C/c2ccc([N+](=O)[O-])cc2)C=C(c2ccccc2)N1c1ccc(I)cc1,50.07,70.49
CC1=C(C#N)c2nc(N)c(C#N)c(C)c2C1=Cc1ccc(N(C)C)cc1,38.55,58.67
[C]N([C])c1c([C]=C(C#N)C#N)cc([C]=C(C#N)C#N)c(N([C])[C])c1C#N,28.88,32.14
O=C1/C(=C/c2ccc([N+](=O)[O-])cc2)C=C(c2ccccc2)N1c1cccc(Br)c1,46.36,62.97
C=CCN1C(=O)C(=Cc2ccc(-c3cccc(C(=O)O)c3)o2)SC1=S,69.68,83.98
CCN1C(c2ccccc2)=C(c2ccccc2)S/C1=C\C=C1/SC(=S)N(C)C1=O,18.95,22.65
COc1ccc2ccc(/C=C/c3ccc(N(C)C)cc3)[n+](C)c2c1,20.77,35.66
CCCCNC(=O)c1cc(NCCCC)c2c(c1N)C(=O)c1ccccc1C2=O,29.65,45.67
C=CCN1C(=O)C(=CC2=Cc3ccccc3OC2C)SC1=S,14.75,19.65
CN(C)c1ccc(C=CC=C2SC(=O)N(CC(=O)N3CCCC3)C2=O)cc1,40.19,57.16
N#CC(C#N)=c1ccc2c(c1)N1C(c3ccccc3)=CC(c3ccccc3)C3CCCCC31N=2,25.43,35.16
O=C1[N]c2ccc(S(=O)(=O)[N][C][C]c3ccccc3)cc2C1=C1[C][C][C][C]1,45.98,61.47
CC(C)CN1C(=O)C(=Cc2ccc(-c3ccc(Cl)c(C(F)(F)F)c3)o2)SC1=S,39.92,52.72
COCCNc1cc(N2CCCCCC2)c(N)c2c1C(=O)c1ccccc1C2=O,17.73,25.53
CCCCCCCN1C(=O)C(=Cc2ccc(-c3cccc(F)c3)o2)SC1=S,20.62,28.15
O=S(=O)(c1ccc(-c2ccc(/C=C/c3nc4c(ccc5ccccc54)s3)o2)cc1)N1CCOCC1,28.08,39.13
CC(C)Nc1cc(N2CCOCC2)c2noc3c2c1C(=O)c1ccccc1-3,20.63,26.52
CCN(CC)c1ccc(N2C(=O)/C(=C/c3ccc([N+](=O)[O-])cc3)SC2=S)cc1,25.64,31.38
CCCOC(=O)c1ccc(N2N=C(C(F)(F)F)/C(=C/c3ccc(-c4ccc([N+](=O)[O-])cc4)o3)C2=O)cc1,51.33,65.55
CCC(/C=C1\Sc2ccc(OC)cc2N1CC)=C1\SC(=S)N(Cc2ccccc2)C1=O,15.69,15.39
O=C(O)c1cccc(-c2ccc(C=C3SC(=S)N(Cc4ccco4)C3=O)o2)c1,64.19,79.45
[C][C][C][C]C(=O)c1c([N][C]=C2C(=O)[N]C(=S)[N]C2=O)sc2c1[C][C][C][C]2,49.68,48.33
CC(C)(C)c1ccc(Oc2cc(C#N)c(C#N)cc2N2CCCCC2)cc1,37.03,55.25
CC[NH+](CC)Cc1c([O-])cc(C)c2c1O/C(=C\c1cccnc1)C2=O,20.33,28.75
CCOc1ccc(/C=C/C2=[N+](C)c3ccc(C(=O)OC)cc3C2(C)C)cc1,23.01,27.52
[C]Oc1cccc(N2C(=O)[C]3[C]([C]4[C]=[C][C]3C4=C3[C][C][C][C]3)C2=O)c1,46.64,62.22
CCN1C(=O)C(=Cc2ccc(-c3cccc(C(F)(F)F)c3)o2)N(C)C1=S,36.25,46.46
O=C(C=Cc1ccc(-c2ccccc2Br)o1)c1cccc(N2CCOCC2)c1,34.67,45.11
O=S(=O)(O)c1cccc2c(/N=N/c3ccc(O)c4ncccc34)cccc12,44.49,67.88
O=C(C=Cc1ccc([N+](=O)[O-])cc1)Nc1ccc(N2CCOCC2)cn1,58.98,68.23
Cc1ccc(N2CCN(C3=NC(=O)/C(=C\c4ccc(-c5ccc(Cl)cc5Cl)o4)S3)CC2)cc1Cl,43.19,56.95
O=[N+]([O-])c1cc(Cl)cc(/C=N/c2ccccc2N2CCCCC2)c1O,36.87,52.53
COc1ccc(N2C(=O)C(=Cc3ccc(-c4ccc(I)cc4)o3)SC2=S)cc1,43.27,60.35
O=C([O-])CCN1C(=O)C(=Cc2ccc(-c3ccc([N+](=O)[O-])cc3)o2)SC1=S,47.89,53.43
COC(=O)CCN1CCCc2cc(/N=N/c3ccc([N+](=O)[O-])cc3)ccc21,20.39,29.32
O=C(OC)CCN1C(C=C2)=C(CCC1)C=C2/N=N/C(C=C3)=CC=C3[N+]([O-])=O,20.39,29.32
CC1=C(C#N)c2nc(N)c(C#N)c(C)c2/C1=C\c1cccnc1,49.78,74.24
CC[NH+](CC)Cc1c([O-])ccc2c1O/C(=C\c1cc(OC)c(OC)cc1OC)C2=O,26.65,34.98
O=C1N=C(N2CCN(c3cccc(C(F)(F)F)c3)CC2)SC1=Cc1ccc(-c2ccccc2[N+](=O)[O-])o1,49.56,63.13
COC(=O)c1ccc(C=CC(=O)c2ccc(N3CCCCCC3)cc2)o1,18.44,23.47
CC1(C)OC(C)(C)C(=Cc2ccc(-c3cccc([N+](=O)[O-])c3)o2)C1=O,26.91,31.75
[C]Oc1ccc(C2=[C]C(=C3C(=O)c4ccccc4C3=O)c3cc([C])ccc3O2)cc1,56.6,77.54
COc1ccc(CCNC(=O)c2c(N)n(-c3ccc(N(C)C)cc3)c3nc4ccccc4nc23)cc1,25.53,45.6
Cc1ccc(Nc2cc(N3CCN(C)CC3)c3noc4c3c2C(=O)c2ccccc2-4)cc1,34.38,53.84
O=C1/C(=C/c2ccc(-c3ccc(Br)cc3)o2)C=C(c2ccccc2)N1c1cccc(Cl)c1,53.38,76.2
CCC(/C=C1\Sc2ccc(OC)cc2N1CCCS(=O)(=O)[O-])=C\c1sc2ccc(OC)cc2[n+]1CC,23.71,27.87
C=CC(=O)N1C/C(=C\c2ccc([N+](=O)[O-])cc2)C(=O)/C(=C/c2ccc([N+](=O)[O-])cc2)C1,49.07,58.26
[O-][n+]1c2c([n+]([O-])c3cc(Cl)ccc31)CCCC2,31.68,44.1
COc1ccc(CN2C(=O)C(=Cc3ccc(-c4ccc(Cl)c(Cl)c4)o3)SC2=S)cc1,41.54,53.82
CN(C)c1ccc(/C=C2\N=C(c3ccccc3)OC2=O)cc1Br,31.85,41.62
"[K+].CN1N=C(C=C1[B-](F)(F)F)C(C)(C)C |c:2,4|",33.77,46.56
CC(C)c1csc(C(C#N)=Cc2ccc(N3CCCCC3)o2)n1,11.82,12.91
CCCCCCCCN1C(=O)C(=Cc2ccc(-c3cccc(F)c3)o2)SC1=S,20.66,28.79
Cc1cc(/C=C2\SC(=S)NC2=O)c(C)n1-c1ccc(N2CCOCC2)cc1,45.39,52.83
CCOc1ccc(N2C(=O)C(=Cc3ccc(-c4ccc(Cl)cc4)o3)N(C)C2=S)cc1,38.69,51.51
Cc1ccc(C(=O)Nc2sc(/C(C#N)=C\c3ccc(N4CCCCC4)o3)nc2-c2ccccc2)cc1,34.82,47.63
CCCCCCCCCCCCCCCCCC1=NN(c2ccc(-c3nc4cc(S(=O)(=O)O)ccc4s3)cc2)C(=O)/C1=N\c1ccc(N(CC)CC)cc1,33.54,46.95
[O-]/[N+]1=N\c2nonc2/[N+]([O-])=N/c2nonc2/[N+]([O-])=N/c2nonc2/[N+]([O-])=N/c2nonc21,69.03,62.52
NC1=C(N)c2nonc2Nc2nonc21,63.56,70.34
CN(C)c1ccc(/N=N/c2ccccc2C(=O)OCC(=O)c2ccccc2)cc1,18.34,22.14
CN(C)c1ccc(Nc2cc(N3CCCCC3)c3noc4c3c2C(=O)c2ccccc2-4)cc1,25.04,37.63
CCc1ccc(N2C(=O)C(=CC=Cc3ccco3)N(CC(=O)OC)C2=S)cc1,17.49,16.35
Cc1ccccc1N1CCN(C2=NC(=O)C(=Cc3ccc(-c4cc(Cl)ccc4Cl)o3)S2)CC1,33.88,44.93
CCN(CC)c1ccc(-c2nonc2-c2ccc(N(CC)CC)cc2)cc1,14.83,22.26
CN(C)c1ccc(N2C(=O)C(=Cc3ccc(-c4ccc(Cl)cc4[N+](=O)[O-])o3)SC2=S)cc1,41.3,51.1
COc1cc(N2CCCCC2)ccc1/C=C(/C#N)c1ccc(C(=O)O)cc1,53.84,70.4
Nc1ccc(N2CCCCC2)c2nonc12,17.26,42.53
O=C1OC(c2ccccc2)=N/C1=C/c1ccc(-c2ccc([N+](=O)[O-])cc2Br)o1,54.11,72.02
O=[N+]([O-])c1ccc(-c2ccc(/C=C/c3nc4ccccc4o3)o2)cc1,39.22,60.99
CCCN(CCC)c1ccc(/C=C2\N=C(c3ccccc3Br)OC2=O)cc1,26.92,35.44
COc1ccccc1N1C(=O)/C(=C/c2ccc(-c3ccc(Cl)c(Cl)c3)o2)C=C1c1ccccc1,51.04,72.07
CN(C)c1ccc(/N=N/c2ccc(C(=O)O)cc2)cc1,69.56,84.3
O=C1[N]C(=S)[N]C(=O)C1=[C]c1ccc2c(c1)[C][C][C]N2[C]c1ccccc1,51.39,63.56
CN1c2ccc(C(=S)N3CCN(c4ccccc4)CC3)cc2-c2c(ssc2=S)C1(C)C,10.56,10.47
Cc1ccc(C)c(N2C(=O)/C(=C/c3ccc(-c4ccc(Br)cc4)o3)C=C2c2ccccc2)c1,49.4,69.59
O=C1c2cccc3c2C2=S(Sc4ccc(Nc5ccccc5)c1c42)N3c1ccccc1,37.49,57.89
O=C1C(=Cc2ccc(-c3ccccc3OC(F)(F)F)o2)C(=O)c2ccccc21,57.59,80.96
FC(F)(F)OC1=C(C=CC=C1)C2=CC=C(C=C(C3=O)C(C4=C3C=CC=C4)=O)O2,57.59,80.96
CCCCn1c(=C2SC(=S)N(N)C2=O)sc(=CC=C2Sc3ccc(Cl)cc3N2CC)c1=O,26.44,27.27
CCN(CC)c1ccc(C2=Nc3ncnn3C2=NCc2ccccc2)cc1,18.65,32.36
"[Na+].[Na+].NC1=C(C=C(NC2=CC=CC(=C2)S(=O)(=O)CCOS([O-])(=O)=O)C2=C1C(=O)C1=C(C=CC=C1)C2=O)S([O-])(=O)=O |c:8,10,23,30,32,t:1,3,6,28|",63.94,73.23
CCCn1c(=O)/c(=C2/C=Cc3ccccc3N2CC)s/c1=C1\SC(=S)NC1=O,23.8,23.9
O=C1/C(=C/c2cc3ccccc3o2)Oc2c1ccc([O-])c2C[NH+]1CCCCCC1,29.55,44.85
Cc1cc(O)c2c(=O)c3c(O)cc([O-])c4c5c(O)cc(O)c6c(=O)c7c(O)cc(C)c8c1c2c(c34)c(c78)c65,57.98,83.71
"[K+].F[B-](F)(F)C1=CC(Cl)=CC(Cl)=C1 |c:7,10,t:4|",39.47,60.32
CCN1c2ccc(/C=C3\SC(=S)N=C3O)cc2C(C)=CC1(C)C,26.95,33.99
CCCN1CCN(c2cc(NCC)c3c4c(onc24)-c2ccccc2C3=O)CC1,22.3,36.56
CN1C(=O)/C(=C\c2ccc(C#N)cc2)S/C1=N\c1ccc(N2CCOCC2)cc1,35.42,43.69
CCCCc1ccc(/N=N/c2ccc(OC(=O)c3cc(N)c4c(c3N)C(=O)c3ccccc3C4=O)cc2C)cc1,52.53,74.81
Cc1cc(C(=O)Nc2ccc(-c3ccc(N4CCOCC4)nn3)cc2)ccc1[N+](=O)[O-],63.49,77.67
C=CCN1C(=O)/C(=C\c2cc(/N=N/c3ccccc3)ccc2O)SC1=S,44.45,59.45
Cc1ccc(/N=N/c2ccc(N/C=C3\C(=O)C(O)=C(C(C)C)c4cc(C)c(-c5c(C)cc6c(c5O)/C(=C/Nc5ccc(/N=N/c7ccc(C)cc7)cc5)C(=O)C(O)=C6C(C)C)c(O)c43)cc2)cc1,63.57,90.87
CN1C(=O)/C(=C\c2cc(/N=N/c3cccc(C(F)(F)F)c3)ccc2O)SC1=S,54.8,71.85
COC(=O)c1ccc2c(c1)C(C)(C)C(C=Cc1ccc(O)cc1)=[N+]2C,29.62,36.21
COC(=O)c1ccc2c(c1)[N+](C)=C(/C=C/c1ccc3c(c1)OCO3)C2(C)C,23.6,27.67
COc1ccc(-c2ccc(/C=C/C(=O)c3ccc(N4CCOCC4)cc3)o2)c([N+](=O)[O-])c1,41.31,49.61
Cc1ccc(N2CCN(C3=NC(=O)/C(=C/c4ccc(-c5ccc(Cl)c(Cl)c5)o4)S3)CC2)cc1Cl,44.13,58.14
CCN(CC)c1ccc(NC(=O)c2ccc([N+](=O)[O-])cc2)cc1,25.34,37.47
CCN1C(=O)C(=Cc2ccc(-c3cccc(C(F)(F)F)c3)o2)C(=O)N(CC)C1=S,38.57,49.54
N#Cc1c(C=Cc2ccc([N+](=O)[O-])cc2)nc2c(c1-c1ccc3c(c1)OCO3)C(=O)c1ccccc1-2,57.44,79.29
CN(C)c1ccc(C(=O)Nc2ccc(-c3csc(N4CCOCC4)n3)cc2)cc1[N+](=O)[O-],45.65,56.35
COc1ccc(OC)c(/C=C2\Oc3c(ccc([O-])c3C[NH+]3CCCCCC3)C2=O)c1,31.81,44.58
CN(C)c1ccc(/C=C2\C(=O)ON=C2c2ccccc2)cc1C#N,41.15,53.43
O=C1/C(C(C2=CC=CC=C2)=NO1)=C\C(C=C3)=CC(C#N)=C3N(C)C,41.15,53.43
CNC(=O)N(O)C1N(N=CC=Cc2ccc([N+](=O)[O-])o2)C(=S)SC1(C)C,77.09,78.14
N#Cc1c(/N=C/c2ccc(-c3ccc([N+](=O)[O-])cc3)o2)sc2c1CCC2,40.16,56.41
O=C1C(=Cc2ccc(-c3ccc([N+](=O)[O-])cc3Br)o2)SC(=S)N1c1ccc([N+](=O)[O-])cc1,50.99,60.76
CCN(CC)c1ccc(/C=C2\N=C(c3ccccc3)OC2=O)c(OC)c1,19.6,25.33
COC1=C(c2ccccc2)SC2=NC(c3ccccc3)=C/C(=C\c3ccc4ccccc4[n+]3C)N21,31.04,45.64
O=C1C(=Cc2ccc(-c3ccc([N+](=O)[O-])cc3Cl)o2)SC(=S)N1CCS(=O)(=O)O,60.21,70.46
CN(C)c1ccc(Nc2cc(N3CCN(c4ccc(F)cc4)CC3)c3noc4c3c2C(=O)c2ccccc2-4)cc1,32.73,48.04
Cc1ccc(N2C(=O)C(=Cc3ccc(-c4ccc(Cl)c(Cl)c4)o3)C=C2c2ccccc2)cc1[N+](=O)[O-],53.06,72.22
C=CCN1C(=O)/C(=C\c2ccc(-c3ccc([N+](=O)[O-])cc3Cl)o2)SC1=S,41.85,52.36
CC1CC(C)C[NH+](Cc2c([O-])ccc3c2O/C(=C\c2cc4ccccc4o2)C3=O)C1,25.62,36.29
O=C1C(=Cc2ccc(-c3cccc([N+](=O)[O-])c3)o2)C(C(F)(F)F)=NN1c1ccc(Cl)cc1,56.51,76.17
CCC(=Cc1sc2ccc3sccc3c2[n+]1CC)C=C1Sc2ccc(OC)cc2N1CCCS(=O)(=O)[O-],22.75,26.66
O=C(O)c1cccc(N2C(=O)/C(=C/c3ccc(-c4ccc(Cl)c(Cl)c4)o3)C=C2c2ccccc2)c1,62.97,90.53
CC[n+]1c(/C=C2/C=CN(C)c3ccccc32)ccc2ccccc21,23.46,39.97
CN(C)c1ccc(/C=C/c2nc3ccc(I)cc3c(=O)n2-c2ccc([N+](=O)[O-])cc2Cl)cc1,44.89,62.82
O=C1C(=Cc2ccc(-c3ccc(Cl)c(Cl)c3)o2)C=C(c2ccccc2)N1c1ccc(Br)cc1,55.34,78.11
CC(=O)Nc1ccc(N2C(=O)/C(=C/c3ccc([N+](=O)[O-])cc3)SC2=S)cc1,54.79,65.08
N#CC(/C=C\c1ccc(-c2ccc(O)cc2)s1)C(N)=O,65.3,88.2
CCN1/C(=C/C(N)=C/c2sc3ccccc3[n+]2CCCS(=O)(=O)[O-])Sc2ccccc21,22.18,29.23
O=C1N=C(N2CCN(c3cccc(C(F)(F)F)c3)CC2)S/C1=C/c1ccc(-c2ccc(Cl)cc2)o1,47.63,64.84
N#C/C(=C/c1ccc(N2CCOCC2)cc1)c1cccc([N+](=O)[O-])c1,33.05,41.51
CNc1ccc(N2CCOCC2)c2c1C(=O)c1ccccc1C2=O,44.05,60.0
CC1(C)c2ssc(=S)c2-c2cc(C(=S)N3CCCCC3)ccc2N1Cc1ccccc1,11.07,12.41
N#C/C(=C/c1ccc(N2CCCCC2)o1)c1cccc([N+](=O)[O-])c1,22.14,30.87
CCOC(=O)c1ccc(-c2ccc(/C=C3/C=C(c4ccccc4)N(c4ccc(Br)cc4)C3=O)o2)cc1,51.84,69.44
CN(C)c1ccc(Nc2cc(N3CCN(c4ccccc4F)CC3)c3noc4c3c2C(=O)c2ccccc2-4)cc1,29.77,43.46
CCCCn1c(=O)/c(=C\C=C2/Sc3ccc(Cl)cc3N2CC)s/c1=C1/SC(=S)N(N)C1=O,28.5,30.49
CN(C)c1ccc(Nc2cc(N3CCCCCC3)c3noc4c3c2C(=O)c2ccccc2-4)cc1,23.7,35.2
CCOC(=O)C1=C(Nc2ccc(CC)cc2)S/C(=C\c2ccc(Sc3ccccc3)o2)C1=O,32.17,41.38
[C]Oc1ccc([C][N]S(=O)(=O)c2ccc3c(c2)C(=C2[C][C][C][C]2)C(=O)[N]3)cc1,49.04,63.5
COc1ccccc1N1C(=O)N=C(O)/C(=C(O)\C=C\c2c[nH]c3ccccc23)C1=O,76.37,79.85
CCN1C(=CC2=CC(=Cc3oc4ccccc4[n+]3CC)CCC2)Oc2ccccc21,19.0,29.01
O=C1/C(=C/c2ccc(-c3ccc(Br)cc3)o2)C=C(c2ccccc2)N1c1cccc(Br)c1,54.43,76.39
COc1ccc(OC)c(/C=C2\Oc3c(ccc([O-])c3C[NH+]3CCCC(C)C3)C2=O)c1,31.05,42.61
CN(C)c1ccc(/C=C2\N=C(c3ccc(Br)o3)OC2=O)cc1,31.75,42.19
[C][C]Oc1ccc([C][N]S(=O)(=O)c2ccc3c(c2)C(=C2[C][C][C][C]2)C(=O)[N]3)cc1O[C],49.08,60.74
CN(C)c1ccc(-n2c(N)c(C(=O)NCCc3ccccc3)c3nc4ccccc4nc32)cc1,22.14,42.34
CN1CCN(c2cc(N3CCc4ccccc43)c3c4c(onc24)-c2ccccc2C3=O)CC1,27.32,40.94
COC(=O)c1ccccc1-c1ccc(C=C2SC(=S)N(c3ccc(OC)cc3)C2=O)o1,34.11,40.36
CCCCN1CCCc2cc(N=Nc3ccc([N+](=O)[O-])cc3)ccc21,16.54,25.31
O=C1/C(=C/c2ccc([N+](=O)[O-])cc2)C=C(c2ccccc2)N1c1ccccc1Cl,42.55,59.36
O=C1/C(=C/C=C/c2ccco2)SC(=S)N1c1cccc(C(F)(F)F)c1,42.97,59.49
CN(C)c1ccc(/C=C(\C#N)c2nc(-c3cccc(Br)c3)cs2)cc1,35.66,47.99
CC1=C(C#N)C(=O)N(C2CCS(=O)(=O)C2)C(=O)C1=Cc1ccc(-c2ccc(Cl)c(Cl)c2)o1,49.4,61.34
CCN(Cc1ccccc1)c1ccc(/C=c2/sc3nc(-c4ccc([N+](=O)[O-])cc4)cn3c2=O)cc1,27.39,36.91
COc1ccc(CNc2cc(Nc3ccc(OC)cc3)c3c4c(onc24)-c2ccccc2C3=O)cc1,36.29,53.66
O=[N+]([O-])c1ccc2sc(C=Cc3ccc(-c4ccccc4F)o3)nc2c1,40.62,59.6
CN(C)c1cc(Cl)cc2nonc12,29.5,57.26
CN(C)c1ccc(Nc2cc(N3CCN(c4ccccn4)CC3)c3noc4c3c2C(=O)c2ccccc2-4)cc1,26.56,38.9
O=C(CSC(=S)N1CCCC1)Nc1ccc2c(c1)C(=O)c1ccccc1C2=O,38.49,49.38
CN(C)c1cc(NCCc2ccccc2)c2c(c1N)C(=O)c1ccccc1C2=O,23.98,35.92
Cc1ccc(Nc2ccc3nc(-c4ccc(S(=O)(=O)Nc5ccc(C)cc5)cc4)nc4c3c2C(=O)c2ccccc2-4)cc1,49.99,72.61
O=[N+]([O-])c1ccc(/N=C/C=C/c2ccc([N+](=O)[O-])o2)c(O)c1,63.72,70.24
O=[N+]([O-])c1ccc(/C=N/c2ccc(N3CCCCC3)c(Cl)c2)o1,20.62,30.96
CC1CCC[NH+](Cc2c([O-])ccc3c2O/C(=C\c2cccs2)C3=O)C1,22.87,31.0
Nc1c(/N=N/c2ccccc2)ccc2nonc12,25.02,55.82
Cc1ccc(-c2ccc(/C=C3/C=C(c4ccccc4)N(c4ccc(C(=O)O)cc4)C3=O)o2)cc1,62.87,89.61
O=C1/C(=C/C=C/c2ccco2)SC(=S)N1c1cccc(F)c1,24.1,35.97
COc1ccc(-c2c3c(nc4sc(C(C)=O)c(N)c24)C(=O)c2ccccc2-3)cc1,51.68,72.38
CN(C)c1ccc(/C=C/C=C2/C(=O)NC(=O)N(c3ccccc3)C2=O)cc1,57.61,67.58
O=C1C(=CC2=Cc3ccccc3OC2)SC(=S)N1Cc1ccco1,12.83,17.01
O=C1N=C(O)C(=Cc2cc3c4c(c2)CCCN4CCC3)C(=O)N1C1CCCCC1,33.4,47.2
CCOC(=O)N1CCN(c2cc(Nc3ccc(OC)cc3)c3c4c(onc24)-c2ccccc2C3=O)CC1,35.51,45.69
COCCCNc1cc2oc3ccccc3[nH]c2c2c(=O)c3ccccc3c(=O)c12,16.18,26.21
CCN1CC(=Cc2cccc([N+](=O)[O-])c2)C(=O)C(=Cc2cccc([N+](=O)[O-])c2)C1,37.54,40.54
O=C(O)c1cccc(N2C(=O)/C(=C/C=C/c3ccco3)SC2=S)c1,72.6,85.16
Cc1cc2c(cc1[N+](=O)[O-])C(=O)c1cc3ccccc3nc1-2,44.7,61.26
CCCN1C(=O)/C(=c2/s/c(=C3\C=Cc4ccccc4N3CC)c(=O)n2Cc2ccccc2)SC1=S,14.87,13.8
O=C1N=C(N2CCN(c3ccc([N+](=O)[O-])cc3)CC2)S/C1=C\c1ccc(-c2ccccc2)o1,38.02,47.45
COCC[NH+]1[CH-]Nc2c(c3nc4ccccc4nc3n2/N=C/c2ccc(C)cc2)C1=O,42.17,54.99
Cc1ccc2cc(/C=C(\C#N)c3ccc([N+](=O)[O-])cc3)c(N3CCOCC3)nc2c1,38.22,47.11
COc1ccc([N+](=O)[O-])cc1/N=C/c1ccc(Br)s1,23.42,28.04
CN(CCC#N)C(=O)COC(=O)c1c2c(nc3ccccc13)C(=Cc1ccc([N+](=O)[O-])cc1)CCC2,22.76,27.28
CCN(CC)c1ccc(/C=C2\N=C(c3cccc([N+](=O)[O-])c3)OC2=O)cc1,33.07,42.94
CC1Oc2ccccc2C=C1C=C1Oc2cc(OC(=O)N3CCOCC3)ccc2C1=O,35.06,44.73
Cc1cc(/C=C2\C(=O)N(C)c3ccc(S(=O)(=O)N4CCOCC4)cc32)c(C)n1-c1ccc(Sc2ccc([N+](=O)[O-])cc2)cc1,34.14,38.26
CCOc1ccc(N2C(=O)/C(=C/c3ccc(-c4ccc([N+](=O)[O-])cc4C)o3)C(=O)NC2=S)cc1,51.2,60.48
COc1ccc(OC)c(C2=CC(=Cc3ccc([N+](=O)[O-])o3)C(=O)O2)c1,40.45,50.38
CCCN1C(=O)C(=Cc2ccc(-c3cccc(F)c3)o2)SC1=S,22.39,29.1
COc1ccc(Nc2cc(C#N)c(C#N)cc2N)cc1,23.59,44.07
O=C1/C(=C/c2ccc(-c3ccc(Br)cc3)o2)C=C(c2ccccc2)N1c1ccc2ccccc2c1,50.2,73.26
O=C1/C(=C/c2c[nH]c3ccccc23)Oc2c1ccc([O-])c2C[NH+]1CCCCCC1,31.39,49.1
O=C1C(=Cc2ccc([N+](=O)[O-])cc2)C=C(c2ccccc2)N1c1ccc(Cl)cc1,45.14,63.32
CN1C2=CC=CC=CC2=[N+](C)C12C([N+](=O)[O-])=CC(=[N+]([O-])[O-])C=C2[N+](=O)[O-],63.07,61.26
O=C(NC1CCCCC1)c1c(/N=C/c2ccc(-c3ccc([N+](=O)[O-])cc3Cl)o2)sc2c1CCCC2,34.22,47.15
COCCCNc1cccc2c1C(=O)c1cccc(NCCCOC)c1C2=O,14.82,24.9
CCCCCCCCc1ccc(Sc2cccc3c2C(=O)c2cccc(Sc4ccc(CCCCCCCC)cc4)c2C3=O)cc1,42.56,59.46
Nc1c(N2CCCCCC2)cc(NCCO)c2c1C(=O)c1ccccc1C2=O,36.57,52.79
O=C1/C(=C/c2ccc(-c3ccc(Cl)c(Cl)c3)o2)C=C(c2ccccc2)N1c1ccccc1Cl,54.37,77.47
O=C1/C(=C/c2ccc([N+](=O)[O-])cc2)C=C(c2ccccc2)N1c1ccc(Cl)cc1Cl,48.12,66.8
O=C1/C(=C/C=C/c2ccco2)SC(=S)N1c1ccc(Cl)cc1,30.64,43.87
CCOC(=O)c1ccc(-c2ccc(/C=C3/C=C(c4ccccc4)N(c4cccc(C(=O)OC)c4)C3=O)o2)cc1,44.71,56.88
O=C1/C(=C/c2cccs2)Oc2c1ccc([O-])c2C[NH+]1CCCCCC1,23.74,34.45
[O-][N+]1=C(c2ccccc2)C=C(c2ccccc2)C1c1ccccc1,25.2,42.19
CC1CCCC(C)N1C(=O)c1ccc2c(c1NCCO)C(=O)c1ccccc1C2=O,38.57,48.03
O=C1OC(c2ccccc2Cl)=NC1=CC=Cc1ccc([N+](=O)[O-])cc1,47.11,63.42
O=C1/C(=C/C=C/c2ccco2)SC(=S)N1c1ccccc1Br,27.95,37.55
Cc1ccc(-c2ccc(C=C3SC(N4CCN(c5ccc(Cl)cc5)CC4)=NC3=O)o2)cc1,30.66,42.27
O=C(/C=C/c1ccc(-c2ccc(Cl)cc2)o1)c1ccc(N2CCOCC2)c(F)c1,44.79,59.81
CCN1C(=c2sc(=C3SC(=S)N(C)C3=O)n(-c3ccccc3)c2=O)C=Cc2cc(C)ccc21,21.27,23.39
CCNc1c(C(=O)O)ccc2c1C(=O)c1ccccc1C2=O,78.85,91.17
CCCOC(=O)c1ccc(-c2ccc(C=C(C#N)C#N)o2)cc1,25.79,34.37
CC1CCC[NH+](Cc2c([O-])ccc3c2O/C(=C\c2cccnc2)C3=O)C1,32.85,49.95
CCOc1ccc(N2C(=O)/C(=C\c3ccc(N4CCCCC4)o3)C(=O)NC2=S)cc1,36.78,45.47
O=S(=O)([O-])c1ccccc1N=C1C=CC(=C(c2ccc(Nc3ccccc3S(=O)(=O)[O-])cc2)c2ccc(Nc3ccccc3S(=O)(=O)O)cc2)C=C1,51.47,69.47
Nc1ccc(N2CCCCCC2)c2nonc12,15.32,40.02
CN(C)c1ccc(/C=C2\C=C(c3ccc(-c4ccccc4)cc3)OC2=O)cc1,35.18,53.14
CN(CCO)c1cc(NCc2ccco2)c2c3c(onc13)-c1ccccc1C2=O,19.76,28.22
CCN(CC)c1ccc(C=C2C(=O)c3ccccc3C2=O)c(OC)c1,22.18,29.32
Cc1cccc(N2C(=O)/C(=C/c3ccc(-c4ccc(Br)cc4)o3)C=C2c2ccccc2)c1,49.2,70.37
N#CC(=[C][N]c1cc(C(F)(F)F)ccc1N1[C][C][C][C]1)C#N,33.73,42.08
Oc1c(-c2cccc(Br)c2)c2nc3ccccc3nc2c2ccccc12,38.28,64.4
CCOC(=O)c1ccc(-c2ccc(C=C3C=C(c4ccccc4)N(c4ccc5ncccc5c4)C3=O)o2)cc1,44.92,62.32
O=C1/C(=C/C2=Cc3ccccc3OC2)Oc2cc(OCc3ccccc3)ccc21,32.16,47.79
O=[N+]([O-])c1ccc(C=Cc2ccc(C=Cc3nc4ccccc4s3)cc2)cc1,36.5,54.53
CCOc1ccc(C2(O)C(C)[N+]3=C(CCC3)N2c2ccc(OC)cc2)cc1,20.94,30.67
CCOc1ccc(-n2c(C)cc(/C=C(/C#N)c3ccc([N+](=O)[O-])cc3)c2C)cc1,33.68,43.21
O=[N+]([O-])c1cccc(C=Cc2cc(C=Cc3cccc([N+](=O)[O-])c3)nc(N3CCOCC3)n2)c1,48.67,62.34
O=C(/C=C/c1ccc(-c2cccc(Cl)c2Cl)o1)c1ccc(N2CCOCC2)cc1,46.23,61.02
O=C1N/C(=N/c2ccc(Cl)cc2)S/C1=C\c1ccc(N2CCCC2)o1,31.26,44.49
CCN1C(=O)C(=Cc2c(C)c3cc4c5c(c3oc2=O)CCCN5CCC4)C(=O)N(CC)C1=S,16.72,19.84
[NH2+]=C1/C(=C\c2coc3ccccc3c2=O)C(=O)N=C2SC(c3ccc([O-])cc3)=NN12,56.19,73.58
CCN1C(=O)/C(=C\c2ccc(-c3ccc(Cl)cc3)o2)N(CC)C1=S,23.87,30.7
O=C1c2ccccc2C(=O)c2c(NCCO)cccc21,58.88,76.99
O=C1C(=Cc2ccc(-c3ccc(Cl)c(Cl)c3)o2)C=C(c2ccccc2)N1c1ccc(Cl)c(Cl)c1,55.55,79.05
Cc1ccsc1/C=C1\Oc2c(ccc([O-])c2C[NH+]2CCOCC2)C1=O,32.35,37.64
CN1CCN(CC1)C(=N)C(C=C(C#N)C#N)C#N,65.92,65.52
COc1ccc(N2C(=O)C(=Cc3ccc(-c4ccc([N+](=O)[O-])c(Cl)c4)o3)SC2=S)cc1,48.44,60.64
COc1ccc(-c2ccc(/C=C/C(=O)c3cccc([N+](=O)[O-])c3)o2)cc1,35.73,46.79
COc1ccc2c(c1)/C(=C1/SC(C(C)=O)=C(c3ccccc3)S1)C(=S)C(C)(C)N2,22.97,24.02
CCN1C(=O)/C(=C\c2cc(C)n(-c3ccc(NC4CCCCC4)c([N+](=O)[O-])c3)c2C)c2cc(S(=O)(=O)N3CCOCC3)ccc21,28.27,30.04
O=C1c2ccccc2C(=O)c2c1cc(N1CCCCC1)cc2N1CCCCC1,17.53,29.56
O=C(O)CCN1C(=O)C(=Cc2ccc(-c3ccc(C(=O)O)cc3)o2)SC1=S,82.66,87.76
Cc1ccc(N2C(=O)/C(=C/c3ccc(-c4ccc([N+](=O)[O-])cc4)o3)C=C2c2ccccc2)cc1[N+](=O)[O-],52.18,68.58
N#C/C(=C\c1ccc(-c2ccc([N+](=O)[O-])cc2Cl)o1)c1nc(-c2cccs2)cs1,52.36,69.58
CCCCCCCCCCCCCCCCCCCC(=O)Nc1ccc2c(c1)C(=O)c1ccccc1C2=O,25.14,39.74
CCN(CC)c1ccc2c(-c3ccc(S(=O)(=O)O[Na])cc3S(=O)(=O)[O-])c3ccc(N(CC)CC)cc3[o+]c2c1,19.03,24.53
CCCCCOc1ccc(N=S([O-])[OH+]c2ccc3c(c2)C(=O)c2ccccc2C3=O)cc1,47.28,63.69
CC1CCN(c2cc(NCc3ccco3)c3c4c(onc24)-c2ccccc2C3=O)CC1,17.19,24.57
CCOc1ccc(N2CN=c3s/c(=C4\C(=O)Nc5ccc(Cl)cc54)c(=O)n3C2)cc1,50.55,59.99
CCCCSc1c(C(=O)Nc2ccc(OC(F)(F)F)cc2)ccc2c1C(=O)c1ccccc1C2=O,51.33,70.92
COc1ccc(/C=C2\Oc3c(ccc([O-])c3C[NH+]3CCCCC3C)C2=O)c(OC)c1OC,27.71,35.82
Cn1c(C=C(C#N)C#N)ccc1-c1cc(Cl)cc(Cl)c1,29.75,38.81
CN(C)c1ccc(/C=C2/C(=O)ON=C2c2cccc([N+](=O)[O-])c2)cc1,52.82,64.13
O=C1[N]c2ccc(S(=O)(=O)[N][C]c3cccs3)cc2C1=C1[C][C][C][C]1,45.29,59.51
CCn1cc(/C=C2/Oc3c(ccc([O-])c3C[NH+]3CCCCC3C)C2=O)c2ccccc21,19.4,28.83
O=C1OC(c2ccc(Cl)cc2)=C/C1=C\c1ccc([N+](=O)[O-])cc1,51.9,70.77
Cc1cc(C=C(C#N)c2ccc(C(=O)O)cc2)c(C)n1-c1ccc(N(C)C)cc1,50.57,66.66
O=C1C(=Cc2ccc(-c3cccc(Cl)c3)o2)SC(=S)N1CC1CCCO1,26.59,33.85
O=C1N=C(N2CCN(c3ccccc3)CC2)SC1=Cc1ccc(-c2ccc(Cl)c(Cl)c2)o1,35.02,47.78
CN1C=CC=C/C1=C(/C#N)c1nc(-c2cccc([N+](=O)[O-])c2)cs1,28.51,33.43
O=C1N=C(N2CCN(c3ccc(Cl)cc3)CC2)SC1=Cc1ccc(-c2ccccc2)o1,28.66,40.43
CCOc1ccc(N2C(=O)/C(=C/c3ccc(N(CC)CC)o3)C(=O)NC2=S)cc1,33.18,42.01
CN(C)c1ccc(/C=C2\CCc3c2nc2ccccc2c3C(=O)O)cc1,55.91,79.67
CN(C)c1ccc(/N=N/c2ccccc2C(=O)OCC(=O)c2ccc(Br)cc2)cc1,24.82,29.51
COc1ccc(-c2csc(/C(C#N)=C/c3ccc(N(C)C)cc3)n2)cc1OC,31.5,40.01
Cc1ccc(/N=C2/c3cc([N+](=O)[O-])ccc3-c3ncccc32)cc1,43.55,63.61
COc1ccc(OC)c(C=NN=CC2=C(N3CCOCC3)C(=Cc3ccccc3)CC2)c1,26.44,38.02
CC(C)(C)C(=O)CSCC(=O)Nc1ccc2c(c1)C(=O)c1ccccc1C2=O,37.41,53.23
CC1=C(C#N)C(=O)N(CCO)C(=O)C1=Nc1ccc(N(C)C)cc1,70.4,84.21
CC(C)(O)C(=O)N1CCN(c2ccc(C(F)(F)F)c(C3=C(c4c[nH]c5ccccc45)C(=O)NC3=O)c2)CC1,58.77,64.69
Oc1ccc2-c3ccc(O)cc3C(=O)c2c1,68.0,89.15
O=[N+]([O-])c1ccc(/C=N/c2cc(/N=C/c3ccc([N+](=O)[O-])cc3)c(OCC(F)(F)F)cc2OCC(F)(F)F)cc1,48.95,66.71
COC(=O)c1ccc(-c2ccc(/C=C3/C(C)=C(C#N)c4nc(N)c(C#N)c(C)c43)o2)cc1,54.15,75.97
CN(/C=C/c1sc2ccc(-c3ccccc3)cc2[n+]1CCCS(=O)(=O)[O-])c1ccccc1,20.01,26.49
O=C(C=Cc1ccc(-c2ccc([N+](=O)[O-])cc2)o1)c1cc2ccccc2o1,36.89,50.7
COc1ccccc1/C=C/C=C1\Oc2cc(OC(=O)N(c3ccccc3)c3ccccc3)ccc2C1=O,40.54,58.32
CCC(=S)/C=C1\Sc2ccc3ccccc3c2N1CCCS(=O)(=O)[O-],15.8,26.09
Cc1cc(C=C(C#N)C#N)ccc1N1CCCC1,14.08,20.94
CC(C)Nc1cc(Oc2ccc(Cl)cc2)c2noc3c2c1C(=O)c1ccccc1-3,43.46,62.71
CCCN1C(=O)C(=Cc2ccc(-c3ccc(C)c(Cl)c3)o2)SC1=S,26.43,33.48
O=C1OC(C=Cc2cccc([N+](=O)[O-])c2)=NC1=CC(Cl)=Cc1ccccc1,37.7,48.7
ClC(/C(C=C/1Cl)=C(C#N)/C(C=C2)=CC=C2C)=CC1=N/O,53.36,70.69
Cc1ccc(/C(C#N)=C2\C=C(Cl)/C(=N/O)C=C2Cl)cc1,53.35,70.69
N#C/C(=C\c1ccc(-c2ccc(Cl)cc2)o1)C(=O)N1CCN(c2ccccc2)CC1,30.7,38.67
COCC[NH+]1[CH-]Nc2c(c3nc4ccccc4nc3n2/N=C/c2cc(OC)c(OC)c(OC)c2)C1=O,43.32,56.07
CC(C)(C)c1ccc2C(=O)c3ccccc3C(=O)c2c1,44.29,64.65
CCOC(=O)N1CCN(c2cc(Nc3ccc(OCC)cc3)c3c4c(onc24)-c2ccccc2C3=O)CC1,34.58,43.29
COCC[NH+]1C(=O)c2c(n(/N=C/c3ccc(C(C)C)cc3)c3nc4ccccc4nc23)N[C-]1C,27.1,35.64
CC1=NN(c2ccc(C)cc2)C(=O)C1=Cc1ccc(-c2cc([N+](=O)[O-])ccc2O)o1,57.43,72.18
O=[N+]([O-])c1cccc(-c2ccc(/C=N/N(c3ccccc3)c3ccccc3)o2)c1,30.72,47.81
CC[n+]1ccc(/C=C/c2c[nH]c3ccc(OC)cc23)c2ccccc21,23.98,42.52
COc1ccc(O)c(/C=N/N=C/c2cccc([N+](=O)[O-])c2)c1,62.2,77.19
CCN(CC)c1ccc(N2C(=O)/C(=C/c3ccc(C(=O)O)cc3)SC2=S)cc1,65.97,79.73
CC[n+]1c(C=Cc2ccc(N(C)C)cc2)sc2cc(NC(C)=O)ccc21,17.9,25.94
O=C1[N]c2ccc([O+]S([O-])=N[C]3[C][C]N([C]c4ccccc4)[C][C]3)cc2C1=C1[C][C][C][C]1,55.52,73.5
CC1=C(C#N)C(=O)N(CCCO)C(=O)C1=Cc1ccc(-c2ccc([N+](=O)[O-])cc2)o1,60.94,70.5
[C][C][C][C]N([C])S(=O)Oc1ccc2c(c1)C(=C1[C][C][C][C]1)C(=O)N2[C],48.89,53.46
CN(C)N1C(/C=N/C(C#N)=C(N)/C#N)=CC=C1,30.33,41.3
CN(C)n1cccc1/C=N/C(C#N)=C(\N)C#N,30.33,41.3
CCN1C(=O)/C(=C\C=C2/Sc3ccc(-c4ccccc4)cc3N2CC)SC1=S,18.7,23.36
O=C1c2cc(S(=O)ON3CCCCCC3)ccc2-c2ccc([S+](=O)([OH2+])N3CCCCCC3)cc21,28.69,41.81
O=C1ON=C(c2ccccc2)/C1=C/C1=C(OCc2ccc(Cl)cc2)C=CCC1,35.37,49.84
O=C1c2ccccc2-c2onc3c(N4CCN(CCO)CC4)cc(NC4CCCCC4)c1c23,23.67,36.67
Cc1ccc(/N=N/c2ccc(N3C(=O)c4ccc(C(=O)c5ccc6c(c5)C(=O)N(c5ccc(/N=N/c7ccc(C)cc7)cc5)C6=O)cc4C3=O)cc2)cc1,59.77,82.32
CN1C(=O)c2ccc(C(=O)Nc3ccc4nc(N5CCOCC5)sc4c3)cc2C1=O,61.45,72.36
CCOc1cc(-c2nc3ccccn3c2/N=C/c2cc([N+](=O)[O-])ccc2O)ccc1O,57.71,78.63
C[n+]1c(C=Cc2ccc(-c3ccc([N+](=O)[O-])cc3)o2)ccc2ccccc21,38.94,55.93
Cc1ccc(C(=O)N2CCN(c3ccc(NC(=O)C=Cc4ccc(-c5ccccc5[N+](=O)[O-])o4)cc3)CC2)cc1,42.61,56.16
CC1=C(C#N)C(=O)N(CCc2ccccc2)C(=O)/C1=C/c1ccc(N(C)C)cc1,19.33,23.14
[N]/C(=N\c1ccc(Br)cc1)C(C#N)=C(C#N)C#N,23.37,27.69
COC(=O)c1c(-c2ccccc2)noc1-c1cc(-c2onc(-c3ccccc3)c2C(=O)OC)cc(-c2onc(-c3ccccc3)c2C(=O)OC)c1,54.15,70.7
O=S(=O)([O-])CCC[n+]1c2ccccc2cc2ccccc21,15.68,28.95
O=[N+]([O-])c1ccc(C=Cc2c3ccccc3cc3ccccc23)cc1,31.91,49.51
O=C(O)CC(C(=O)O)N1C(=O)/C(=C/C(Cl)=C/c2ccc([N+](=O)[O-])cc2)SC1=S,80.44,78.24
CC(C)N(C)C(=O)C1CSCN1C(=O)/C=C/c1ccc(-c2ccccc2)s1,14.28,17.93
O=C1c2ccccc2C(=O)c2c1cccc2-c1cc(C=C2SC(=S)N(c3ccccc3)C2=O)co1,46.45,63.18
COc1cccc(/C=N/n2c3c(c4nc5ccccc5nc42)C(=O)[NH+](c2ccccc2)[C-](C)N3)c1,42.26,62.39
CC[NH+](CC)Cc1c([O-])cc(C)c2c1O/C(=C\c1cc3ccccc3o1)C2=O,23.08,30.41
CN1C(=O)C(=Cc2ccc(-c3cc(C(F)(F)F)cc(C(F)(F)F)c3)o2)SC1=S,53.82,73.2
CCOC(=O)C1=C(Nc2ccccc2)SC(=Cc2ccc(-c3ccc([N+](=O)[O-])cc3C)o2)C1=O,40.34,49.45
C=CC[NH+]1[CH-]Nc2c(c3nc4ccccc4nc3n2/N=C/c2ccccc2C)C1=O,48.09,67.64
CCCCN=S([O-])[OH+]c1ccc2c(c1)C(=O)c1ccccc1C2=O,40.34,52.2
Clc1cccc(-c2nn3c4cc(N5CCNCC5)ccc4nc3c3ccccc23)c1,35.28,57.3
O=C1/C(=C/c2cccc([N+](=O)[O-])c2)CCC/C1=C\c1cccc([N+](=O)[O-])c1,37.98,49.57
CC[n+]1c(C=Cc2ccc(-c3ccc([N+](=O)[O-])cc3)o2)ccc2ccccc21,38.36,54.39
O=C(CN1C(=O)S/C(=C\c2coc3ccccc3c2=O)C1=O)Nc1ccc(N2CCOCC2)cc1,49.01,56.01
O=[N+]([O-])c1ccc(-c2nc3ccc(C(F)(F)F)cn3c2NC2CCCCC2)o1,37.03,51.57
O=C1C(=Cc2ccc(-c3ccc([N+](=O)[O-])cc3Cl)o2)SC(=S)N1CCCN1CCOCC1,33.73,32.94
CN(c1ccccc1)c1ccc(/C=N/NS(=O)(=O)c2ccccc2)cc1,15.59,29.6
CN(C)c1ccc(C=CC(O)=C2C(=O)N(c3ccccc3Cl)C(=O)N=C2O)cc1,72.52,79.62
Cc1noc(/C=C/c2ccc(N3CCCC3)cc2)c1[N+](=O)[O-],27.08,38.74
CCN(CC)c1ccc(C2=Nc3ncnn3/C2=N/Cc2ccc(F)cc2)cc1,23.47,35.14
N#C/C(=C/c1ccc(N2CCCCC2)cc1F)c1ccc(C(=O)O)cc1,57.16,76.88
CN(C)c1ccc(/C=N/c2ccc(S(=O)(=O)N3CCCC3)cc2)cc1,15.32,32.59
CC(C)Nc1cc(N2CCN(CCO)CC2)c2noc3c2c1C(=O)c1ccccc1-3,27.3,38.98
Cc1ccc(-c2ccc(/C=C3\SC(N4CCN(c5ccccc5)CC4)=NC3=O)o2)cc1,23.5,33.44
CN1C(=O)c2ccc(C(=O)Nc3ccc(N4CCOCC4)cc3)cc2C1=O,69.38,80.78
CCCCCCCN1C=CC(=CC=C(C#N)C#N)C=C1,15.39,24.71
CC(C)N(c1ccccc1)c1ccc(NC(=O)c2cc(Cl)cc(Cl)c2)cc1,28.5,43.84
CCN1C(=O)/C(=C/C=C\N2CCCc3ccccc32)SC1=S,12.12,18.0
O=C(Nc1ccc2nc(N3CCOCC3)c(N3CCOCC3)nc2c1)c1ccc([N+](=O)[O-])cc1,56.08,65.28
CC1=CC(C)(C)N(C)c2ccc(C(=S)N3CCCC3)cc21,9.88,21.26
CC[n+]1ccc(/C=C/c2c[nH]c3ccc(C)cc23)c2ccccc21,23.73,43.17
CC[NH+](CC)Cc1c([O-])ccc2c1O/C(=C\c1ccccc1F)C2=O,24.76,34.49
COc1ccc(-c2ccc(C=CC(=O)c3ccc(N4CCOCC4)cc3)o2)c([N+](=O)[O-])c1,39.05,45.98
[O-][n+]1cc(-c2ccccc2)[n+]([O-])c2ccccc21,27.91,41.19
"ClC1=CC=C(C=C1)N1CCN(CC1)C(=N)C(C=C(C#N)C#N)C#N |c:3,5,t:1|",44.11,50.35
C[n+]1c(/C=C/c2coc3ccccc3c2=O)sc2ccccc21,21.56,36.01
O=S(=O)([O-])CCC[n+]1c(C=Cc2ccc(C(F)(F)F)cc2)sc2ccccc21,33.61,48.18
COC(=O)c1ccc(N2C(=O)C(=Cc3ccc(-c4ccc(Br)cc4)o3)C=C2c2ccccc2)cc1,49.22,65.69
Cc1ccc(N2CCN(C3=NC(=O)C(=Cc4ccc(-c5ccc(Cl)cc5[N+](=O)[O-])o4)S3)CC2)cc1Cl,44.44,55.19
CCN1C(=Cc2ccc3cc(C)ccc3[n+]2CCCS(=O)(=O)[O-])C=Cc2cc(C)ccc21,21.14,28.01
Cc1ccc(C(=O)c2c(C=CC=Cc3ccccc3)oc3cc(C#N)c(C#N)cc23)cc1,41.65,59.76
COc1ccc(OC)c2nc3c(nc12)C(=O)c1ccccc1-3,29.05,43.38
O=C1C2=NC3=C(C(OC)=CC=C3OC)N=C2C4=C1C=CC=C4,29.05,43.38
"CC(C)N(C1=CC=CC=C1)C1=CC=C(NC(=S)NC(=O)C2=CC=CC=C2)C=C1 |c:6,8,23,25,28,t:4,11,13,21|",18.59,31.32
CC(C)N(c1ccccc1)c1ccc(NC(=S)NC(=O)c2ccccc2)cc1,18.59,31.32
O=C1c2cccc3cc(Br)cc(c23)C(=O)N1c1ccc(/N=N/c2ccccc2)cc1,49.15,71.92
CCOc1ccc(N2C(=O)/C(=C\c3ccc(-c4ccc([N+](=O)[O-])cc4)o3)C(=O)NC2=S)cc1,55.6,66.43
O=C1C(=CC=Cc2ccccc2Cl)SC(=S)N1C1CCCCC1,16.32,24.34
CCOc1ccc(N2C(=O)/C(=C\c3cc4c5c(c3)CCCN5CCC4)C(=O)N=C2S)cc1,33.14,44.2
CN1C(=O)/C(=C/c2cc(/N=N/c3ccccc3)ccc2O)SC1=S,55.62,69.13
CCOC(=O)C1CCCN(c2cc(NCCO)c3c4c(onc24)-c2ccccc2C3=O)C1,31.94,41.65
O=C(O)C/C(=C\c1ccc(-c2ccc([N+](=O)[O-])cc2)o1)c1nc2ccccc2s1,61.49,80.58
C=CCN1C(=O)/C(=C\c2ccc(N(CC)CC)cc2OCc2ccc(Cl)cc2Cl)SC1=S,23.73,29.67
Cc1ccc(N2CCN(C3=NC(=O)C(=Cc4ccc(-c5ccccc5[N+](=O)[O-])o4)S3)CC2)cc1Cl,37.96,46.34
CCCN1CCN(c2cc(NCCC(=O)O)c3c4c(onc24)-c2ccccc2C3=O)CC1,62.19,77.52
COc1ccc(N2C(=O)C(=Cc3cccc4c3-c3ccccc3C4=O)SC2=S)cc1,41.93,56.56
CCc1ccc(N2CN=c3s/c(=C4\C(=O)Nc5ccc(Cl)cc54)c(=O)n3C2)cc1,47.67,57.04
[C][C]N([C][C])c1ccc([C]=C2C(=O)[N]C(=S)[N]C2=O)c(O[C][C]=[C])c1,42.88,42.87
C[n+]1ccc(-c2c3nc(c(-c4cc[n+](C)cc4)c4ccc([nH]4)c(-c4cc[n+](C)cc4)c4nc(c(-c5cc[n+](C)cc5)c5ccc2[nH]5)C=C4)C=C3)cc1.Cc1ccc(S(=O)(=O)[O-])cc1.Cc1ccc(S(=O)(=O)[O-])cc1.Cc1ccc(S(=O)(=O)[O-])cc1.Cc1ccc(S(=O)(=O)[O-])cc1,65.37,91.91
CCN1C(=O)/C(=C\c2cc(C)n(CC3CCCO3)c2C)c2cc(S(=O)(=O)N3CCOCC3)ccc21,25.42,25.88
O=C1N/C(=N/c2ccc(F)cc2)S/C1=C\c1ccc(N2CCCCC2)o1,26.58,39.17
O=C(Nc1ccc(N2CCOCC2)cc1)c1ccc(-c2ccc(S(=O)(=O)N3CCCC3)cc2)cc1,29.55,39.69
COc1ccc2c(c1)c(/C=C1/Oc3c(ccc([O-])c3C[NH+]3CCCCC3C)C1=O)cn2C,25.96,37.71
COc1cccc(N2C(=O)C(=Cc3ccc([N+](=O)[O-])s3)C(=O)N=C2S)c1,68.46,74.85
CCN1C(=O)/C(=C\C=C2\N(CC)c3ccc(-c4ccccc4)cc3C2(C)C)S/C1=N\c1ccc(Oc2ccccc2)cc1,29.84,42.52
CCNC(=S)NN=CC1=C(N2CCOCC2)C(=Cc2ccc(N(CC)CC)cc2)CC1,26.82,43.66
CCCc1nc2ccccc2c(=O)n1/N=C/c1ccc(N(C)C)cc1,17.8,31.61
CN(CCO)c1cc(NCc2ccccc2)c2c3c(onc13)-c1ccccc1C2=O,20.71,29.61
O=C1N/C(=N/c2ccc(Cl)cc2)SC1=Cc1ccc(N2CCCC2)o1,29.16,41.83
Cc1ccc([N+](=O)[O-])cc1/N=C/c1ccc(Br)s1,24.6,30.95
"CC1CN(CC(C)O1)C1=NC=C(S1)C=C(C#N)C#N |c:11,t:9|",42.84,58.86
CCCN1CCN(c2cc(NCCCC(=O)O)c3c4c(onc24)-c2ccccc2C3=O)CC1,57.85,73.95
[C]N([C])C(=[O+]N1C(=O)[C]2[C]3[C][C]([C]=[C]3)[C]2C1=O)N([C])[C],52.46,48.13
Cc1ccsc1/C=C1\Oc2c(ccc([O-])c2C[NH+]2CCC(C)CC2)C1=O,21.34,26.17
CN1C(=O)/C(=C/c2ccc(-c3ccc(Cl)c(Cl)c3)o2)N(C)C1=S,39.58,51.79
CCN1C(=O)/C(=C\C=C2/SC(c3ccccc3)=C(c3ccccc3)N2CC)SC1=S,17.36,20.6
COCCNC(=O)c1c(N)n(-c2ccc(N3CCOCC3)cc2)c2nc3ccccc3nc12,32.58,51.97
O=C(C=Cc1cnc(N2CCOCC2)s1)c1ccc(N2CCCCCC2)cc1,13.91,20.11
CN1CC(=Cc2cccc([N+](=O)[O-])c2)C(=O)C(=Cc2cccc([N+](=O)[O-])c2)C1,44.29,46.08
COc1ccc(N2C(=O)C(=Cc3ccc([N+](=O)[O-])o3)SC2=S)cc1,36.31,43.05
O=C1C(=Cc2ccc(-c3ccc([N+](=O)[O-])cc3)o2)SC(=S)N1C1C=S(=O)([O-])CC1,55.95,63.43
O=C1C(=Cc2ccc(-c3ccc(Cl)c(Cl)c3)o2)C=C(c2ccccc2)N1c1cccc(Cl)c1,53.97,77.24
Cc1ccc(N2C(=O)/C(=C/c3ccc(-c4ccc([N+](=O)[O-])cc4)o3)SC2=S)c(C)c1,41.25,52.26
CN(C)c1ccc(C=C2C(=O)C(=O)c3ccccc32)cc1Br,34.9,45.69
O=[N+]([O-])c1ccc(Nc2ccc(-c3ccc(Nc4ccc([N+](=O)[O-])c5nonc45)cc3)cc2)c2nonc12,55.44,76.5
CCCCCCCCCCCCCCCC(=O)Nc1ccc2c(c1)C(=O)c1ccccc1C2=O,23.75,38.37
O=C(Nc1ccc(Oc2ccc3c(c2)C(=O)OC3=O)cc1)c1ccc2c(c1)C(=O)N(c1ccc(/N=N/c3ccccc3)cc1)C2=O,61.47,84.96
CCN1C(=O)/C(=C\C=C\c2ccccc2[N+](=O)[O-])SC1=S,34.27,41.38
CC(C)(C)c1ccc2sc3c4c(ccc3c2c1)C(=O)c1ccccc1C4=O,48.05,68.2
COCC[NH+]1C(=O)c2c(n(/N=C/c3cccc(OC)c3)c3nc4ccccc4nc23)N[C-]1C,40.56,56.6
CCCN1/C(=C/C=C/c2sc3ccccc3[n+]2CCC)Sc2ccccc21,17.43,24.19
Cc1ccc(-c2ccc(/C=C(\C#N)C(=O)N3CCN(c4ccccc4)CC3)o2)c(Br)c1,31.81,38.51
CN1C(=S)SC(/[N+]([O-])=C\C=C\c2ccc([N+](=O)[O-])o2)C1(C)C,34.06,39.3
N#C/C(=C/c1ccc(N2CCCCC2)cc1)c1ccc(C(=O)O)cc1,54.01,71.92
CCN(CC)c1ccc(/C=C2\C(=O)N(C3CCS(=O)(=O)C3)C(=O)C(C#N)=C2C)cc1,40.99,52.39
Cc1ccc(N2C(=O)/C(=C\c3cc4c5c(c3)CCCN5CCC4)C(=O)NC2=S)cc1,27.37,35.35
Cc1ccc2c(c1)C1=C(SS/C1=C1\SC(=S)NC1=O)C(C)(C)N2,35.35,39.42
O=C1/C(=C/c2ccc(-c3ccc(Cl)c(Cl)c3)o2)C=C(c2ccccc2)N1c1cccc2ccccc12,51.78,75.18
CC1=NOC(=O)C1=Cc1ccc(-c2ccc(N3CCCCC3)c([N+](=O)[O-])c2)o1,41.68,52.26
COc1ccc(N2C(=O)/C(=C/c3ccc(-c4ccc([N+](=O)[O-])cc4OC)o3)C(=O)NC2=S)cc1,55.57,63.72
CCN1/C(=C/c2sc3ccccc3[n+]2CCCS(=O)(=O)[O-])C=Cc2cc(C)ccc21,18.39,23.24
Cc1ccc(N2C(=O)C(=Cc3ccc(-c4ccc(Br)cc4)o3)C=C2c2ccccc2)cc1[N+](=O)[O-],52.4,70.36
O=C1OC(C2=CC([N+]([O-])=O)=CC=C2)=N/C1=C/C(C=C3)=CC=C3N(C)C,43.61,54.92
CN(C)c1ccc(/C=C2/N=C(c3cccc([N+](=O)[O-])c3)OC2=O)cc1,43.61,54.92
CCOC(=O)C=Cc1ccc(-c2ccc([N+](=O)[O-])cc2C)o1,24.88,30.1
CCN1C(=O)/C(=C\C=C2\N(C)c3ccccc3C2(C)C)OC1=S,10.9,13.72
N#Cc1c(/N=C/c2ccc(-c3c(Br)cc([N+](=O)[O-])cc3Br)o2)sc2c1CCCC2,47.31,61.74
CN(C)c1cc(NCCN2CCC3(CC2)OCCO3)c2c3c(onc13)-c1ccccc1C2=O,31.09,42.99
CN(CCO)c1cc(Nc2ccc(F)cc2)c2c(c1N)C(=O)c1ccccc1C2=O,52.25,75.78
"CCN(CC)C1=NC=C(S1)C=C1C(=O)OC(C)(C)OC1=O |c:7,t:5|",36.89,59.82
COc1ccc2occ(C=CC=C3C(=O)NC(=S)NC3=O)c(=O)c2c1,67.12,65.83
Cc1cccc(N2CCN(C3=NC(=O)/C(=C/c4ccc(-c5ccc(Cl)c(Cl)c5)o4)S3)CC2)c1,37.27,49.72
CCOCCCNc1cc(N2CCC(C)CC2)c2noc3c2c1C(=O)c1ccccc1-3,12.0,12.35
O=C1C(=Cc2ccc(-c3cccc(Cl)c3)o2)Sc2ccccc21,44.01,64.34
OC1(c2ccc(Br)cc2)C[N+]2=C(CCCCC2)N1c1ccc2c(c1)OCO2,25.91,42.54
CS(C)(=O)=Nc1ccc(N2CCOCC2)c2c1C(=O)c1ccccc1C2=O,40.35,55.6
CCN1C(=O)/C(=C\C=C\c2ccc(Br)cc2)SC1=S,25.87,33.04
CCOc1ccc(Cl)cc1C=C1C(C)=C(C#N)c2nc(N)c(C#N)c(C)c21,49.22,71.75
CC[n+]1c(/C=C/c2ccc(-c3ccc([N+](=O)[O-])cc3)o2)ccc2ccccc21,42.68,60.18
CN(C)c1ccc(/C=C(/C#N)c2ccc(C(=O)O)cc2)cc1Br,45.45,57.42
CC(/C=C1/N=C(c2cccc([N+](=O)[O-])c2)C(=O)O1)=C\c1ccc(/C=C(C)/C=C2/N=C(c3cccc([N+](=O)[O-])c3)C(=O)O2)cc1,58.43,73.61
Cc1ccc(-c2csc(/C(C#N)=C/c3ccc(N(C)C)cc3)n2)cc1C,31.72,42.93
CN(C)c1ccc(/C=C(\C#N)c2nc(-c3ccc4c(c3)OCO4)cs2)cc1,29.32,39.8
CCN1C(=O)/C(=C\c2ccc(-c3ccc([N+](=O)[O-])cc3Br)o2)SC1=S,40.93,48.58
CC(C)(C)c1ccc2c(c1)C(=O)c1ccc(C(C)(C)C)cc1C2=O,47.28,69.45
CN(C)c1ccc(C(=O)c2ccc(N(C)C)cc2)cc1,11.06,19.22
CN1/C(=C\C=N/c2cccc(C(=O)O)c2)C(C)(C)c2ccccc21,56.24,74.76
O=C1NC(=S)NC(=O)C1=Cc1ccc(N2CCCCC2)o1,72.09,77.91
CN1C(=CC=CC=Nc2cc(C(C)(C)C)cc(C(C)(C)C)c2)C(C)(C)c2c1ccc1ccccc21,28.59,42.52
CCCN1CCN(c2cc(NCCO)c3c4c(onc24)-c2ccccc2C3=O)CC1,29.15,45.55
COC(=O)c1ccc(/N=C2\C=C(N3CC[NH+](c4ccccc4)CC3)C(=O)c3cccc([O-])c32)cc1,40.9,50.35
COc1ccc(N2CCN(c3cc(NCc4ccccc4)c4c5c(onc35)-c3ccccc3C4=O)CC2)cc1,24.61,35.42
COc1ccc(N2C(=O)/C(=C/c3ccc(-c4ccc([N+](=O)[O-])cc4Cl)o3)C(=O)NC2=S)cc1,55.31,65.75
O=[N+]([O-])c1ccc(-c2cn3c(-c4ccccc4)c(-c4ccccc4)sc3n2)cc1,38.1,54.89
COc1ccc(/C=C2\Oc3c(ccc([O-])c3C[NH+]3CCCCC3)C2=O)c(OC)c1OC,34.15,46.67
COc1ccc(-c2oc(/N=C/c3cccc([N+](=O)[O-])c3)c(C#N)c2-c2ccc(OC)cc2)cc1,53.54,73.36
COc1cc(OC)c(OC)cc1/C=C1\Oc2c(ccc([O-])c2C[NH+]2CCCCC2C)C1=O,28.1,36.35
CN(C)c1ccc(/C=C2\c3cc([N+](=O)[O-])ccc3-c3c2cc([N+](=O)[O-])cc3[N+](=O)[O-])cc1,47.75,58.18
Cc1ccccc1Nc1cc(N2CCCCC2C)c2noc3c2c1C(=O)c1ccccc1-3,23.85,35.95
Cc1cc(/C=C(\C#N)c2ccc(F)cc2)c(C)n1-c1ccc(N(C)C)cc1,26.45,37.39
COc1cc(C=Cc2nc3cc([N+](=O)[O-])ccc3s2)cc(OC)c1O,38.88,51.56
COc1cc(C=O)cc(/C=C/C2=[N+](C)c3ccccc3C2(C)C)c1[O-],20.08,25.07
CS(=O)(=O)Nc1c(Oc2ccccc2)c(N2CCCCC2)c(O)c2c1C(=O)c1ccccc1C2=O,42.74,56.77
Cc1nc2ccccc2c(=O)n1N=Cc1ccc(N(C)c2ccccc2)cc1,22.97,42.1
CCCN1CCN(c2cc(NCCOC)c3c4c(onc24)-c2ccccc2C3=O)CC1,17.04,25.76
CC1=C(C#N)c2nc(N)c(C#N)c(C)c2/C1=C/c1ccccc1[N+](=O)[O-],50.5,71.83
CCN1C(=CC=C2SC(=S)N(c3ccccn3)C2=O)Sc2ccccc21,15.14,16.05
O=c1/c(=C/C=C/c2ccccc2)sc2n1CN(c1ccc(I)cc1)CN=2,38.63,58.51
CCOC(=O)c1ccc(-c2ccc(/C=C3\C=C(c4ccccc4)N(c4cc(C)ccc4C)C3=O)o2)cc1,44.34,59.61
C[C@@H]1Oc2ccccc2C=C1C=C1Oc2cc(OC(=O)N3CCOCC3)ccc2C1=O,39.92,49.54
CCOc1ccc(NC(=O)/C(C#N)=c2/s/c(=C/c3ccc(-c4ccc([N+](=O)[O-])cc4)o3)c(=O)n2-c2ccccc2)cc1,45.35,60.09
CCCCCCc1ccc(C(=O)Nc2ccc(NC(=O)c3ccc(CCCCCC)cc3)c3c2C(=O)c2ccccc2C3=O)cc1,39.81,56.25
COc1ccccc1/C=C/C=C1\Oc2c(ccc([O-])c2C[NH+]2CCOCC2)C1=O,41.49,56.79
O=C(/C=C/c1ccc(-c2cccc(Cl)c2Cl)o1)c1cccc(N2CCOCC2)c1,44.57,58.59
CC1=C(C#N)C(=O)N(CC(C)C)C(=O)/C1=C/c1ccc(-c2ccc(C(=O)O)cc2)o1,70.6,85.07
O=[N+]([O-])c1ccc(C2=NNC(c3ccc(Cl)cc3)=Nc3c2ccc2ccccc32)cc1,48.08,67.08
CC[NH+](CC)Cc1c([O-])ccc2c1O/C(=C\c1cc(Br)ccc1OC)C2=O,32.57,41.2
O=[N+]([O-])c1ccc(-c2c(O)c3ccccc3c3nc4ccccc4nc23)cc1,43.68,69.16
Cc1ccc(Nc2cc(N3CCOCC3)c(N)c3c2C(=O)c2ccccc2C3=O)cc1,42.83,60.65
O=C1[C]C(=C2c3ccccc3-c3ccccc32)C(=O)N1[C][C][C]N1[C][C]N(c2ccc([N+](=O)[O-])cc2)[C][C]1,57.41,72.73
O=C1/C(=C/c2ccc([N+](=O)[O-])cc2)C=C(c2ccccc2)N1c1ccccc1,37.7,53.54
CCN=C1C=CC(=C(c2ccc(NCC)c(C)c2)c2cc(O)c(S(=O)(=O)[O-])cc2S(=O)(=O)O)C=C1C,49.93,61.87
O=C1/C(=C\c2ccc(-c3ccc([N+](=O)[O-])cc3)o2)C(C(F)(F)F)=NN1c1ccc(Cl)cc1,58.11,78.57
Cc1ccc(N2CCN(C3=NC(=O)/C(=C\c4ccc(-c5cc(Cl)ccc5Cl)o4)S3)CC2)cc1,37.81,50.64
O=C1OC(c2cccc(F)c2)=NC1=CC=Cc1cccc([N+](=O)[O-])c1,48.21,64.4
COc1ccc(N2C(=O)C(=Cc3ccc(-c4cc([N+](=O)[O-])ccc4C)o3)SC2=S)cc1,40.9,50.18
COc1ccc(-c2ccc(NC(=O)c3ccc([N+](=O)[O-])cc3)cc2)nn1,55.23,74.6
O=C1C(=Cc2ccc(-c3ccc([N+](=O)[O-])cc3)o2)SC(=S)N1N=Cc1ccccc1,43.79,56.68
O=C(/C=C/c1ccc(-c2ccc(Cl)cc2)o1)c1ccc(-c2ccc([N+](=O)[O-])cc2)o1,54.24,73.5
Cc1cc([N+](=O)[O-])ccc1-c1ccc(C=C2SC(=S)N(Cc3ccccc3)C2=O)o1,27.46,33.64
CCN1CCN(c2ccc(/N=C/c3cc([N+](=O)[O-])ccc3O)cc2)CC1,55.99,75.75
[C]OC(=O)C1=C(C(=O)O[C])SC(=C2C(=S)C([C])([C])N(C(=O)[C][C][C]3[C][C][C][C][C]3)c3cc([C])c([C])cc32)S1,47.64,52.46
[C][C][C]N([C][C][C])c1ccc([C]=C2C(=O)[N]C(=S)[N]C2=O)cc1,44.93,46.39
O=C(O)c1ccc(Nc2cc(N3CCCCC3)c3noc4c3c2C(=O)c2ccccc2-4)cc1,62.4,85.36
COc1cc([N+](=O)[O-])ccc1-c1ccc(/C=C2/C(=O)N(c3ccccc3)N=C2C(F)(F)F)o1,54.71,71.56
Cc1nc(-c2ccc(C(F)(F)F)cc2)sc1C(=O)/C=C/C=C/c1ccc(N(C)C)cc1,39.64,54.87
"CN(C)C1=CC=C(\C=C\C=C\C(=O)C2=C(C)N=C(S2)C2=CC=C(C=C2)C(F)(F)F)C=C1 |c:13,16,22,24,31,t:3,5,20|",35.87,49.39
Cc1ccsc1/C=C1\Oc2c(ccc([O-])c2C[NH+]2CC(C)CC(C)C2)C1=O,18.56,20.79
CCOC(=O)CCN1C(=CC=C2SC(=S)N(CC)C2=O)Sc2ccc(OC)cc21,15.86,19.22
O=C(O)c1ccc(N2C(=O)/C(=C/c3ccc(-c4ccc(Br)cc4)o3)C=C2c2ccccc2)cc1,62.58,89.41
O=C1/C(=C/C=C2/Sc3ccc(-c4ccccc4)cc3N2CCCS(=O)(=O)O)SC(=S)N1c1ccccc1,27.27,35.7
CC1=C(C#N)c2nc(N)c(C#N)c(C)c2/C1=C\c1ccc(-c2cccc(Br)c2)o1,59.44,86.21
O=C1C(=Cc2ccc(-c3cc(C(F)(F)F)cc(C(F)(F)F)c3)o2)SC(=S)N1Cc1ccccc1,51.94,71.82
Cc1ccc(NC(=O)/C=C(\C#N)c2ccc(-c3cccc([N+](=O)[O-])c3)o2)cc1,35.72,48.53
COc1ccccc1C=CC=C1N=C(C=Cc2cccc([N+](=O)[O-])c2)OC1=O,39.37,51.11
CCOCCCNc1cc(N(C)CCO)c2noc3c2c1C(=O)c1ccccc1-3,18.56,27.28
O=[N+]([O-])c1ccc(N2CCOCC2)c(/C=N/c2ccc(-c3ccccc3)cc2)c1,29.43,39.97
[C]N1C(=O)C(=C2[C][C][C][C]2)c2cc(OS(=O)N3[C][C][C][C][C][C]3)ccc21,54.3,60.33
CCCSC1=NC(=Cc2ccc(-c3ccc([N+](=O)[O-])cc3Cl)o2)C(=O)S1,41.04,51.0
N#CC(=Cc1ccc(N2CCOCC2)o1)c1cccc([N+](=O)[O-])c1,30.84,37.77
COc1cc(C(C)=CC(C)=Cc2ccc([N+](=O)[O-])cc2)oc(=O)c1C,28.26,32.07
[O-][n+]1c2c([n+]([O-])c3cc(N4CCCC4)c(F)cc31)CCCC2,19.69,31.52
[C]N1C(=O)C(=[C]c2ccc(N3[C][C][C][C]3)o2)C(=O)N([C])C1=S,56.04,53.12
CC(=O)O/C(C=C(C#N)C#N)=C\C=C\N(C(C)=O)c1ccccc1,20.8,22.82
O=C1/C(=C/C=C/c2ccco2)SC(=S)N1c1ccc(F)c(Cl)c1,37.15,52.29
COc1cccc(Nc2cc(N3CCC(C)CC3)c3noc4c3c2C(=O)c2ccccc2-4)c1,26.41,38.5
O=C1OC(c2cccc(Br)c2)=N/C1=C\C=C\c1ccc([N+](=O)[O-])cc1,48.33,64.42
COc1ccc(-c2cc(-c3cccc([N+](=O)[O-])c3)c3c(N)c(C(=O)Nc4ccc(C)cc4)sc3n2)cc1,52.59,75.47
O=C(/C=C/c1cccc([N+](=O)[O-])c1)Nc1ccc(N2CCCC2)cc1,29.01,40.51
CN1/C(=C/C=N/c2ccc([N+](=O)[O-])cc2)C(C)(C)c2ccccc21,14.52,17.68
COc1ccc(NC(=O)C=Cc2ccc(-c3ccccc3[N+](=O)[O-])o2)cc1,31.58,44.46
COc1ccc(N2CN=c3s/c(=C\C=C\c4ccccc4)c(=O)n3C2)cc1OC,29.45,44.09
[C](/[C]=[C]/c1cc(-c2ccccc2)[o+]c(-c2ccccc2)c1)=C1c2ccccc2Oc2ccccc21,55.46,80.4
O=C1C(=Cc2ccc(-c3cccc(F)c3)o2)SC(=S)N1CC1CCCO1,24.48,31.42
[Na+].[Na+].[O-]c1c(I)cc2c(Oc3c(I)c([O-])c(I)cc3C22OC(=O)c3c2c(Cl)c(Cl)c(Cl)c3Cl)c1I,55.76,74.52
COc1cc(/C=C2\Oc3c(ccc([O-])c3C[NH+]3CCCCC3C)C2=O)cc(OC)c1OC,27.84,36.12
[N]C(=C(C#N)C#N)/C(=[C]/c1ccc(-c2ccc(Br)cc2)o1)C#N,31.35,39.97
O=C1C(=Cc2ccc(-c3ccc(Br)cc3)o2)C=C(c2ccccc2)N1c1ccc(F)cc1,51.98,75.38
CC1CC(C)CN(CCNc2cc(N3CC(C)CC(C)C3)c3noc4c3c2C(=O)c2ccccc2-4)C1,11.88,13.79
CCCCCN1C(=O)C(=Cc2ccc(-c3cccc(F)c3)o2)SC1=S,20.9,27.47
CC1=CC(=C(c2ccc(N)c(C)c2)c2ccc(N)c(C)c2)C=CC1=N,45.02,73.02
CN(c1ccccc1)c1ccc(C=Cc2nc3ccc([N+](=O)[O-])cc3s2)cc1[N+](=O)[O-],32.21,44.04
CCOc1ccc2c(c1)/C(=C1/SC(C(=O)OC)=C(c3ccccc3)S1)C(=S)C(C)(C)N2,24.73,25.7
"CN(C)\C=C\C1=[N+]([O-])C2=CC=CC=C2[N+]([O-])=C1C(C)=O |c:5,10,12,16,t:8|",25.86,20.08
Cc1cc([N+](=O)[O-])ccc1-c1ccc(/C=C(\C#N)c2ccc([N+](=O)[O-])cc2)o1,43.84,55.93
CCCCC(=O)N1c2ccc(OC)cc2-c2c(s[s+]c2SC(C)=O)C1(C)C,16.62,20.17
CSc1ccc(C2=C/C(=C3/N=C(c4ccco4)OC3=O)c3ccccc3O2)cc1,33.61,49.86
COC(=O)c1ccc2c(c1)[N+](C)=C(/C=C/c1ccc(OC)c(OC)c1)C2(C)C,22.13,23.99
Cc1ccc(N2C(=O)/C(=C/c3ccc(-c4ccc(Cl)c(Cl)c4)o3)C=C2c2ccccc2)cc1[N+](=O)[O-],54.32,73.88
CCOC(=O)C1=C(NC(=O)c2ccccc2)SC(=Cc2ccc(-c3ccc([N+](=O)[O-])cc3)o2)C1=O,43.99,54.04
N#C/C(=C\c1ccc(-c2c(Cl)cccc2Cl)o1)c1nc(-c2cccc([N+](=O)[O-])c2)cs1,54.4,73.48
COc1ccc(N2C(=O)/C(=C/c3ccc(-c4cccc([N+](=O)[O-])c4)o3)SC2=S)cc1,45.07,56.56
CCN1C(=O)/C(=C\c2cc(C)n(-c3ccc(NC4CCCC4)c([N+](=O)[O-])c3)c2C)c2cc(S(=O)(=O)N3CCOCC3)ccc21,30.67,32.09
COC(=O)c1ccc(-c2ccc(/C=C(\C#N)C(=O)N3CCN(c4ccccc4)CC3)o2)cc1,26.98,30.83
COc1ccccc1/C=C/C=C1\Oc2c(ccc([O-])c2C[NH+]2CCCC2)C1=O,38.56,56.12
Cc1cc([N+](=O)[O-])ccc1-c1ccc(C=NN2CCOCC2)o1,44.65,57.19
COc1ccc(OC)c(/C=C/c2sc3ccccc3[n+]2C)c1,23.72,34.08
COc1ccc2c(c1)-c1c(ss/c1=N\c1ccc([N+](=O)[O-])cc1OC)C(C)(C)N2,25.3,29.11
CCN1C(=O)/C(=C/c2ccc(-c3ccc(Br)cc3)o2)N(CC)C1=S,29.38,36.29
CCCCNc1c(OC)ccc2c1C(=O)c1ccccc1C2=O,23.41,33.56
CSc1cccc(N2C(=O)C(=Cc3ccc(-c4ccc(C(=O)O)cc4C)o3)SC2=S)c1,61.92,80.39
O=C(O)CCCCCN1C(=O)C(=Cc2ccc(-c3ccc(C(=O)O)cc3)o2)SC1=S,76.52,85.11
CN(C)c1ccc(-c2nc3ccc4ccccc4c3c3c2C(=O)c2ccccc2-3)cc1,43.55,64.6
NOS(=O)c1ccc(-c2ccc(C=C3SC(=S)N(Cc4ccccc4)C3=O)o2)cc1,36.29,46.41
CCOc1ccc(/C=C2/C(C)=C(C#N)c3nc(N)c(C#N)c(C)c32)cc1OCC,53.72,76.57
O=C1Nc2ccccc2/C1=N/N=C/c1cc(Br)ccc1O,56.14,67.62
COc1ccc(Oc2cc(NC(C)C)c3c4c(onc24)-c2ccccc2C3=O)cc1,35.6,51.27
O=[N+]([O-])c1ccc(/C=[N+](\[O-])[C@@H]2CCCC[C@@H]2/[N+]([O-])=C/c2ccc([N+](=O)[O-])o2)o1,51.58,60.03
CC1=C(c2ccccc2)SS/C1=C1\SSC(c2ccccc2)=C1C,25.29,36.28
CCOCCCNc1cc(N2CCN(C3CCCCC3)CC2)c2noc3c2c1C(=O)c1ccccc1-3,13.75,17.07
CN(C)c1ccc(/C=C/C=C2/C(=O)NC(=O)N(c3ccc(Br)cc3)C2=O)cc1,49.07,56.94
COC(=O)c1ccc(C=CC(=O)c2ccc(N3CCOCC3)cc2)o1,22.87,27.63
CCCN(CCC)c1ccc(/C=C2\S/C(=N\c3ccc(CC)cc3)N(c3ccc(CC)cc3)C2=O)cc1,24.58,34.75
CCOc1ccccc1/C=C1\Oc2c(ccc([O-])c2C[NH+]2CCCCC2C)C1=O,22.82,30.73
Cc1ccc(C(=O)O)cc1-c1ccc(C=C2C(=O)c3ccccc3C2=O)o1,71.03,93.27
COc1cccc(Nc2cc(N3CCC4(CC3)OCCO4)c3noc4c3c2C(=O)c2ccccc2-4)c1,29.94,39.94
CCCCCCCCCCCCN1C(=O)C(=Cc2ccc(-c3cccc(F)c3)o2)SC1=S,21.48,31.72
Cc1noc(/C=C/c2ccc(N3CCCCC3)o2)c1[N+](=O)[O-],24.2,36.83
O=[N+]([O-])c1ccc(/C=C/c2cc(-c3ccc4ccccc4n3)nc3ccc4ccccc4c23)cc1,47.75,71.55
N#CC(C#N)=Cc1ccc(N2CCc3ccccc3C2)o1,14.42,18.95
O=C1N=C(N2CCN(c3ccccc3)CC2)SC1=Cc1ccc(-c2ccccc2[N+](=O)[O-])o1,33.12,40.45
O=C(O)c1ccc(-c2ccc(C=C3SC(=S)N(C4CCCCC4)C3=O)o2)cc1,65.03,82.09
COc1ccc2c(c1)C(=O)C(=Cc1ccc([N+](=O)[O-])cc1)CC2,33.66,44.95
N#CC(C#N)=C1[C]Sc2sc(=S)sc2S[C]1,22.66,28.01
CC[NH+](CC)Cc1c([O-])ccc2c1O/C(=C\c1cccc(OC)c1OC)C2=O,23.31,30.78
[C]N1C(=O)C(=C2[C][C][C][C]2)c2cc(OS(=O)N3[C][C]N([C]4[C][C][C][C][C]4)[C][C]3)ccc21,57.5,64.07
CCn1cc(/C=C2/Oc3c(ccc([O-])c3C[NH+]3CCCC(C)C3)C2=O)c2ccccc21,22.35,34.79
Cc1ccc(N2C(=O)C(=Cc3ccc(-c4cccc(C(F)(F)F)c4)o3)SC2=S)cc1,49.98,68.92
O=C(/C=C/c1ccc(-c2ccc(Br)cc2)o1)c1ccc(-c2ccc([N+](=O)[O-])cc2)s1,53.12,70.32
Nc1c(NCCO)cc(Nc2cccc(F)c2)c2c1C(=O)c1ccccc1C2=O,52.05,77.4
O=C1C(=Cc2ccc(-c3ccc(Br)cc3)o2)C=C(c2ccccc2)N1c1ccc(Cl)cc1Cl,55.23,77.81
COC(=O)c1ccc(-c2ccc(C=C3C(=O)c4ccccc4C3=O)o2)cc1,46.7,59.9
Cc1cc([N+](=O)[O-])ccc1-n1c(C)cc(/C=C2\C(=O)N(C)c3ccc(S(=O)(=O)N4CCOCC4)cc32)c1C,33.94,32.45
O=C(Nc1ccc(-c2cn3c(n2)CCCC3)cc1)c1ccc([N+](=O)[O-])cc1Cl,44.79,60.88
O=C(Nc1ccc(N2CCOCC2)cc1)c1ccc(-c2cccc([N+](=O)[O-])c2)o1,47.95,60.82
CCn1cc(/C=C2/Oc3c(ccc([O-])c3C[NH+]3CCCC3)C2=O)c2cc(OC)ccc21,33.04,50.16
O=c1oc2ccccc2c2c1N=S=N2,23.93,35.69
O=C(C=CC=Cc1ccccc1)C(C(=O)c1ccccc1)=C1SCCCCS1,20.24,23.55
C=CCN1C(=O)C(=Cc2ccc(-c3ccc(C(=O)OCCCC)cc3)o2)SC1=S,27.33,33.55
O=C1[N]c2ccc(S(=O)(=O)[N][C]c3ccc4c(c3)O[C]O4)cc2C1=C1[C][C][C][C]1,43.37,56.26
O=C1N/C(=N\c2ccc(Cl)cc2)S/C1=C\c1ccc(N2CCCCC2)o1,29.92,43.36
O=[N+]([O-])c1ccc(C=NN(c2ccccc2)c2ccccc2)o1,17.66,29.75
CN(c1ccccc1)c1ccc(/C=C2\SC(=S)N(c3cccc(F)c3)C2=O)cc1,28.99,43.03
Cc1cc([N+](=O)[O-])ccc1/N=C/c1ccc(Br)s1,24.76,31.21
COc1cc([N+](=O)[O-])ccc1-c1ccc(C=C2C(=O)ON=C2c2ccccc2)o1,50.52,65.25
COc1cc([N+](=O)[O-])ccc1-c1ccc(C=C2NC(=S)NC2=O)o1,61.96,62.79
Cc1cc(/C=C2\SC(=O)N(Cc3ccc(F)cc3)C2=O)c(C)n1-c1ccc(N(C)C)cc1,27.0,35.19
Nc1c(N2CCCC2)cc(Nc2ccc(Cl)cc2)c2c1C(=O)c1ccccc1C2=O,48.57,72.94
COc1cc([N+](=O)[O-])ccc1/N=c1\ssc2c1-c1cc(C)ccc1NC2(C)C,23.79,27.79
O=C1/C(=C\c2ccc(-c3ccc([N+](=O)[O-])cc3)o2)NC(=S)N1c1ccccc1,45.32,56.71
CCC(C=C1Sc2ccc(OC)cc2N1CC)=C1N=C(c2ccccc2)OC1=O,22.69,26.01
Cc1cc(-c2ccc(C=C3Sc4ccccc4C3=O)o2)ccc1Cl,44.32,63.25
C=CCN1C(=O)C(=Cc2ccc(-c3ccc(C)c(Cl)c3)o2)SC1=S,32.87,43.35
O=C1C(=Cc2ccc(-c3cccc([N+](=O)[O-])c3)o2)SC(=S)N1C1CCS(=O)(=O)C1,52.65,61.56
CC1CCN(c2cc(NCc3ccccc3)c3c4c(onc24)-c2ccccc2C3=O)CC1,17.95,26.19
Cn1cccc1/C=C1/Oc2cc(OCc3ccccc3)ccc2C1=O,22.88,35.35
CCN1C=C/C(=C/c2ccc3ccc(C)cc3[n+]2C)c2ccccc21,25.32,40.31
[C]Oc1ccccc1N1[C][C]N([C][C]N2C(=O)[C]C(=C3c4ccccc4-c4ccccc43)C2=O)[C][C]1,54.61,70.48
O=C(Nc1ccc(-c2ccc(N3CCOCC3)nn2)cc1)c1ccc(Cl)cc1Cl,50.78,68.49
[C]c1ccc(N2C(=O)[C]3[C]([C]4[C]=[C][C]3C4=C3[C][C][C][C][C]3)C2=O)cc1[C],52.51,71.4
COc1cccc(C=Nn2c3c(c4nc5ccccc5nc42)C(=O)[NH+](CCC2=CCCCC2)[C-](C)N3)c1,28.63,37.64
CN(C)S(=O)(=O)c1ccc(-c2ccc(C=CC(=O)c3cccc(N4CCOCC4)c3)o2)cc1,27.3,30.86
CC1(C)CC(=O)C2=C(C1)C1=Nc3ccccc3C1=C2,24.46,37.96
CCCN1C(=O)/C(=C/C=C2\N(CC)c3ccc(-c4ccccc4)cc3C2(C)C)SC1=S,16.98,20.43
Cc1ccc(-[n+]2c3ccccc3nc3ccc(N4CCOCC4)cc32)cc1,19.45,33.49
CCN1C(=O)/C(=C/C(C)=C2/Sc3cc(/C=C/c4ccccc4)ccc3N2CC)SC1=S,22.6,27.65
Cc1ccc(N2C(=O)/C(=C\c3ccc(N4CCCCC4)o3)C(=O)N(c3ccccc3)C2=S)cc1C,25.18,32.74
CCCN1CCN(c2cc(Nc3ccc(F)cc3)c3c4c(onc24)-c2ccccc2C3=O)CC1,34.32,52.16
O=[N+]([O-])C(=Cc1ccc(-c2ccc(Br)cc2)o1)c1ccccc1,37.33,50.79
Cc1ccc(/N=C2/NC(=O)/C(=C/c3ccc(N4CCCC4)o3)S2)cc1,23.42,33.43
O=C1/C(=N/Nc2ccc(/N=N/c3ccccc3)cc2)C(c2ccccc2)=NN1c1ccc([N+](=O)[O-])cc1,52.78,73.53
COc1ccc2c(c1)NC(C)(C)c1s[s+]c(SCc3ccc([N+](=O)[O-])cc3)c1-2,20.58,23.19
CCN(CC)c1ccc(/C=C(\C#N)c2nc(-c3ccc(C)cc3)cs2)cc1,32.2,45.33
O=S(=O)(Nc1nc2ccccc2nc1Nc1ccc2c(c1)N=S=N2)c1ccccc1,22.86,40.86
CC1CC(C)CN(c2cc(Nc3ccccc3C(=O)O)c3c4c(onc24)-c2ccccc2C3=O)C1,61.69,82.66
CC1=C(C#N)C(=O)N(C2CCS(=O)(=O)C2)C(=O)/C1=C/c1ccc(-c2ccccc2[N+](=O)[O-])o1,61.54,70.84
N#CC(C#N)=C(N)/C(C#N)=C/c1ccc(-c2ccc([N+](=O)[O-])cc2)o1,31.93,40.39
CCN1C(=O)/C(=C(\C=C2/Sc3cc(OC)ccc3N2CC)c2ccccc2)S/C1=N\c1ccc(/C=C/c2ccccc2)cc1,39.04,53.9
Cc1cc([O-])c(C[NH+]2CCCCCC2)c2c1C(=O)/C(=C/c1cccnc1)O2,26.15,40.44
CCOc1ccc(C2=CC(=Cc3ccc(N(C)C)cc3)C(=O)O2)cc1,26.33,37.29
COc1cccc(Nc2cc(N(C)C)c(N)c3c2C(=O)c2ccccc2C3=O)c1,39.94,61.07
Cc1[nH]c2ccc(F)cc2c1/C=C/c1cccc(C)[n+]1C,29.48,55.43
COc1ccc2c(c1)OCC(C=C1SC(=S)N(c3cccnc3)C1=O)=C2,22.22,28.33
COCCN1C(=O)C(=Cc2ccc(-c3ccccc3Cl)o2)SC1=S,17.23,17.94
CCN(CC)c1ccc(/C=N/C(C#N)=C(/N)C#N)cc1,16.54,27.61
O=C1OC2(c3ccccc31)c1cc(I)c([O-])c(I)c1Oc1c2cc(I)c([O-])c1I.[Na+].[Na+],54.81,74.72
CCN1C(=O)/C(=C\C=C2/Sc3c(ccc4ccccc34)N2CCO)OC1=S,18.2,21.13
CC1=C(C#N)c2nc(N)c(C#N)c(C)c2/C1=C/c1cn(CC(=O)Nc2ccc(C)cc2)c2ccccc12,45.01,65.09
CCCCCN1/C(=C/c2ccc(N(C)C)cc2)C(=O)c2ccccc2S1(=O)=O,11.37,15.87
O=C1/C(=C/C=C/c2ccco2)SC(=S)N1c1ccc(Cl)c(Cl)c1,41.47,57.03
O=C1c2ccccc2C(=O)c2c(NCC(O)CO)cccc21,75.16,87.98
O=C(NN=CC1=C(N2CCOCC2)C(=Cc2ccc([N+](=O)[O-])cc2)CC1)c1ccco1,56.06,65.35
[C]OC(=O)C1=C(C(=O)O[C])SC(=C2C(=S)C([C])([C])N(C(=O)[C]=[C]c3ccc(O[C])cc3)c3ccccc32)S1,38.62,41.94
CCCC(C(=O)O)N1C(=O)C(=Cc2ccc(-c3ccc([N+](=O)[O-])cc3)o2)SC1=S,70.23,80.09
COc1cccc(/N=C2\C=Cc3noc4c3c2c(O)c2ccccc24)c1,27.25,49.51
COc1ccc(Nc2cc(NCC(OC)OC)c3noc4c3c2C(=O)c2ccccc2-4)cc1,25.26,36.43
CCNc1cc(N2CCC3(CC2)OCCO3)c2noc3c2c1C(=O)c1ccccc1-3,26.35,33.12
CC1CCCCN1c1cc(Nc2ccc3c(c2)OCCO3)c2c3c(onc13)-c1ccccc1C2=O,24.3,36.73
CC1CC(C)(C)N2C(=O)C(=C(C#N)C#N)c3cccc1c32,17.95,24.84
O=C1C(=Cc2ccc(-c3ccc([N+](=O)[O-])cc3)o2)NC(=S)N1c1ccccc1,44.32,55.08
O=C1C(=Cc2ccc(-c3ccc([N+](=O)[O-])cc3)o2)SC(=S)N1c1ccc([N+](=O)[O-])cc1,52.4,63.24
Cc1ccc2nc(N3CCOCC3)c(/C=C3\N=C(c4ccccc4)OC3=O)cc2c1,27.56,37.84
[C]OC(=O)C1=C(C(=O)O[C])SC(=C2C(=S)C([C])([C])N(C(=O)[C]=[C]c3ccc(O[C])cc3)c3c([C])cccc32)S1,41.09,45.54
COc1ccc(N2C(=O)C(=Cc3ccc(-c4cc([N+](=O)[O-])ccc4Cl)o3)SC2=S)cc1,48.18,60.19
CCOC(=O)C1=C(Nc2ccc(OC)cc2)S/C(=C\c2ccc(-c3ccccc3C(=O)O)o2)C1=O,59.97,75.42
Cc1cc([O-])c(C[NH+]2CC(C)CC(C)C2)c2c1C(=O)/C(=C/c1cc3ccccc3o1)O2,23.33,30.94
CN(C)c1ccc(C=N/N=C2/NC(=O)C(=Cc3ccc([N+](=O)[O-])cc3)S2)cc1,58.43,67.71
O=C1OC2(CCCCC2)OC(=O)C1=Cc1ccc(N2CCN(c3ccccc3)CC2)o1,17.47,27.75
N#CC(=Cc1ccc(N2CCCCC2)o1)C(=O)c1cc2ccccc2o1,19.96,25.5
CN(C)c1ccc(/C=C2\N=C(c3ccccc3)OC2=O)c(Cl)c1,31.92,43.68
O=C1OC(C2=CC=CC=C2)=N/C1=C\C(C=C3)=C(Cl)C=C3N(C)C,31.92,43.68
CC1Oc2ccccc2C=C1C=C1SC(=S)N(Cc2ccco2)C1=O,11.97,14.56
CCN1/C(=C\C(=C/c2sc3ccccc3[n+]2CC)SC)Sc2ccccc21,18.84,25.75
Nc1c(C(=O)c2ccc(F)cc2)sc2nc3c(cc12)N1CCC3CC1,23.82,39.18
"NC1=C(SC2=NC3=C(C=C12)N1CCC3CC1)C(=O)C1=CC=C(F)C=C1 |c:6,27,t:1,4,8,22,24|",23.82,39.18
CCN(CC)c1ccc(NC(=S)NC(=O)c2cccc([N+](=O)[O-])c2)cc1,34.28,46.68
O=C1/C(=C/c2ccco2)Oc2c1ccc([O-])c2C[NH+]1CCCC1,35.53,56.73
CCOc1cc2c(cc1/C=C1/C(C)=C(C#N)c3nc(N)c(C#N)c(C)c31)OCO2,53.78,76.93
CC1=C(C#N)c2nc(N)c(C#N)c(C)c2/C1=C/c1ccc(Br)s1,51.95,75.17
CN1/C(=C/C=N\c2cccc(C(=O)O)c2)C(C)(C)c2ccccc21,54.49,72.93
Cc1ccc2[nH]c(C)c(/C=C/c3cccc(C)[n+]3C)c2c1,24.83,45.32
CN(C)c1ccc(C=C2N=C(C=Cc3cccc([N+](=O)[O-])c3)OC2=O)cc1,37.91,48.01
O=C1[N]C(=S)[N]C(=O)C1=[C]c1ccc2c(c1)[C][C]N2[C][C][C]Cl,50.76,53.2
COc1cccc(/C=N/n2c3c(c4nc5ccccc5nc42)C(=O)[NH+](CCc2ccccc2)[CH-]N3)c1,35.97,49.32
CN(C)c1ccc(/C=N/N(CCC#N)C2=NS(=O)(=O)c3ccccc32)cc1,39.62,59.01
Cc1ccc(C)c(/N=C2/c3ccccc3-c3nc4ccccc4cc32)c1,46.52,70.22
O=C1Nc2ccc(Br)cc2/C1=N/N=C/c1ccccc1O,56.12,67.58
CCN1C(=O)C(=C2C(=O)N3c4c(cc(OC(=O)c5cccs5)cc42)C(C)=CC3(C)C)SC1=S,27.55,29.1
CN(C)c1ccc(/C=C2\CCC(C3=CCCC3)=C2N2CCOCC2)cc1,14.81,29.11
Nc1c(C(=O)NC2CCCCC2)c2nc3ccccc3nc2n1/N=C/c1ccco1,31.74,57.04
COc1cccc2ccc(/C=C3\SC(=S)N(c4ccc(NC(C)=O)cc4)C3=O)nc12,38.06,52.49
Cc1ccc(Sc2c(N)c3c(c(N)c2Sc2ccc(C)cc2)C(=O)c2ccccc2C3=O)cc1,50.03,73.82
COc1cccc(Nc2cc(N3CC(C)CC(C)C3)c3noc4c3c2C(=O)c2ccccc2-4)c1,24.85,35.2
CC(C)Nc1cc(N2CCCCC2)c2noc3c2c1C(=O)c1ccccc1-3,17.12,24.72
CN(C)c1ccc(C2=NC(=Cc3ccc([N+](=O)[O-])cc3)C(=O)O2)cc1,43.37,54.04
CCOc1ccc([N+](=O)[O-])cc1C=Cc1ccc2cccc(O)c2n1,40.74,57.58
COc1cc(OC)c(OC)cc1/C=C1\Oc2c(ccc([O-])c2C[NH+]2CCCCC2)C1=O,34.53,47.2
CN(C)S(=O)(=O)c1ccc(-c2ccc(/C=C/C(=O)c3ccc(N4CCOCC4)cc3)o2)cc1,29.7,34.95
Cc1ccc(N2C(=O)C(=Cc3ccc([N+](=O)[O-])cc3)C=C2c2ccccc2)c(C)c1,35.12,48.35
CC1CCCN(CCNc2cc(N(C)C)c3noc4c3c2C(=O)c2ccccc2-4)C1,16.84,28.99
CCc1ccc(NC2NC(=O)C(=Cc3ccc(-c4cccc(C(=O)O)c4)o3)S2)cc1,68.88,85.57
O=C1/C(=C/C=C/c2ccccc2)Oc2c1ccc([O-])c2C[NH+]1CCCC1,38.01,57.73
COCC[NH+]1[CH-]Nc2c(c3nc4ccccc4nc3n2/N=C/c2ccccc2C)C1=O,40.17,52.35
O=C(O)CCN1C(=O)C(=Cc2ccc(-c3cccc(F)c3)o2)SC1=S,71.13,82.86
C=CCN1C(=O)/C(=C\c2ccc(-c3ccc([N+](=O)[O-])cc3)o2)SC1=S,37.67,47.49
CCOc1cccc(N2C(=O)/C(=C\c3ccc(-c4ccc([N+](=O)[O-])cc4)o3)C(=O)NC2=S)c1,54.96,65.19
CCOC(=O)C1=C(Nc2ccc(OC)cc2OC)S/C(=C/c2ccc([N+](=O)[O-])cc2)C1=O,33.87,38.62
Cc1ccc(-c2n[n+]3c([O-])c(-c4ccccc4)sc3c3ccccc23)cc1,41.19,60.48
CC1=C(C#N)c2nc(N)c(C#N)c(C)c2/C1=C\c1cn(CC(=O)Nc2ccc(C)cc2)c2ccccc12,46.03,66.35
CCN1C(=O)C(=C2C=Cc3cc(OC)ccc3N2CC)SC1=S,14.52,19.84
CCN1C=Cc2ccccc2/C1=C\C1=C/C(=C/c2sc3ccc(C)cc3[n+]2CC)CC(C)(C)C1,21.7,29.89
O=S(=O)([O-])CCC[n+]1c(/C=C/c2cn(-c3ccccc3)nc2-c2cccs2)sc2ccccc21,22.32,28.22
N#CC(=Cc1ccc(-c2ccc([N+](=O)[O-])cc2Br)o1)c1nnc2n1CCCCC2,44.03,53.77
CCc1nnc(S)n1/N=C/c1ccc(-c2ccc([N+](=O)[O-])cc2)o1,59.57,75.19
O=C1/C(=C/c2ccc(-c3ccc([N+](=O)[O-])cc3)o2)SC(=S)N1Cc1cccnc1,36.55,44.56
O=C1c2ccccc2-c2onc3c(N4CCC5(CC4)OCCO5)cc(NCCO)c1c23,39.09,43.84
CN(C)c1ccc(C=C(C#N)C#N)cc1Br,17.86,22.38
O=C(Nc1ccc(/N=N/c2ccccc2)cc1)c1ccc(N2C(=O)c3ccc(C(=O)Nc4ccc(/N=N/c5ccccc5)cc4)cc3C2=O)cc1,56.64,83.19
COC(=O)c1ccccc1-c1ccc(C=C2SC(=S)N(C)C2=O)o1,23.67,23.13
Cc1cccc(Nc2cc(N3CCCCC3C)c3noc4c3c2C(=O)c2ccccc2-4)c1,24.85,37.89
CCN(CC)c1ccc(/C=C2\S/C(=N\c3ccc(Cl)cc3)NC2=O)o1,28.53,37.54
C(=NN=Cc1cccnc1)C1=C(N2CCOCC2)C(=Cc2ccccc2)CC1,31.79,50.9
CCN1C(=c2sc(=C3SC(=S)N(C)C3=O)n(-c3ccccc3)c2=O)C=Cc2ccccc21,20.34,22.22
CN1CCN(CCCNc2cc3c4c(c(NCCCN5CCN(C)CC5)cc5c4c2C(=O)N(CCCN2CCOCC2)C5=O)C(=O)N(CCCN2CCOCC2)C3=O)CC1,41.75,51.84
Cc1cc([N+](=O)[O-])ccc1-c1ccc(C=C(C#N)C(=O)NC2CCCCC2)o1,26.28,36.88
CCN1C(=O)/C(=C\c2ccc(N3CCOCC3)o2)S/C1=N\c1ccc(F)cc1,24.34,30.99
Cc1cc(N(CCO)CCO)ccc1N=Nc1ccc([N+](=O)[O-])cc1S(=O)(=O)C(F)(F)F,61.21,71.8
COc1ccc(C2=C([N+](=O)[O-])/C(=C/N3CCCCC3)N=C2)cc1,41.72,59.16
O=[N+]([O-])C1=C(C=N/C1=C\N2CCCCC2)C(C=C3)=CC=C3OC,41.72,59.16
O=C(Nc1ccc(-c2csc(N3CCOCC3)n2)cc1)c1ccc(Cl)c([N+](=O)[O-])c1,51.85,64.86
O=C1C(=Cc2ccc(-c3ccccc3[N+](=O)[O-])o2)SC(=S)N1c1ccc2c(c1)OCO2,38.98,49.92
CC1CC(C)C[NH+](Cc2c([O-])ccc3c2O/C(=C\c2cc4cc(Br)ccc4o2)C3=O)C1,37.43,48.73
CCN(CC)c1ccc(C=C2S/C(=N\c3ccc(Br)cc3)NC2=O)o1,26.34,33.01
CCOc1ccc(N2CN=c3s/c(=C4\C(=O)Nc5ccc(OCC)cc54)c(=O)n3C2)cc1,46.04,55.64
CC1=NN(c2ccc(C)c(C)c2)C(=O)/C1=C\C=C\c1ccc([N+](=O)[O-])o1,44.15,53.37
O=C(Nc1ccc(-c2ccc(NC(=O)c3ccc(S(=O)(=O)N4CCCC4)cc3)cc2)cc1)c1ccc(S(=O)(=O)N2CCCC2)cc1,38.4,49.45
COc1cc(/C=C2\CCC/C(=C/c3ccc(N(C)C)cc3)C2=O)ccc1OC(F)F,31.05,41.92
CO/N=C1C(=C2\C(=O)Nc3cc(Cl)c(Cl)cc32)\Nc2ccccc2\1,50.95,64.78
CCOC(=O)C1CCCN(c2cc(NCCOC)c3c4c(onc24)-c2ccccc2C3=O)C1,19.0,22.53
CCOC(=O)C1CCCN(c2cc(Nc3ccc(F)cc3)c3c4c(onc24)-c2ccccc2C3=O)C1,41.04,55.17
O=C1[N]c2ccc(OS(=O)N3[C][C]c4ccccc43)cc2C1=C1[C][C][C][C]1,41.63,57.26
O=C1OC2(CCCCC2)OC(=O)C1=Cc1ccc(-c2ccc(C(=O)O)cc2)o1,68.12,84.35
CC1=C(C#N)C(=O)N(C2CCS(=O)(=O)C2)C(=O)C1=Cc1ccc(-c2ccc(Cl)cc2)o1,51.38,63.46
N#CC(C#N)=C1/C(=[C]/c2ccc3c(c2)O[C]O3)C(=O)c2ccccc21,47.2,63.18
Cc1ccc(N2C(=O)C(=Cc3ccc(N4CCCCC4)o3)C(=O)N(c3ccccc3)C2=S)cc1C,23.26,29.71
COc1ccccc1-c1csc(/C(C#N)=C2\C=CC=CN2C)n1,17.9,20.34
CC(O)(C(=O)N/N=C1/c2ccccc2-c2nc3ccccc3nc21)c1ccccc1,41.6,64.68
Cc1ccc(N2C(=O)C(=Cc3ccc(-c4cccc(C(F)(F)F)c4)o3)N(C)C2=S)cc1C,43.72,58.36
Cc1ccc(Sc2ccc(Nc3cc(S(=O)(=O)[O-])c(N)c4c3C(=O)c3ccccc3C4=O)cc2)c(C)c1,51.06,70.67
CCOc1ccc2c(c1)C(=C1SC(=S)N(Cc3ccc(OC)cc3)C1=O)C(=O)N2,32.02,36.3
[C]N([C])c1ccc(/[C]=N/N=C2c3ccccc3-c3ccccc32)cc1,42.19,64.86
CCOc1ccc(N2C(=O)NC(=O)/C(=C/c3cc4c5c(c3)CCCN5CCC4)C2=O)cc1,37.12,46.79
CN(C)c1ccc(N=Nc2ccc(S(=O)O[O-])cc2)cc1,47.44,60.93
CCN1C(=CC(=O)C=Cc2ccc([N+](=O)[O-])cc2)Sc2ccccc21,20.13,23.53
Cc1ccc(/C=C2\Oc3c(ccc([O-])c3C[NH+]3CCOCC3)C2=O)o1,39.52,52.15
CC1CCN(c2cc(Nc3ccc4c(c3)OCO4)c3c4c(onc24)-c2ccccc2C3=O)CC1,25.05,37.94
CCNc1cc(NCC)c2noc3c2c1C(=O)c1ccccc1-3,20.08,35.32
CCN(CC)c1ccc(/C=N/N(CCC#N)C2=NS(=O)(=O)c3ccccc32)cc1,21.91,37.22
O=C1C(=CC=Cc2ccccc2)SC(=S)N1CNc1ccccc1,14.48,22.59
CN1CCN(c2cc(Nc3ccc(F)cc3)c3c(c2N)C(=O)c2ccccc2C3=O)CC1,51.67,78.51
O=[N+]([O-])c1ccc(-c2ccc(C(=S)N3CCOCC3)o2)cc1,46.04,60.06
CC[N+]1=C(/C=C2/Sc3cc([N+](=O)[O-])ccc3N2C)SCC1,14.28,18.18
Cc1ccc(Nc2cc(Nc3ccc(C)cc3)c3c(c2Nc2ccc(C)cc2)C(=O)c2ccccc2C3=O)cc1,46.32,68.85
CCCCOC(=O)c1ccc(-c2ccc(C=C(C#N)C#N)o2)cc1,26.66,36.2
CC(=O)N/N=C1/c2ccccc2-c2nc3ccccc3nc21,34.18,58.13
CC1=C(C#N)c2nc(N)c(C#N)c(C)c2/C1=C/c1ccc(-c2cccc(C(=O)O)c2)o1,67.89,95.48
O=C(Nc1ccc(-c2ccc(N3CCOCC3)nn2)cc1)c1ccc(Cl)c([N+](=O)[O-])c1,62.87,75.82
"O=C1C(=CC2=CN=C(S2)N2CCCCC2)C(=O)C2=CC=CC=C12 |c:6,21,t:4,19,23|",19.96,29.16
O=C1/C(=C/c2ccc(-c3cc(Cl)ccc3Cl)o2)C=C(c2ccccc2)N1c1ccc(-c2ccccc2)cc1,55.21,79.86
CC1=C(C#N)c2nc(N)c(C#N)c(C)c2C1=Cc1ccccc1[N+](=O)[O-],49.06,69.49
CCOCCCNc1cc(N2CCN(C)CC2)c2noc3c2c1C(=O)c1ccccc1-3,20.13,32.1
CCOc1ccc(N2C(=O)/C(=C\c3ccc(N(CC)CC)cc3OCc3ccc(Cl)cc3Cl)SC2=S)cc1,31.91,41.38
ClC(/C(C=C/1Br)=C(C#N)/C2=CC=C(OC)C=C2)=CC1=N/O,51.19,64.4
COc1ccc(/C(C#N)=C2\C=C(Br)/C(=N/O)C=C2Cl)cc1,51.18,64.39
O=C1/C(=C/c2ccc(-c3ccc(Br)cc3)o2)C=C(c2ccccc2)N1c1ccc(Cl)cc1,53.98,77.28
Cc1ccc(N2C(=O)C(=Cc3ccc(N(C)C)o3)C(=O)N(C)C2=S)cc1,32.28,42.28
N#CC(=Cc1ccc(-c2ccc([N+](=O)[O-])cc2)o1)c1ccccn1,29.54,39.89
COc1cc([N+](=O)[O-])ccc1-c1ccc(C=C2C(=O)N(c3ccccc3)N=C2C(F)(F)F)o1,53.99,70.43
COC(=O)c1cccc(N2C(=O)/C(=C/c3ccc(-c4ccc(Cl)c(Cl)c4)o3)C=C2c2ccccc2)c1,52.74,70.71
[N-]=[N+]=Nc1ccc2c(c1)C(=O)c1cc(N=[N+]=[N-])ccc1-2,59.68,76.5
O=C1/C(=C/c2ccc(-c3cc(Cl)ccc3Cl)o2)C=C(c2ccccc2)N1c1ccccc1O,53.1,77.93
CCOC(=O)N1CCN(c2cc(NCCO)c3c(c2N)C(=O)c2ccccc2C3=O)CC1,60.44,73.59
O=[N+]([O-])c1ccc(-c2cs/c(=N/c3ccccc3)n2-c2ccccc2)cc1,25.37,40.06
O=C1c2c(n(/N=C/c3cccc(Cl)c3)c3nc4ccccc4nc23)N[CH-][NH+]1CCc1ccccc1,40.87,55.29
COc1cccc(N2C(=O)c3cccc4c(N5CCOCC5)ccc(c34)C2=O)c1,31.55,44.01
CC(C)c1ccc(C2=CC(=Cc3ccc(N(C)C)cc3)C(=O)O2)cc1,20.82,28.85
COc1cc(C=O)cc(C=CC2=[N+](C)c3ccccc3C2(C)C)c1[O-],18.01,21.82
COC(=O)c1ccc2c(C)cc(/C=C/c3ccc(N(C)C)cc3)[n+](C)c2c1,22.03,26.16
CC1=C(C#N)c2nc(N)c(C#N)c(C)c2/C1=C\c1ccc(OCc2ccccc2)cc1,53.6,78.32
O=C1/C(=C/c2ccc(-c3ccc(Br)cc3)o2)C=C(c2ccccc2)N1c1ccccc1Br,53.83,75.18
Cc1ccc(-c2csc(/C(C#N)=C/C=C/c3ccc([N+](=O)[O-])cc3)n2)cc1C,38.39,51.56
CCOc1ccc(/N=C/c2ccc3c(c2N)C(=O)c2ccccc2C3=O)cc1,51.47,76.81
CSC1=NSC2=NC(=O)/C(=C/c3coc4ccc([O-])cc4c3=O)C(=[NH2+])N12,58.31,66.06
COC(=O)CCCN1C(=O)C(=Cc2ccc(-c3ccccc3F)o2)SC1=S,21.87,23.62
Cc1cc(C(=O)O)ccc1-c1ccc(C=C2C(=O)c3ccccc3C2=O)o1,71.03,93.29
c1ccc2nc3c(cc(N4CCOCC4)c4ccccc43)nc2c1,12.88,25.66
O=c1c2cccc3cccc(c32)c2nc3ccc4c5c(ccc(c35)n12)CC4,30.26,53.75
CCOC(=O)N1CCN(C(=O)CCN2C(=O)C(=CC=Cc3ccccc3)SC2=S)CC1,28.67,40.4
O=C1/C(=C/c2cccnc2)Oc2c1ccc([O-])c2C[NH+]1CCCCCC1,31.79,51.19
CN1/C(=C/C=N/c2cc(S(=O)(=O)N3CCCCCC3)ccc2Cl)C(C)(C)c2ccccc21,13.45,16.18
Oc1ccc(/C=C2\CCCc3c(-c4ccccc4)cc(-c4ccccc4)[o+]c32)cc1,51.01,77.03
O=C(O)c1ccccc1Nc1cc(N2CCC3(CC2)OCCO3)c2noc3c2c1C(=O)c1ccccc1-3,65.33,79.56
COc1ccc(N2CCN(c3cc(Nc4ccc(C(=O)O)cc4)c4c5c(onc35)-c3ccccc3C4=O)CC2)cc1,58.61,79.97
O=C1/C(=C\c2ccc(-c3ccc([N+](=O)[O-])cc3Cl)o2)SC(=S)N1CCCN1CCOCC1,34.46,34.2
CN1/C(=C/C=N/c2cc(S(=O)(=O)N3CCCCC3)ccc2Cl)C(C)(C)c2ccccc21,13.89,16.49
CC1=C(C#N)c2nc(N)c(C#N)c(C)c2/C1=C/c1ccc([N+](=O)[O-])cc1,51.7,73.88
CC1=C(C#N)c2nc(N)c(C#N)c(C)c2/C1=C/c1cccs1,47.54,72.31
O=C1[N]c2ccc(OS(=O)N3[C][C]N([C]4[C][C][C][C][C]4)[C][C]3)cc2C1=C1[C][C][C][C]1,57.82,63.94
CC1CCC(Nc2cc3c4c(ccc5c4c2C(=O)N(c2ccccc2)C5=O)C(=O)N(c2ccccc2)C3=O)CC1,40.8,56.35
CCN(CC)S(=O)(=O)c1ccc(-c2ccc(C=CC(=O)c3ccc(S(=O)(=O)N4CCCC4)cc3)o2)cc1,19.02,21.86
Cc1ccc2c(c1)[n+]([O-])c1c([n+]2[O-])CCCC1,20.71,28.88
CCc1c(C)[nH]c(C=C2C=C(C)[NH+]=C2C)c1C,33.06,52.67
O=C1C2=[N+]([O-])C3CCCCCC3[N+]([O-])=C2c2ccccc21,28.92,41.56
O=[N+]([O-])c1ccc(O)c(/C=C/c2ccc3cccc(O)c3n2)c1,60.44,81.47
O=C1/C(=C/c2ccc(-c3ccc(Br)cc3)o2)C=C(c2ccccc2)N1c1cccc(Cl)c1Cl,55.57,78.1
Cc1ccc(C(=O)c2c(C3=CNC(=S)NC3c3ccccc3)oc3cc(C#N)c(C#N)cc23)cc1,44.11,56.11
Cc1sc(N2CCCCC2)[s+]c1SCCC(=O)O,40.9,54.77
Cc1cc([O-])c(C[NH+]2CCCCCC2)c2c1C(=O)/C(=C/c1cc3ccccc3o1)O2,27.16,39.03
O=C1C(=CC2=Cc3ccccc3OC2)SC(=S)N1Cc1ccc(F)cc1,20.54,28.32
Cc1ccc(C=Nn2c3c(c4nc5ccccc5nc42)C(=O)[NH+](CCC2=CCCCC2)[CH-]N3)cc1,31.0,41.07
CC1CC(C)C[NH+](Cc2c([O-])ccc3c2O/C(=C\c2c[nH]c4ccccc24)C3=O)C1,27.64,39.25
COc1ccc(CN2C(=O)C(=Cc3ccc(-c4ccc(Cl)cc4Cl)o3)SC2=S)cc1,41.6,53.9
CCNc1cc(N(C)CCO)c2noc3c2c1C(=O)c1ccccc1-3,30.01,43.02
O=C(Nc1ccc(-c2ccc(N3CCOCC3)nn2)cc1)c1cc([N+](=O)[O-])ccc1Cl,62.79,75.72
O=C(O)CCN1C(=O)C(=Cc2ccc(-c3ccc(Cl)c(Cl)c3)o2)SC1=S,63.91,76.78
O=[N+]([O-])c1ccc(O)c(C=Nc2cc(C(F)(F)F)ccc2N2CCOCC2)c1,56.36,68.3
O=C(C=Cc1ccc(-c2cccc(Cl)c2Cl)o1)c1ccc(N2CCOCC2)cc1,44.7,58.46
CN1C(=O)/C(=C/C=C2/Sc3ccccc3N2CCO)SC1=S,36.75,46.57
COC(=O)c1oc2cc(C#N)c(C#N)cc2c1C(=O)c1ccc(C)cc1,31.43,40.64
COc1cc(/C=C2\CC/C(=C\c3cc(OC)c(O)c(OC)c3)C2=O)cc(OC)c1O,47.99,62.08
COc1cccc(-c2csc(/C(C#N)=C/c3ccc(N(C)C)cc3)n2)c1,27.95,36.87
COc1ccc(N(C)C(=O)c2ccc3c(c2NCCO)C(=O)c2ccccc2C3=O)cc1,49.39,64.45
Nc1ccccc1Sc1ccc2c3c(cccc13)C(=O)OC2=O,38.57,61.64
CCCCCCN1CNc2c(c3nc4ccccc4nc3n2/N=C/c2ccco2)C1=O,20.98,30.35
COc1cccc2c1N(C(=O)/C=C/c1ccc([N+](=O)[O-])cc1)C(C)(C)c1ssc(=S)c1-2,27.33,32.85
Cc1ccccc1N1C(=O)C(=Cc2ccc(-c3ccc([N+](=O)[O-])cc3Cl)o2)SC1=S,42.94,53.96
Cc1ccc(N2C(=O)C(=Cc3ccc(-c4cccc(Cl)c4)o3)SC2=S)cc1,39.55,55.04
COc1ccc(NC(=O)c2ccc3c(c2S(C)(=O)=O)C(=O)c2ccccc2C3=O)cc1,56.79,75.51
CN(C)c1ccc(/C=C/C=C2\C(=O)NC(=O)N(c3ccc(F)cc3)C2=O)cc1,58.21,68.49
O=[N+]([O-])c1ccc(C=CN2CCCN(S(=O)(=O)c3ccc(F)cc3)CC2)o1,36.34,43.98
COCCNc1cc(NCc2ccccc2)c2noc3c2c1C(=O)c1ccccc1-3,15.16,21.06
[C][C][C][C]N1[C][C]c2cc([C]=C3C(=O)[N]C(=S)[N]C3=O)ccc21,49.53,51.09
O=C1c2ccccc2C(=O)c2c(NCCCO)cccc21,54.38,72.24
Cc1ccc(Nc2cc(N3CCCC3)c3noc4c3c2C(=O)c2ccccc2-4)cc1,30.01,46.73
CC[n+]1c(/C=C2\C=CC=CN2C)ccc2cc(C)ccc21,18.46,35.97
COc1cc([N+](=O)[O-])ccc1-c1ccc(C=C2SC(=S)N(C3CCCCC3)C2=O)o1,26.56,32.74
[C]C(=O)[N][C]c1ccc(-c2csc(C(C#N)=C3[C][C][C][C][C]3)n2)cc1,35.5,46.11
O=C(O)c1ccc(Nc2cc(N3CCN(c4cccc(C(F)(F)F)c4)CC3)c3noc4c3c2C(=O)c2ccccc2-4)cc1,62.18,87.37
CSC1=C(C(SC)=[S+]S1)C2=CC=CC=C2.[I-],29.42,42.95
Cc1ccc(Nc2c(-c3ccc([N+](=O)[O-])cc3)nc3cc(C)ccn23)cc1,29.52,46.01
CCN1C(=O)/C(=C/C=C/c2ccco2)C(=O)NC1=S,69.61,78.88
N#Cc1cc(Sc2ccc(Cl)cc2)c(N2CCCCC2)cc1C#N,27.7,39.91
COc1ccc(Nc2ccc(C=C3C(=O)OC4(CCCCC4)OC3=O)o2)cc1,26.24,40.83
O=[N+]([O-])c1ccc2c(c1)C=C1CCCC=C1O2,22.22,37.72
COc1ccc(C=Cc2cc(-c3ccccc3)cc(-c3ccccc3)[o+]2)cc1OC,45.81,66.93
CCN(CC)c1ccc2nc3c4ccccc4c(=Nc4ccncc4)cc-3oc2c1,19.22,33.57
O=C1/C(=C/C=C/c2ccccc2)Oc2c1ccc([O-])c2C[NH+]1CCOCC1,40.91,58.63
Cc1ccc(Nc2cc(N3CCN(c4ccccc4)CC3)c3noc4c3c2C(=O)c2ccccc2-4)cc1,29.12,44.26
CCN(CC)c1ccc(/N=N/c2ccc(OC(C)=O)cc2)cc1,17.53,29.25
Cc1ccc(N2C(=O)C(=Cc3ccc(-c4ccc([N+](=O)[O-])cc4)o3)C(=O)N(c3ccccc3)C2=S)cc1C,44.77,58.23
COc1cc(/C=C2/C(C)=C(C#N)c3nc(N)c(C#N)c(C)c32)cc2c1OCO2,52.64,75.58
CC[N+](CC)(CCOc1ccc2c(c1)C(=O)c1cc(OCC[N+](CC)(CC)CC(N)=O)ccc1-2)CC(N)=O,22.88,32.34
Cc1c(-c2ccccc2)[o+]c2ccccc2c1/C=C(/NCc1ccccc1)c1ccccc1,30.79,48.82
CN(C)c1ccc(/C=C/C(=O)c2cc([N+](=O)[O-])ccc2O)cc1,39.63,46.12
CCN1C(=Cc2sc3ccccc3[n+]2CCCS(=O)(=O)[O-])C=Cc2ccc(C)cc21,17.6,21.78
O=[N+]([O-])c1ccc2c(C=Nc3cccc4nsnc34)c(O)ccc2c1,36.8,57.72
CCC1=CC(=O)C=C(CC)C1=O,42.96,66.17
O=C(C(CC)=C1)C(CC)=CC1=O,42.96,66.17
CC(C)Nc1cc(N2CCCCCC2)c2noc3c2c1C(=O)c1ccccc1-3,16.17,23.46
O=C1c2cc(OS(=O)N3CCCCC3)ccc2-c2ccc(S(=O)(=O)N3CCCCC3)cc21,25.8,35.22
COc1ccc(Nc2cc(N3CCN(c4ccccn4)CC3)c3noc4c3c2C(=O)c2ccccc2-4)cc1,29.71,43.75
CN(C)c1ccc(/C=N/n2c(N)c(S(=O)(=O)c3cccs3)c3nc4ccccc4nc32)cc1,21.05,35.03
CCN1C(=O)/C(=C\c2cc(C)n(CCOC)c2C)c2cc(S(=O)(=O)N3CCOCC3)ccc21,18.62,19.58
N#C/C(N)=C(C#N)/N=C/c1cc([N+](=O)[O-])ccc1Sc1ccccn1,29.5,38.82
O=C1c2ccccc2-c2onc3c(N4CCN(C5CCCCC5)CC4)cc(NCc4ccco4)c1c23,18.48,28.35
N#Cc1ccc(-c2ccc(/C=C3/S/C(=N\C4CCCCC4)N(C4CCCCC4)C3=O)o2)cc1,27.03,40.4
O=c1c2ccccc2c(=O)c2c1c(NCCCO)cc1oc3ccccc3[nH]c12,26.53,46.72
COc1ccc(N2C(=O)/C(=C/c3ccc(-c4ccc(C(=O)O)cc4)o3)SC2=S)cc1,66.64,85.41
CSc1ccc(C2=C/C(=C3/N=C(c4ccco4)OC3=O)c3cc(Br)ccc3O2)cc1,45.99,63.49
Cc1c(-c2ccccc2)[o+]c2ccccc2c1C=Cc1ccc(NCc2ccccc2)cc1,31.15,50.22
O=C(CCl)N[C@@H](Cc1ccccc1)C(=O)N1C/C(=C\c2ccc([N+](=O)[O-])cc2)C(=O)/C(=C/c2ccc([N+](=O)[O-])cc2)C1,38.12,46.51
NS(=O)(=O)c1ccc(-c2ccc(C=C3COc4ccccc4C3=O)o2)cc1,42.69,63.17
O=C1c2ccccc2C(=O)c2c1ccc1n[se]nc21,43.11,63.91
CCCCOC(=O)c1cccc(-c2ccc(/C=C3\C(=O)N(CCO)C(=O)C(C#N)=C3C)o2)c1,37.79,47.83
O=C(Nc1ccc2nc(N3CCOCC3)sc2c1)c1ccc(S(=O)(=O)NCc2ccco2)cc1,23.91,27.34
CCOc1ccc(N2C(=O)C(=Cc3ccc(-c4ccc([N+](=O)[O-])cc4Cl)o3)C(=O)NC2=S)cc1,52.02,62.67
CNC1CCc2cc(OC)c(OC)c(OC)c2-c2ccc(=[N+]3CCN(c4ccccc4OC)CC3)c([O-])cc21,23.5,31.14
Cc1cc([O-])c(C[NH+]2CCCCCC2)c2c1C(=O)/C(=C/c1cc3cc(Br)ccc3o1)O2,39.17,51.27
CCCCC1=C(C)c2nc1cc1[nH]c(c(C)c1CCCC)c(-c1ccccc1)c1nc(cc3[nH]c(c(C)c3CCCC)c2-c2ccccc2)C(CCCC)=C1C,51.27,70.55
COc1ccc(N2C(=O)/C(=C/c3ccc(-c4ccc([N+](=O)[O-])cc4C)o3)C(=O)NC2=S)cc1,54.16,62.96
c1ccc(-c2nn3c4cc(N5CCCC5)ccc4nc3c3ccccc23)cc1,19.26,33.73
C=CCN1C=CC=C/C1=C/C=C/C1=[N+](C)c2ccccc2C1(C)C,16.25,25.01
CCNc1ccc2ccccc2c1/N=N/c1ccc(/N=N/c2ccccc2)cc1,19.86,40.68
CCN(CC)c1ccc(C=C2C(=O)N(C)C(=S)N(C)C2=O)o1,42.4,61.89
Cc1ccc(N2C(=O)/C(=C/c3ccc(-c4ccc(Br)cc4)o3)C=C2c2ccccc2)cc1[N+](=O)[O-],53.78,72.23
O=C1c2ccccc2C(=O)c2c1ccc(C(=O)N1CCN(c3ccccn3)CC1)c2NCCO,56.82,68.66
O=C1N=C(N2CCN(c3cccc(Cl)c3)CC2)S/C1=C/c1ccc(-c2cc(Cl)ccc2Cl)o1,43.96,59.11
CC1CC[NH+](Cc2c([O-])ccc3c2O/C(=C\c2ccco2)C3=O)CC1,27.65,43.43
CC1=C(C#N)c2nc(N)c(C#N)c(C)c2C1=Cc1ccc(Sc2nc3ccccc3[nH]2)o1,46.17,69.35
O=C1c2ccccc2C(=O)c2c(NCc3cccnc3)cccc21,27.86,42.8
O=C1C(=Cc2cccc3c2OCO3)CCCC1=Cc1cccc2c1OCO2,21.86,34.49
O=C1c2c(n(/N=C/c3cccc(Cl)c3)c3nc4ccccc4nc23)N[CH-][NH+]1c1ccccc1,49.38,70.72
CN(C)c1ccc2c(c1)CC/C2=C\c1cc(-c2ccccc2)cc(-c2ccccc2)[n+]1C,41.35,60.28
[C]N([C])c1ccc(C(=NSc2ccccc2[N+](=O)[O-])c2ccc(N([C])[C])cc2)cc1,26.96,33.8
O=[N+]([O-])c1cccc(/C2=N/c3ccc(Br)cc3/C(c3cccc([N+](=O)[O-])c3)=N\c3ccc(Br)cc32)c1,56.14,75.09
COC(=O)c1ccc2c(ccc(C=Cc3ccc(N(C)C)cc3)[n+]2C)c1,19.52,23.17
Cc1ccc(S(=O)(=O)N2CCCC2)cc1C(=O)Nc1ccc2nc(N3CCOCC3)sc2c1,25.74,30.78
CCOc1ccc(N2CN=c3sc(=C4C(=O)Nc5ccc(OC)cc54)c(=O)n3C2)cc1,47.24,57.45
CC(C)n1c(-c2ccc([N+](=O)[O-])cc2)cs/c1=N\c1ccccc1,17.17,23.59
CCCCCCCCNc1ccc(NC(=O)C2CCC(C(C)(C)C)CC2)c2c1C(=O)c1ccccc1C2=O,25.55,40.71
CCOC(=O)c1ccc(-c2ccc(/C=C3/C=C(c4ccccc4)N(c4ccc5ncccc5c4)C3=O)o2)cc1,47.52,65.78
Cc1ccc(-c2ccc(C=C3Sc4ccccc4C3=O)o2)c([N+](=O)[O-])c1,42.86,56.71
COc1ccc(NC(=O)c2ccc3c(c2SC)C(=O)c2ccccc2C3=O)cc1,49.86,67.13
CCN1C(=O)/C(=C/c2ccc(-c3ccc(Cl)c(C(F)(F)F)c3)o2)NC1=S,48.46,64.06
O=C1C(=Cc2ccc(-c3ccc(Br)cc3)o2)SC(=S)N1c1ccc([N+](=O)[O-])cc1,50.53,63.96
O=C1c2ccccc2S(=O)(=O)c2cc(C(=O)N(c3ccc(Cl)c(Cl)c3)c3nc4ccccc4s3)ccc21,45.93,62.04
O=C1C(=Cc2ccc(-c3cccc([N+](=O)[O-])c3)o2)SC(=S)N1c1ccc(Cl)cc1Cl,49.44,63.95
COc1cc([N+](=O)[O-])ccc1-c1ccc(C=C2SC(=S)N(c3cccc(Cl)c3)C2=O)o1,46.4,57.75
O=C1c2ccccc2C(=O)c2cc([OH+]S([O-])=NCCCCc3ccccc3)ccc21,32.96,44.32
CCc1ccc(N=C2SC(=Cc3ccc(-c4cccc([N+](=O)[O-])c4)o3)C(=O)N2C2CCCCC2)cc1,30.8,41.54
CC1=C(C#N)c2nc(N)c(C#N)c(C)c2C1=Cc1cc([N+](=O)[O-])ccc1Cl,50.33,71.43
COc1ccc(Nc2cc(N3CCN(c4ccccc4)CC3)c3noc4c3c2C(=O)c2ccccc2-4)cc1,30.18,44.73
Nc1c(NCCO)cc(Nc2ccccc2)c2c1C(=O)c1ccccc1C2=O,47.27,70.3
COc1ccc(-c2c/c(=N\c3ccccc3)c3cc([N+](=O)[O-])ccc3o2)cc1,34.16,51.42
CCC(C)/[NH+]=c1/ccc2c(cc1[O-])[C@@H](NC(C)=O)CCc1cc(OC)c(OC)c(OC)c1-2,22.17,26.38
O=S(=O)(c1ccc(/N=N/c2ccc(O)c3ccccc23)cc1)N1CCCC1,35.35,57.92
CN(C)c1ccc(/C=C2/C(=O)c3ccccc3S(=O)(=O)N2Cc2ccncc2)s1,16.48,18.03
Cc1cccc(C2=NC(=Cc3ccc(-c4ccc([N+](=O)[O-])cc4)o3)C(=O)O2)c1,48.47,65.4
CCOC(/C=C1/Sc2ccccc2N1CC)=C1/SC(=S)N(CC)C1=O,12.98,15.96
O=C1[N]c2ccc(S(=O)(=O)[N][C][C]3[C][C][C]O3)cc2C1=C1[C][C][C][C]1,60.8,64.58
CC1CC(C)C[NH+](Cc2c([O-])ccc3c2O/C(=C\c2cccs2)C3=O)C1,19.36,24.52
CCOC(=O)C1CCN(c2cc(NCc3ccco3)c3c4c(onc24)-c2ccccc2C3=O)CC1,23.92,29.41
COc1ccc2c(c1)C(c1ccc([N+](=O)[O-])cc1)=NNC(c1cccs1)=N2,42.02,51.82
COc1ccc(CN2C(=O)[C@@H]3CCCN3c3ccc([N+](=O)[O-])cc3/C2=C(/C#N)NC(C)(C)C)cc1,25.43,31.71
CC(C)[N+]1=C2C=CC=CC=C2SC12C([N+](=O)[O-])=CC(=[N+]([O-])[O-])C=C2[N+](=O)[O-],53.91,56.53
O=C(C[N+]1=C(NC2CCCCC2)CCCC1)c1ccccc1,9.76,24.92
CCN(CC)c1ccc(/C=N/c2ccc(/N=N/c3ccccc3)cc2)c(O)c1,23.21,42.85
O=C(C=Cc1ccc(-c2ccc(Cl)c(Cl)c2)o1)c1cccc(N2CCOCC2)c1,45.0,58.89
Cc1cc2nc3ccc(N(C)C)cc3nc2cc1N=Cc1ccc(Cl)cc1Cl,32.02,49.93
COc1ccccc1N1C(=O)S/C(=C\C=C\c2ccco2)C1=O,25.51,33.63
O=C1c2cc(S(=O)(=O)N3CCN(c4ccccn4)CC3)ccc2-c2ccc(S(=O)(=O)N3CCN(c4ccccn4)CC3)cc21,24.91,24.06
O=C(C=Cc1ccc(-c2ccccc2Cl)o1)c1cccc(N2CCOCC2)c1,32.52,43.44
CCn1cc(/C=C2/Oc3c(ccc([O-])c3C[NH+](CC)CC)C2=O)c2ccccc21,17.95,26.26
O=C(O)CCN1C(=O)C(=Cc2ccc(-c3ccccc3)o2)SC1=S,71.17,81.36
COCCNc1cc(N2CCC3(CC2)OCCO3)c2noc3c2c1C(=O)c1ccccc1-3,22.97,26.34
CCNc1cc(N(CC)CCO)c2noc3c2c1C(=O)c1ccccc1-3,24.35,35.33
O=C(O)CCN1C(=O)C(=CC2=Cc3ccccc3OC2)SC1=S,73.72,79.43
CCn1cc(/C=C2/Oc3c(ccc([O-])c3C[NH+]3CCCCCC3)C2=O)c2ccccc21,22.91,37.39
CCCCC(CC)CN1C(=O)/C(=C\c2ccc(-c3cccc(Cl)c3Cl)o2)SC1=S,26.82,35.53
CN(C)c1ccc(/C=C/c2cc(-c3ccccc3)[n+](C)c(-c3ccccc3)c2)cc1,38.08,56.81
CCOC(=O)c1ccccc1-c1c2ccc(N(C)C)cc2[o+]c2cc(N(C)C)ccc12.[O-][Cl+3]([O-])([O-])[O-],47.81,62.46
O=C1C(=Cc2ccc(-c3ccc(Cl)c(Cl)c3)o2)SC(=S)N1CC1CCCO1,35.26,44.7
CCCOC(=O)c1cccc(-c2ccc(C=C3C(=O)N(CCO)C(=O)C(C#N)=C3C)o2)c1,39.92,48.86
O=[N+]([O-])c1ccc(-c2cs/c(=N/N=C/c3ccccc3Cl)n2-c2ccccc2)cc1,41.12,59.32
O=C(O)CN1C(=O)C(=Cc2ccc(-c3cccc4c3C(=O)c3ccccc3C4=O)o2)SC1=S,71.6,86.89
COc1cc(/C(C)=C\C=C\C=C\C=C\c2[nH]ccc2Cl)oc(=O)c1C,35.58,48.0
O=C1N/C(=N\c2ccc(Cl)cc2)S/C1=C\c1ccc(N2CCCC2)o1,31.28,44.47
COCCN1C(=O)C(=Cc2ccc(-c3cccc(Cl)c3Cl)o2)SC1=S,26.25,30.71
O=C(O)c1ccc(-c2ccc(C=C3SC(=S)N(c4ccc([N+](=O)[O-])cc4)C3=O)o2)cc1,73.5,89.01
Cc1ccc(-c2csc(/C(C#N)=C/c3ccc(N(C)C)cc3)n2)cc1,30.2,41.55
O=C(Nc1ccc(-c2csc(N3CCOCC3)n2)cc1)c1ccc(C(F)(F)F)cc1,44.71,60.95
CCOC(=O)C1=C(c2ccccc2)S/C(=C2/C(=S)C(C)(C)Nc3cc(OCC)ccc32)S1,25.45,28.08
CS(=O)(=O)N1CCCc2cc(C(=O)Nc3ccc4nc(N5CCOCC5)sc4c3)ccc21,26.13,37.09
CN1/C(=C\C=N/c2ccc(C(=O)O)cc2)C(C)(C)c2ccccc21,56.18,74.67
CCOc1ccc(Nc2cc(N3CCN(c4ccccc4F)CC3)c3noc4c3c2C(=O)c2ccccc2-4)cc1,34.29,50.01
CC1=C(C#N)c2nc(N)c(C#N)c(C)c2/C1=C\c1ccsc1,49.89,75.59
O=[N+]([O-])c1ccc2sc(C=Cc3csc(-c4ccco4)n3)nc2c1,25.59,39.95
COC(=O)C1=C(C)N(c2ccc(C)c(C)c2)C(=Cc2ccc(-c3cccc([N+](=O)[O-])c3)o2)C1=O,37.33,43.24
CCN1c2ccccc2Sc2cc(C=CC34NC(=O)CN3c3ccccc3C4(C)C)ccc21,16.65,20.3
O=C1/C(=C\c2cc(/N=N/c3cccc(C(F)(F)F)c3)ccc2O)SC(=S)N1C1CCCCC1,48.94,67.46
CCN1C(=O)C(=Cc2ccc(-c3ccccc3Cl)o2)SC1=S,25.67,33.25
O=[N+]([O-])c1ccc(-c2nsc3c(N4CCCC4)ncnc23)cc1,29.3,45.11
[O-]c1c(-c2ccccc2)sc2c3ccccc3c(-c3ccccc3)n[n+]12,37.2,56.54
CN(C)c1ccc(/C=C2\N=C(c3ccc(Cl)cc3Cl)OC2=O)cc1,44.65,61.33
c1ccc(-c2c3cc4ccccc4cc3c(-c3ccccc3)c3cc4ccccc4cc23)cc1,48.39,73.84
O=C1C(=Cc2ccc(-c3ccc([N+](=O)[O-])cc3Cl)o2)SC(=S)N1c1cccc(Cl)c1,49.79,64.57
COc1ccc(-c2nc(/N=C/c3ccc(OC)c(OC)c3)sc2-c2ccc([N+](=O)[O-])cc2)cc1,47.22,62.78
O=S(=O)(c1ccc(/N=N/c2ccc(O)c3ccccc23)cc1)N1CCCCC1,32.09,53.71
O=c1c(=CC=Cc2ccccc2)sc2n1CN(c1ccc(Br)cc1)CN=2,32.12,43.46
O=C1N=C(N2CCN(c3ccccc3)CC2)SC1=Cc1ccc(-c2ccc(Br)cc2)o1,32.44,43.62
CCN(CC)c1ccc(/C=C2\S/C(=N\c3ccc(F)cc3)NC2=O)o1,25.13,34.49
O=C1C(=Cc2ccc(-c3c(Cl)cccc3Cl)o2)SC(=S)N1CCS(=O)(=O)O,43.8,57.62
O=C1/C(=C\c2ccc(-c3cccc([N+](=O)[O-])c3)o2)SC(=S)N1CC1CCCO1,39.45,46.4
COc1ccc(N2CCN(c3cc(NCC(C)C)c4c(c3N)C(=O)c3ccccc3C4=O)CC2)cc1,26.36,35.45
CCN1C(=c2sc(=C3C(=O)c4ccccc4C3=O)n(CC)c2=O)C=Cc2ccccc21,27.16,33.57
CCOc1ccc(-c2ccc(C=C3SC(=S)N(CC)C3=O)o2)c([N+](=O)[O-])c1,31.08,37.1
O=C1/C(=C/c2ccc([N+](=O)[O-])cc2)C=C(c2ccccc2)N1c1ccccc1Br,44.25,59.65
CCCCNc1cc(N2CCC(C)CC2)c2noc3c2c1C(=O)c1ccccc1-3,15.57,20.94
CCOc1ccc2c(c1)C(=c1sc3n(c1=O)CN(c1ccc(C)cc1)CN=3)C(=O)N2,44.54,54.9
CC(=O)Nc1ccc(/N=C/c2ccc([N+](=O)[O-])s2)cc1,41.0,52.91
O=c1c2cc(O)cc3cccc(c32)c2nc3ccc4c5c(ccc(c35)n12)CC4,35.75,64.59
[C]N([C])c1ccc([C]=[C]C2=[C]C(=C(C#N)C#N)c3ccccc3O2)s1,28.0,34.91
CCCCN1C(=O)/C(=C/c2ccc(-c3cccc(C(=O)O)c3)o2)NC1=S,67.04,76.59
CCOc1ccc(/C=N/n2c3c(c4nc5ccccc5nc42)C(=O)N(CCOC)CN3)cc1,29.42,42.38
CCOC(=O)c1ccc(-c2ccc(C=C3C(=O)OC4(CCCCC4)OC3=O)o2)cc1,36.24,48.3
O=C(O)CCCN1C(=O)C(=Cc2ccc(-c3ccc(C(=O)O)cc3)o2)SC1=S,81.0,87.33
CN(C)c1ccc(/C=N/c2ccc(/N=C/c3ccc(N(C)C)cc3)cc2)cc1,16.47,33.28
Nc1c(/N=N/c2cccc([N+](=O)[O-])c2)ccc2nonc12,52.94,72.87
CC1=[N+](C)c2ccc3ccccc3c2C1(C)C,11.25,18.57
Cc1ccccc1/N=C1\C=C(N2CCOCC2)c2noc3c2c1c(O)c1ccccc13,24.65,38.56
[C][C]([C])[N]S(=O)(=O)c1ccc2c(c1)C(=C1[C][C][C][C]1)C(=O)[N]2,52.14,61.14
CCCN1CCN(c2cc(Nc3ccc(C(=O)OC)cc3)c3c4c(onc24)-c2ccccc2C3=O)CC1,36.57,46.13
CCOC(=O)C1=C(Nc2ccccc2)SC(=Cc2ccc(-c3ccc([N+](=O)[O-])cc3Cl)o2)C1=O,44.17,55.33
CC1CC(C)CN(c2cc(NCCO)c3c4c(onc24)-c2ccccc2C3=O)C1,20.16,27.18
O=c1c(=CC=Cc2ccccc2)sc2n1CN(c1ccc(Cl)cc1)CN=2,32.15,46.59
COc1ccc(-c2ccc(C=C3SC(=S)N(N4CCOCC4)C3=O)o2)cc1,33.05,38.85
CCN(CC)c1ccc(N=Nc2ccc(NC(C)=O)cc2)cc1,23.62,44.45
COc1cc([N+](=O)[O-])ccc1-c1ccc(/C=C2/SC(=S)N(C)C2=O)o1,38.76,43.82
O=C(O)CCCNc1cc(N2CCC3(CC2)OCCO3)c2noc3c2c1C(=O)c1ccccc1-3,64.86,71.5
CCN1C(=O)/C(=C2\C=Cc3cc(OC)ccc3N2C)SC1=S,18.54,24.45
COCCNC(=S)Nc1ccc2nc3c4ccccc4c4ccccc4c3nc2c1,13.53,23.23
CCOc1ccccc1/C=C1\Oc2c(ccc([O-])c2C[NH+](CC)CC)C1=O,21.55,27.54
CCOc1ccc(N2C(=O)/C(=C/c3ccc(-c4ccc(Cl)c(Cl)c4)o3)NC2=S)cc1,49.3,64.27
CCCC[n+]1c(/C=C/c2ccc(N(C)C)cc2)sc2ccc(OC)cc21,17.81,24.06
CCOc1ccc2c(c1)-c1c(ssc1=S)C(C)(C)N2C(=O)/C=C/c1ccc([N+](=O)[O-])cc1,30.3,37.67
COc1ccccc1N1C(=O)C(=Cc2ccc(-c3cccc(C(=O)O)c3)o2)SC1=S,66.06,83.59
N#C/C(=C\c1ccc([N+](=O)[O-])cc1)c1nc(-c2ccco2)cs1,30.41,41.94
O=C(C=CC=Cc1ccccc1)C(C(=O)c1ccccc1)=C1SCCCS1,20.34,23.25
O=C1OC(c2ccc(I)cc2)=NC1=CC=Cc1cccc([N+](=O)[O-])c1,51.28,67.41
COc1ccc(OC)c(/C=C2\Oc3c(ccc([O-])c3C[NH+]3CC(C)CC(C)C3)C2=O)c1,26.73,35.68
CC1=C(C#N)C(=O)N(CCc2ccccc2)C(=O)/C1=C/c1ccc(-c2ccc(S(=O)(=O)Nc3nccs3)cc2)o1,35.37,44.62
[C]OC(=O)C1=C(S[C]c2ccc(F)cc2)SC(=C2C(=O)[C][C](c3ccccc3)[C]C2=O)S1,46.69,56.44
O=C1/C(=C\c2ccc(-c3ccc([N+](=O)[O-])cc3)o2)SC(=S)N1Cc1ccco1,32.56,40.75
CN(C)c1ccc(/C=c2/sc3nc(-c4ccc([N+](=O)[O-])cc4)cn3c2=O)cc1,32.97,45.24
Cc1cc([N+](=O)[O-])ccc1-c1ccc(C=C2SC(=S)N(C3CCCCC3)C2=O)o1,24.52,30.55
COc1ccc(N2C(=O)/C(=C\c3ccc(N(C)c4ccccc4)cc3)SC2=S)cc1,24.77,35.09
CN1CCN(c2cc(NCc3ccco3)c3c4c(onc24)-c2ccccc2C3=O)CC1,25.06,41.51
N#C/C(=C\c1ccc(-c2ccc([N+](=O)[O-])cc2)o1)c1nc(-c2cccs2)cs1,48.72,65.77
O=C1N=C(N2CCN(c3cccc(C(F)(F)F)c3)CC2)S/C1=C\c1ccc(-c2ccccc2[N+](=O)[O-])o1,51.35,65.43
CCN1CCN(c2ccc(Nc3ccnc4c3ccc3nsnc34)cc2)CC1,19.05,47.59
COc1ccc(C2=NC(=Cc3ccc(-c4ccc([N+](=O)[O-])cc4)o3)C(=O)O2)cc1,49.45,66.22
CCn1c(=O)/c(=C\C=C2/SC=C(c3ccccc3)N2CCCS(=O)(=O)[O-])s/c1=C\c1scc(-c2ccccc2)[n+]1CCCS(=O)(=O)[O-],26.73,30.58
O=[N+]([O-])c1ccc(-c2csc(/C=C/c3ccc4c(c3)OCO4)n2)cc1,37.73,54.68
COc1ccc(N2CCN(c3cc(NC(C)C)c4c5c(onc35)-c3ccccc3C4=O)CC2)cc1,22.27,29.5
COc1ccc2c(c1)-c1c(s[s+]c1SC(C)=O)C(C)(C)N2,16.97,21.19
C=CCN1C(=O)C(=Cc2ccc(-c3ccc4c(c3)C(=O)c3ccccc3C4=O)o2)C(C)=C(C#N)C1=O,56.89,74.95
CC1(C)OC(=CC=CC(=O)C=C(N)c2ccccc2)C=C(c2ccccc2)O1,23.71,34.56
Cc1ccc(N2C(=O)/C(=C\C=C\c3ccco3)SC2=S)c(C)c1,19.86,26.13
N=C1NC(=Cc2ccc([N+](=O)[O-])cc2)c2s/c(=N\c3ccccc3)[nH]c2N1,67.73,75.96
CC1CCCC[NH+]1Cc1c([O-])ccc2c1O/C(=C\c1c(F)cccc1Cl)C2=O,34.42,49.04
Cc1cc([N+](=O)[O-])ccc1-c1ccc(/C=C2\NC(=S)NC2=O)o1,61.47,65.09
CCN(CC)S(=O)(=O)c1ccc(O)c(N=Cc2ccc(N(C)c3ccccc3)cc2)c1,21.31,34.12
O=C(C=Cc1ccc(-c2ccc([N+](=O)[O-])cc2)o1)c1ccc(S(=O)(=O)N2CCCC2)cc1,33.36,39.55
CC1=C(C#N)C(=O)N(C2CCS(=O)(=O)C2)C(=O)C1=Cc1ccc(-c2ccc(F)cc2)o1,55.3,67.87
O=C1OC(c2cccs2)=NC1=Cc1ccc(-c2ccc([N+](=O)[O-])cc2Cl)o1,52.28,68.05
CCN(CC)c1ccc(C=C2CCC(C=NN=c3sc4ccccc4n3C)=C2N2CCOCC2)cc1,16.76,18.75
CC1(C)C2CCC1(CS(=O)(=O)O)C(=O)C2=Cc1ccc(C=C2C(=O)C3(CS(=O)(=O)O)CCC2C3(C)C)cc1,30.06,40.58
CCOc1cc(C=C2CCC(=Cc3cc(OCC)c(O)c([N+](=O)[O-])c3)C2=O)cc([N+](=O)[O-])c1O,63.39,72.33
CCOC(=O)c1ccc(-c2ccc(C=C3SC(=S)N(Cc4ccco4)C3=O)o2)cc1,27.61,31.45
CC(=Cc1ccc([N+](=O)[O-])cc1)C=C1COC(c2oc(O)c(C)c(=O)c2C)C1,49.23,59.7
COc1cc(/C=C2/SC(N3CC[NH+](c4cccc(C(F)(F)F)c4)CC3)=NC2=O)ccc1[O-],50.15,63.65
CCCCCCCCOc1ccc2nc3c(nc2c1)C(=O)c1ccccc1C3=O,28.65,40.76
COc1cc([N+](=O)[O-])ccc1-c1ccc(/C=N/c2sc3c(c2C#N)CCCC3)o1,37.76,50.49
CN(C)c1ccc(Nc2cc(N3CCC(=O)CC3)c3noc4c3c2C(=O)c2ccccc2-4)cc1,32.26,46.72
O=[N+]([O-])c1cccc(/C=N/c2ccccc2N2CCCC2)c1O,40.02,55.89
O=C1/C(=C/c2ccc(-c3ccc(Br)cc3)o2)C=C(c2ccccc2)N1c1ccc(O)cc1,51.91,77.44
O=C1c2ccccc2C(=O)c2c1ccc1[nH]c(-c3c(F)cccc3F)nc21,55.53,80.22
COCC[NH+]1[CH-]Nc2c(c3nc4ccccc4nc3n2/N=C/c2cccnc2)C1=O,56.13,69.98
"[O-][N+](=O)C1=CC=C(\C=C2/N3CCC(CC3)C2=O)C=C1 |c:19,t:3,5|",38.76,58.12
CCN1/C(=C\C(N)=C/c2sc3ccccc3[n+]2CCCS(=O)(=O)[O-])Sc2ccccc21,20.71,26.9
CCN(CC)c1ccc(/C=C2\S/C(=N/c3ccc(F)cc3)NC2=O)o1,25.13,34.44
O=C(Nc1ccc(N2CCOCC2)c2nonc12)c1ccccc1,37.6,55.2
CCOc1ccc(OCC)c(N2C(=O)NC(=O)/C(=C\c3ccc(N4CCCC4)o3)C2=O)c1,44.48,53.33
O=C1c2ccccc2-c2nc3cc4ccccc4cc3n21,26.44,48.51
CC1=CC(=C2C(=O)c3ccccc3C2=O)N(Cc2ccccc2)c2ccccc21,26.44,38.56
CCC1(C)NC(=O)N(N=Cc2ccc(N(C)c3ccccc3)cc2)C1=O,39.56,51.32
Cc1cc(/C=C/c2ccc3cc(N(C)C)ccc3[n+]2C)c(C)n1-c1ccccc1.Cc1cc(/C=C/c2ccc3cc(N(C)C)ccc3[n+]2C)c(C)n1-c1ccccc1.O=C([O-])c1cc2ccccc2c(Cc2c(O)c(C(=O)[O-])cc3ccccc23)c1O,61.86,89.91
CN(c1ccccc1)c1ccc(/C=C2/SC(=S)N(c3ccccc3)C2=O)cc1,20.98,32.13
COc1ccc(NC(=O)/C(C#N)=c2/s/c(=C/c3ccc(-c4ccc([N+](=O)[O-])cc4)o3)c(=O)n2-c2ccccc2)cc1,45.25,59.69
[C][C]N([C][C])c1ccc([C]=C2C(=O)N([C])C(=S)N([C])C2=O)c([O])c1,45.17,43.14
O=C1Nc2ccccc2/C1=N/N=C/c1cccc(O)c1,67.72,81.47
CCN1C(=CC=C2SC(=S)N(C)C2=O)C(C)(C)c2cc(-c3ccccc3)ccc21,14.33,14.85
CN1CCCc2cc(/C=N/n3c(S)nnc3C(F)(F)F)ccc21,44.97,60.3
Nc1c(C(=O)NC2CCCC2)c2nc3ccccc3nc2n1/N=C/c1cccc([N+](=O)[O-])c1,53.52,78.03
CCCN1C(=O)/C(=C/c2ccc(-c3cccc(Cl)c3)o2)SC1=S,29.98,38.92
CN(C)c1ccc(-c2nc3c[n+](CC(N)=O)ccn3c2NC2CCCCC2)cc1,21.6,40.34
CC1=CC(C)(C)N(C)c2ccc(C(=S)N3CCCCC3)cc21,8.58,18.03
CCN1C(=O)C(=Cc2ccc(-c3cccc(Cl)c3Cl)o2)SC1=S,36.66,47.23
O=C1NC(=S)N(CCC2=CCCCC2)C(=O)/C1=C\c1cc2c3c(c1)CCCN3CCC2,14.77,21.29
Cc1ccc2c(c1)-c1nc3ccccc3cc1/C2=N\c1ccccc1,44.44,69.66
CCOC(=O)c1ccc(-c2ccc(/C=C3/C(C)=C(C#N)c4nc(N)c(C#N)c(C)c43)o2)cc1,54.81,76.88
COc1ccc(N2CCN(c3cc(Nc4cccc(F)c4)c4c5c(onc35)-c3ccccc3C4=O)CC2)cc1,35.6,52.37
CCNc1ccc2noc3c2c1C(=O)c1ccccc1-3,23.0,40.84
CCOC(=O)C1CCCN(c2cccc3c2C(=O)c2ccccc2C3=O)C1,26.07,36.06
O=C(O)c1cccc(N2C(=O)/C(=C\C=C\c3ccco3)SC2=S)c1,71.94,84.35
O=C1C(=Cc2ccc(-c3ccc([N+](=O)[O-])cc3Cl)o2)SC(=S)N1C1CCCC1,35.91,44.96
CCN(CC)c1ccc(C(=O)c2ccc(N(CC)CC)cc2)cc1,11.54,19.1
CN1C(=S)N(C2CCCCC2)C(=O)/C1=C/c1ccc(-c2cccc(C(=O)O)c2)o1,64.94,80.22
Cc1ccc(N2C(=O)/C(=C/c3ccc(-c4ccc(Br)cc4)o3)C=C2c2ccccc2)c(C)c1,49.5,69.74
COc1cccc(C2=N/C(=C\c3ccc(N(C)C)cc3)C(=O)O2)c1,25.27,36.42
CCOC(=O)C1CCCN(c2cc(Nc3ccc4c(c3)OCO4)c3c4c(onc24)-c2ccccc2C3=O)C1,33.86,44.98
C=CCNC(=O)c1c(N)n(N=Cc2ccc(N(C)C)cc2)c2nc3ccccc3nc12,30.84,58.34
O=C1/C(=C\c2ccc(-c3ccc([N+](=O)[O-])cc3Cl)o2)SC(=S)N1Cc1ccccc1,37.35,46.56
O=C1/C(=C/c2ccc(-c3ccc(Br)cc3)o2)C=C(c2ccccc2)N1c1ccc(Cl)c(Cl)c1,56.04,79.24
Cc1ccc(Sc2ccc(/C=C(\C#N)c3ccc([N+](=O)[O-])cc3)o2)cc1,37.35,51.27
CCN1C(=O)/C(=C\c2cn(CC(C)C)c3ccccc23)c2cc(S(=O)(=O)N3CCOCC3)ccc21,14.41,11.36
"[O-][N+](=O)C1=C(\C=C\C2=NC3=C(C=CC=C3C3=C2CCS3)C(F)(F)F)C=CC=C1 |c:3,11,13,16,27,29,t:7,9|",42.53,59.71
CCOc1ccc(Nc2cc(N3CCN(c4ccccn4)CC3)c3noc4c3c2C(=O)c2ccccc2-4)cc1,30.09,43.7
CCOC(=O)c1ccc(-c2ccc(/C=C(/C#N)C(=O)Nc3ccc(N(C)C)cc3)o2)cc1,27.18,34.74
O=C1/C(=C\C=C\c2ccco2)SC(=S)N1c1cccc(C(F)(F)F)c1,40.76,56.74
CC(=O)N(c1cccc(C(F)(F)F)c1)c1nc(C=Cc2nc3ccc([N+](=O)[O-])cc3s2)cs1,43.0,59.59
O=C1N=C(N2CCN(c3ccccc3)CC2)S/C1=C\c1ccc(-c2ccc(Cl)c(Cl)c2)o1,36.97,50.33
NS(=O)(=O)c1ccc2c(c1)C(=Cc1ccc(-c3ccc([N+](=O)[O-])cc3Br)o1)C(=O)N2,60.51,74.45
COc1cccc(Nc2cc(N3CCN(C)CC3)c(N)c3c2C(=O)c2ccccc2C3=O)c1,48.42,72.25
CC1=C(C#N)C(=O)N(CC(C)C)C(=O)/C1=C/c1ccc(-c2ccc(Cl)cc2)o1,35.96,46.51
O=C1Nc2ccc(Br)cc2C1=NN=CC1=C(N2CCOCC2)C(=Cc2ccccc2)CC1,44.78,55.81
CC(C)C(NC(=O)C12CC3CC(CC(C3)C1)C2)C(=O)NN=CC1=C(N2CCOCC2)C(=Cc2ccc([N+](=O)[O-])cc2)CC1,28.56,37.3
CN(C)c1ccc(/N=N/c2ccc(S(=O)(=O)NCCCCCCN)cc2)cc1,30.52,55.92
CC1=C(C#N)C(=O)N(C2CCS(=O)(=O)C2)C(=O)C1=Cc1ccc(-c2ccccc2[N+](=O)[O-])o1,60.92,69.85
C=CC1=C(C)c2cc3[nH]c(c4c5nc(cc6[nH]c(cc1n2)c(C)c6CC)C(C)=C5C(=O)C4)C(CCC(=O)O)[C@@H]3C,60.75,76.84
[N]C(=C(C#N)C#N)/C(=[C]/c1ccc(-c2ccc(Cl)cc2)o1)C#N,31.31,40.8
CCN1C(=O)C(=Cc2ccc(-c3ccccc3C(=O)O)o2)N(CC)C1=S,68.23,78.95
CC1CC(C)CN(CCNc2cc(N3CCCCC3)c3noc4c3c2C(=O)c2ccccc2-4)C1,13.4,18.43
O=C1ON=C(c2ccccc2)C1=Cc1ccc(-c2ccc([N+](=O)[O-])cc2Br)o1,55.12,72.03
Cc1cccc2cc(/C=C3\N=C(c4ccccc4)OC3=O)c(N3CCOCC3)nc12,25.87,35.19
CCN1C(=O)/C(=C/c2ccc(-c3cccc(Cl)c3C)o2)N(CC)C1=S,21.89,27.27
Cc1cc(N2CCCCC2)c2c(n1)C(N1CCCCC1)=CC(=O)C2=O,18.85,36.85
CN1c2ccc(/C=C3/SC(=S)NC3=O)cc2C(C)(c2ccc(Cl)cc2)CC1(C)C,19.9,22.08
O=C(Nc1ccc(-c2cccs2)c(F)c1)C(=O)N1C2CCCC1CC2,17.78,28.5
CC1=C(C#N)c2nc(N)c(C#N)c(C)c2/C1=C\c1ccc(-c2ccccc2C(=O)O)o1,68.19,95.79
O=C1C(=Cc2ccc(-c3ccc(Cl)c(Cl)c3)o2)C=C(c2ccccc2)N1c1cccc(I)c1,55.33,79.88
N#Cc1cc(Sc2ccc(Cl)cc2)c(N2CCCCCC2)cc1C#N,26.07,37.61
CN(c1nc2nonc2nc1NC1CCCC1)C1CCOCC1,37.89,54.96
N#CC(=Cc1ccc(N2CCOCC2)o1)C(=O)N1CCOCC1,55.53,70.89
CCN(CC)c1ccc(/C=N/c2ccc(NC(C)=C3C(=O)c4ccccc4C3=O)cc2)cc1,31.53,44.9
Cc1cccc(-c2c(O)c3ccccc3c3nc4ccccc4nc23)c1,28.8,53.69
O=C1c2ccccc2C(=O)c2c(NCCN3CCOCC3)cccc21,42.21,63.32
CCOc1ccc(Nc2ccc3noc4c3c2C(=O)c2ccccc2-4)cc1,37.04,57.87
COc1ccc(C(=O)c2c(/C=C/N(C)C)oc3cc(C#N)c(C#N)cc23)cc1,31.23,41.0
O=C1/C(=C/c2ccc(-c3ccc(Br)cc3)o2)C=C(c2ccccc2)N1c1ccc(Br)cc1,54.88,77.28
O=[N+]([O-])c1ccc2c(/C=N/c3ccc(O)c(-c4nc5ccccc5s4)c3)c(O)ccc2c1,51.8,78.82
"NC(=S)C1=CC=C(S1)C1=NC=CC=C1 |c:5,11,13,t:3,9|",24.03,45.52
O=C1/C(=C/c2ccc(-c3cccc(Cl)c3)o2)SC(=S)N1CC1CCCO1,28.75,36.75
O=C1C(=Cc2ccc(-c3cccc(C(F)(F)F)c3)o2)SC(=S)N1Cc1cccnc1,40.24,53.13
CC1=C(C#N)c2nc(N)c(C#N)c(C)c2C1=Cc1ccc(-c2ccccc2C(=O)O)o1,67.93,95.29
CC[NH+](CC)Cc1c([O-])ccc2c1O/C(=C\c1cccc(OC)c1)C2=O,22.51,29.85
CCCC(=O)Sc1[s+]sc2c1-c1cc(C)ccc1NC2(C)C,15.77,21.1
O=C(O)CCCCCN1C(=O)/C(=C\c2ccc(-c3ccc([N+](=O)[O-])cc3Cl)o2)SC1=S,57.72,67.24
COc1ccc(CN2CCN(c3cc(Nc4ccc(N(C)C)cc4)c4c5c(onc35)-c3ccccc3C4=O)CC2)c(OC)c1OC,31.13,41.76
[N]C(=C(C#N)C#N)/C(C#N)=C(\[C]=[C]/c1ccc(Cl)cc1)[C]1[C][C]1,28.7,33.52
O=C1c2ccccc2-c2onc3c(N4CCN(CCOc5ccc(Cl)cc5)CC4)cc(NCCO)c1c23,31.2,42.88
CC(=Cc1ccc(C=C(C)C=C2N=C(c3cccc([N+](=O)[O-])c3)C(=O)O2)cc1)C=C1N=C(c2cccc([N+](=O)[O-])c2)C(=O)O1,54.81,67.44
CC(C)(C)N1COc2ccc3c4c(oc3c2C1)C(=O)c1ccccc1C4=O,43.2,60.61
CN1C/C(=C/c2ccc([N+](=O)[O-])cc2)C(=O)/C(=C/c2ccc([N+](=O)[O-])cc2)C1,49.81,53.25
O=[N+]([O-])c1ccc(-c2nc3ccc4ccccc4c3c3c2CCC3)cc1,34.02,51.32
[C]Oc1cc(-c2csc(C(C#N)=C3[C][C][C][C][C]3)n2)cc(O[C])c1O[C],37.74,46.18
CCN1C(=O)/C(=C2/C=Cc3ccccc3N2CC)S/C1=N\c1ccc(N2CCOCC2)cc1,17.97,19.79
COc1ccccc1N1C(=O)/C(=C/c2ccc(-c3cc(Cl)ccc3Cl)o2)C=C1c1ccccc1,50.98,72.03
N#C/C(=C\c1ccc(-c2ccc([N+](=O)[O-])cc2Br)o1)c1nc2ccccc2s1,46.53,61.46
COc1cccc(Nc2cc(N(C)CCO)c(N)c3c2C(=O)c2ccccc2C3=O)c1,48.11,68.29
CCc1ccc(N2C(=O)NC(=O)/C(=C\c3ccc(N4CCCCC4)o3)C2=O)cc1,41.56,50.43
O=C1/C(=C/C=C/c2ccco2)SC(=S)N1c1ccc(O)cc1,35.23,48.11
CCCN1C(=O)C(=CC=C2Sc3ccc(Cl)cc3N2C)SC1=S,17.51,19.66
Cc1ccc(/N=C2/c3ccccc3-c3nc4ccccc4cc32)cc1,45.64,71.38
CC[NH+](CC)Cc1c([O-])ccc2c1O/C(=C\c1ccccc1Br)C2=O,28.6,36.83
Cc1cccc(N2C(=O)/C(=C/c3ccc(-c4ccc(Cl)c(Cl)c4)o3)C=C2c2ccccc2)c1,51.3,73.43
Cc1cccc(Nc2cc(NCCO)c(N)c3c2C(=O)c2ccccc2C3=O)c1,47.76,70.69
COc1cccc(N(C(=O)CCC2CCCC2)c2nc(-c3ccc([N+](=O)[O-])cc3)cs2)c1,18.56,23.51
Cc1ccc(Nc2cc(N3CCCC(C)C3)c3noc4c3c2C(=O)c2ccccc2-4)cc1,26.7,40.59
Cc1ccc(N2C(=O)/C(=C/c3ccc(-c4cc(Cl)ccc4Cl)o3)C=C2c2ccccc2)cc1[N+](=O)[O-],54.23,73.8
CC(C)(C)C1CCc2c(sc(/N=C/c3ccc([N+](=O)[O-])s3)c2C#N)C1,27.96,42.2
CC1=C(C#N)c2nc(N)c(C#N)c(C)c2/C1=C\c1ccc(-c2cc(C(=O)O)ccc2Cl)o1,66.7,94.17
COC(=O)c1ccc(C=C(C#N)C#N)cc1,18.1,20.32
CCN(CC)c1ccc(/C=N/c2cc([N+](=O)[O-])ccc2C)cc1,14.29,19.02
CCOCCCNc1cc(N2CCC(C(=O)OCC)CC2)c2noc3c2c1C(=O)c1ccccc1-3,17.6,20.38
O=[N+]([O-])c1ccccc1C=Cc1nc2ccc(Oc3ccccc3)cc2c2c1CCS2,35.18,51.0
C[n+]1ccc(/C=C\c2ccco2)c2ccccc21,19.84,41.27
CCN(CC)c1c(-c2c(N(CC)CC)c(=O)c2=O)c(=O)c1=O,25.15,41.69
CCN1/C(=C\C=C2/S/C(=N\Cc3ccccc3)N(C)C2=O)Sc2ccccc21,12.36,12.77
O=C1/C(=C/c2ccc(-c3ccc([N+](=O)[O-])cc3)o2)NC(=S)N1c1ccccc1,46.25,57.91
C(=C1CCCCC2C1=NN(c1ccccc1)C2c1ccc(-c2ccccc2)o1)c1ccc(-c2ccccc2)o1,31.54,50.22
CCOc1ccc(N2C(=O)C(=Cc3ccc(-c4ccc(Br)cc4)o3)SC2=S)cc1,45.16,59.42
O=[N+]([O-])c1ccc(-c2nc3ccccn3c2NC2CCCCC2)o1,18.25,31.84
C=CC[NH+]1[CH-]Nc2c(c3nc4ccccc4nc3n2/N=C/c2cccc(OC)c2OC)C1=O,50.11,68.64
CSC1=N/C(=C\c2ccc(-c3ccc([N+](=O)[O-])cc3)o2)C(=O)S1,46.12,58.18
COc1ccc(Nc2cc(N3CCN(c4ccccc4F)CC3)c3noc4c3c2C(=O)c2ccccc2-4)cc1,34.09,50.09
COC(=O)COC(=O)c1c2c(nc3ccccc13)C(=Cc1ccc([N+](=O)[O-])cc1)CCC2,27.55,32.39
Nc1cc(N)c2c(c1)C(=O)c1ccccc1C2=O,53.09,86.52
COc1ccc(-n2c(C)cc(C=C3C(=O)c4ccccc4C3=O)c2C)cc1,39.2,54.43
Nc1c(C(=O)NC2CCCCC2)c2nc3ccccc3nc2n1/N=C/c1cccs1,30.44,53.52
O=C1OCc2cc(-c3ccc(C=C4Sc5ccccc5C4=O)o3)ccc21,39.57,56.62
CN(c1ccccc1)c1ccc(/C=C2/SC(=S)N(c3ccc(Cl)cc3)C2=O)cc1,32.01,45.85
O=c1c(=CC=Cc2ccccc2)sc2n1CN(c1ccc(I)cc1)CN=2,34.28,52.87
CN(C)c1ccc(/C=C2\CCc3c2nc2ccccc2c3C(=O)OCC(=O)NC2CC2)cc1,23.22,29.64
C=CCNC(=O)c1c(N)n(-c2ccc(N(C)C)cc2)c2nc3ccccc3nc12,24.57,52.67
CC1N(C)c2cc3c(cc2C1(C)C)P(=Nc1cccc([N+](=O)[O-])c1)(N1CCOCC1)OC(c1ccco1)=N3,24.17,24.4
[K+].F[B-](F)(F)c1cncc2cc(ccc12)C(F)(F)F,40.44,62.37
Cc1ccc(/C=C2\CC/C(=C\c3ccc(C)o3)C2=O)o1,29.05,43.39
COc1cc([N+](=O)[O-])ccc1-c1ccc(/C=C(/C#N)c2ccc(C#N)cc2)o1,47.39,63.85
CCOC(=O)N1CCN(c2cc(Nc3ccc(N(C)C)cc3)c3c4c(onc24)-c2ccccc2C3=O)CC1,30.72,40.04
O=C1N=C(N2CCN(c3cccc(Cl)c3)CC2)S/C1=C/c1ccc(-c2cccc(C(F)(F)F)c2)o1,46.5,63.17
CCN1C(=O)/C(=C2\C=Cc3cc(C)ccc3N2CC)SC1=S,13.81,17.76
O=C1C(=Cc2ccc([N+](=O)[O-])cc2)SC(=S)N1c1cccc(O)c1,65.03,74.96
O=C1c2ccccc2-c2onc3c(N4CCC5(CC4)OCCO5)cc(Nc4ccc(F)cc4)c1c23,34.57,48.92
C=COC(=O)c1sc2nc(-c3cccs3)ccc2c1N,17.75,28.21
CCCN1C(=O)/C(=C/c2ccc(-c3ccc([N+](=O)[O-])cc3)o2)NC1=S,37.42,45.52
CC1=C(C#N)c2nc(N)c(C#N)c(C)c2/C1=C\c1ccc(C(C)C)cc1,50.1,73.62
O=C1N=C(N2CCN(c3ccccc3)CC2)SC1=Cc1ccc(-c2ccccc2)o1,20.19,29.52
O=[N+]([O-])c1ccc(-c2ccc(Cc3ccc(-c4ccc([N+](=O)[O-])cc4)o3)o2)cc1,47.64,62.68
CC1CCCC[NH+]1Cc1c([O-])ccc2c1O/C(=C/c1cn(C)c3ccccc13)C2=O,22.46,34.67
FC(F)(F)C1=CC(N=NC2=CC=C(N(CC)CC)C=C2)=CC=C1C#N,30.58,46.63
CCN(CC)c1ccc(N=Nc2ccc(C#N)c(C(F)(F)F)c2)cc1,30.58,46.63
O=C1C(=Cc2cc3ccccc3nc2N2CCOCC2)C(=O)c2ccccc21,34.11,46.57
CCOC(=O)C1CCCN(c2cc(Nc3c(C)cc(C)cc3C)c3c4c(onc24)-c2ccccc2C3=O)C1,31.71,40.51
CC(=O)N(c1nc(C=C2COc3ccccc3C2=O)cs1)c1ccccc1F,31.12,43.54
Nc1ccc(Nc2ccccc2)c2c1C(=O)c1ccccc1C2=O,41.94,70.05
CCOC(=O)N1CCN(c2cc(NC(C)C)c3c4c(onc24)-c2ccccc2C3=O)CC1,23.3,29.38
CC(C)CNc1cc(N2CCN(CCO)CC2)c(N)c2c1C(=O)c1ccccc1C2=O,38.33,51.08
COc1cc([N+](=O)[O-])ccc1-c1ccc(C=C(C#N)c2ccc(C#N)cc2)o1,42.51,56.44
COC(=O)C1=C(C)NC(=Cc2ccc(-c3cccc(Cl)c3)o2)C1=O,37.75,44.32
CN(C)c1ccc(Nc2ccc([N+](=O)[O-])cn2)cc1,33.43,50.27
[C][C]Oc1ccc([C][N]S(=O)(=O)c2ccc3c(c2)C(=C2[C][C][C][C]2)C(=O)[N]3)cc1,48.13,61.91
CCN1CCN(c2ccc(NC(=O)c3ccc4c(c3)C(=O)N(Cc3ccccc3)C4=O)cc2)CC1,38.2,53.7
CCCN1C(=O)/C(=c2/s/c(=C3\C=Cc4ccccc4N3CC)c(=O)n2CC)SC1=S,14.72,13.47
CCCCCCCc1ccc(-c2c(C#N)c(C=CN(C)C)nc3c2C(=O)c2ccccc2-3)cc1,32.3,44.94
COCc1cc(C)nc2sc(-c3ccc([N+](=O)[O-])cc3)c(/N=C/c3ccc(C)cc3)c12,29.06,39.75
Cc1cc([N+](=O)[O-])ccc1-c1ccc(C=C2NC(=S)NC2=O)o1,61.07,63.92
CCOc1ccc(N2C(=O)C(=CC=Cc3ccco3)N(CC(=O)OC)C2=S)cc1,20.08,20.88
CC[NH+](CC)Cc1c([O-])ccc2c1O/C(=C\c1cc(Cl)cc3c1OCOC3)C2=O,31.98,41.65
CCOc1ccc(N2C(=O)C(=Cc3ccc(-c4ccc(Cl)cc4)o3)SC2=S)cc1,42.69,57.93
COC(=O)c1ccc(-c2ccc(/C=C(\C#N)c3ccc([N+](=O)[O-])cc3)o2)cc1,37.46,46.63
COc1ccc(-c2ccc(/C=C/c3onc(C)c3[N+](=O)[O-])o2)cc1,38.92,52.77
CCCN1CCN(c2cc(Nc3ccc4c(c3)OCO4)c3c4c(onc24)-c2ccccc2C3=O)CC1,27.9,40.64
CCN1C(=O)/C(=C\c2cn(CC)c3ccccc23)c2cc(S(=O)(=O)N3CCOCC3)ccc21,19.79,20.41
O=C1c2ccccc2-c2c1cc(O)c1ccccc21,41.44,68.63
CN(C)c1cccc(C(=O)Nc2ccc3nc(NS(C)(=O)=O)sc3c2)c1,39.73,62.96
CCOC(=O)C1CCCN(c2cc(NCCC(=O)O)c3c4c(onc24)-c2ccccc2C3=O)C1,60.01,73.96
COc1ccc(/C=C/C=C(/C#N)c2ccc([N+](=O)[O-])cc2)cc1,27.33,35.42
COc1ccc([N+](=O)[O-])cc1-c1ccc(/C=C2/S/C(=N\c3c(C)cccc3C)N(c3ccccc3)C2=O)o1,42.8,56.56
O=C(O)CCN1C(=O)C(=Cc2ccc(-c3ccccc3F)s2)SC1=S,68.78,80.39
N#Cc1cc2c(cc1C#N)N(Cc1ccccc1)CCN2Cc1ccccc1,13.83,18.11
N#CC(=Cc1ccc(-c2ccc([N+](=O)[O-])cc2Br)o1)c1ccccn1,36.58,46.9
[2H]c1cc([2H])c2c(c1)Sc1cc([2H])cc([2H])c1N2CC(C)N(C)C,21.25,28.25
[C][C]N([C][C])C1=NC(=[N+]([C][C])[C][C])c2ccccc21,31.73,38.66
COc1ccc(N2CCN(c3cc(Nc4cccc(OC)c4)c4c5c(onc35)-c3ccccc3C4=O)CC2)cc1,32.68,46.28
CC(C)(C)c1cc(/C=C/c2ccc(-c3ccccc3)cc2)[s+]c(C(C)(C)C)c1,54.06,78.61
Cc1ccc(N2CCN(C3=NC(=O)/C(=C\c4ccc(-c5cccc(C(F)(F)F)c5)o4)S3)CC2)cc1,40.77,55.52
Cc1cccc(/C=C/c2c[nH]c3ccc(Cl)cc23)[n+]1C,31.46,55.44
CC=S([O-])[OH+]c1ccc(-c2ccc(NC(=O)c3ccc([N+](=O)[O-])cc3)cc2)nn1,66.89,82.04
CCCCN1C(=O)/C(=C/C=C2\N(C)c3ccc(-c4ccccc4)cc3C2(C)C)SC1=S,17.07,19.97
CCC(/C=C1\Sc2ccc(OC)cc2N1CC)=C1\SC(=S)N(CC)C1=O,15.38,19.19
COc1ccc(CN2C(=O)/C(=C\c3cnc(N4CCOCC4)s3)c3ccccc3C2=O)cc1,25.72,28.42
CC1Oc2ccccc2C=C1C=C1SC(=S)N(CCC(=O)O)C1=O,74.07,81.09
CCOC(=O)C1=C(c2ccccc2)S/C(=C2/C(=S)C(C)(C)Nc3ccc(OCC)cc32)S1,25.67,28.39
O=C(O)c1cc(N2C(=O)/C(=C\C=C\c3ccco3)SC2=S)ccc1O,78.63,86.54
O=C1/C(=C/c2ccc([N+](=O)[O-])cc2)C=C(c2ccccc2)N1c1ccc(Cl)c(Cl)c1,48.56,67.57
O=[N+]([O-])C1=CC(=[N+]([O-])[O-])c2cccnc2C12SC1=CC=CC=CC1=[N+]2Cc1ccccc1,38.17,47.34
Cc1ccc2c(c1)/C(=N\N=C\c1cc([N+](=O)[O-])ccc1O)C(=O)N2,74.9,80.89
CC(=C\c1cc(Cl)ccc1O)/C=C1/SC(=S)N(Cc2ccccc2)C1=O,38.06,48.52
CCN(CC)c1ccc(/C=C(\C#N)C(N)=S)c(OCc2ccc(Cl)cc2Cl)c1,26.13,35.71
CN(C)c1ccc(/C=C/c2cc(/C=C/c3ccc(N(C)C)cc3)[n+]3ccccc3n2)cc1,27.02,43.5
CN(C)c1ccc(/N=N/c2cccc[n+]2[O-])cc1,28.62,53.84
CCOc1ccc2nc3cc([N+](=O)[O-])ccc3c(Sc3c4ccc([N+](=O)[O-])cc4nc4ccc(OCC)cc34)c2c1,45.99,61.54
CN(c1ccccc1)c1ccc(C=C2SC(=S)N(c3cccc(C(F)(F)F)c3)C2=O)cc1,39.26,54.72
"CN(C)C1=CC=C(NC(=O)C2=C(N)C3=CC4=C(N=C3S2)C2CCN4CC2)C=C1 |c:10,15,17,30,t:3,5,13|",17.43,33.54
CN(C)c1ccc(NC(=O)c2sc3nc4c(cc3c2N)N2CCC4CC2)cc1,17.43,33.55
CCCCn1c(-c2ccc([N+](=O)[O-])cc2)cs/c1=N/c1ccccc1,16.32,20.96
CCN(CCCC(=O)O)c1ccc(/N=N/c2ccc(/N=N/c3ccccc3C)cc2C)cc1,44.39,66.23
CC1(C)Nc2cccc3c(/N=N/c4ccc(/N=N/c5ccccc5)c5ccccc45)ccc(c23)N1,27.53,47.53
COc1ccccc1N1CCN(c2cc(Nc3ccc(N(C)C)cc3)c3c4c(onc24)-c2ccccc2C3=O)CC1,27.19,37.9
O=C(O)c1ccc(N2C(=O)/C(=C/c3ccc(-c4ccc(Br)cc4)o3)C=C2c2ccccc2)cc1O,65.43,91.0
O=C1c2ccccc2-c2c1nc1c([n+]2[O-])CCCCC1,28.03,40.62
O=[N+]([O-])c1ccc(/C=N/c2c(F)cccc2F)s1,23.8,35.63
O=[N+](C(S1)=CC=C1/C=N/C2=C(F)C=CC=C2F)[O-],23.8,35.63
CN(C)c1ccc(N=Nc2ccccc2C(=O)OCC(=O)N(C)C2CCCCC2)cc1,15.51,27.74
CCOC(=O)Cn1c2cccc3cccc(c32)[n+]2nc3c(cc12)c1cccc2cccc3c21,29.57,41.88
CNc1ccc(C(=O)Nc2ccc(-c3csc(N4CCOCC4)n3)cc2)cc1[N+](=O)[O-],51.15,63.0
O=C(O)CCN1C(=O)C(=Cc2ccc(-c3ccccc3F)o2)SC1=S,70.88,82.5
CC1=C(C#N)c2nc(N)c(C#N)c(C)c2/C1=C\c1ccc(Cl)s1,53.94,79.41
CCCC[N+]1=C2C(OC(=O)c3ccccc3)CCN2Cc2ccccc21,12.47,15.51
[C]c1cc([C])cc([N]S(=O)(=O)c2ccc3c(c2)C(=C2[C][C][C][C]2)C(=O)[N]3)c1,51.58,70.39
Cc1cc([N+](=O)[O-])ccc1-c1ccc(/C=C2/NC(=S)NC2=O)o1,61.48,65.11
CCc1ccccc1/N=C1\S/C(=C\c2ccc(-c3ccc([N+](=O)[O-])cc3C)o2)C(=O)N1c1ccccc1CC,40.42,53.9
CCC(/C=C1\Sc2ccc3ccccc3c2N1CCCS(=O)(=O)[O-])=C\c1sc2ccc3ccccc3c2[n+]1CCCS(=O)(=O)[O-],28.04,35.94
CCOc1ccc(N2C(=O)/C(=C/c3ccc(N4CCCCC4)o3)C(=O)NC2=S)cc1,35.53,44.16
O=C(O)CCCN1C(=O)/C(=C\c2cc3c4c(c2O)CCCN4CCC3)SC1=S,66.28,75.1
CN(C)CCCNc1cc(N2CCCC2)c(N)c2c1C(=O)c1ccccc1C2=O,36.86,60.44
CCOc1ccc(Nc2cc(Nc3ccccc3OCC)nc(C=C(C#N)C#N)n2)cc1,22.32,34.71
O=C1Nc2ccc(Cl)cc2/C1=C/c1ccc(-c2ccc(S(=O)(=O)N3CCOCC3)cc2)o1,43.98,52.59
Clc1ccc(-c2c3sc(N4CCCCC4)nc3nc3nc(N4CCCCC4)sc23)cc1,20.1,29.49
CC1(C)Nc2ccccc2-c2c(SC(=O)C34CC5CC(CC(C5)C3)C4)s[s+]c21,12.48,18.5
CCOc1ccc2c(c1)/C(=c1/sc3n(c1=O)CN(c1ccc(CC)cc1)CN=3)C(=O)N2,42.23,51.12
O=C(C=Cc1ccc(-c2ccc(Cl)cc2)o1)c1ccc(N2CCOCC2)c(F)c1,43.09,57.06
[O-]c1c(-c2ccccc2)sc2c(N3CCOCC3)nc3ccccc3[n+]12,19.11,28.16
CC1CCCC[NH+]1Cc1c([O-])ccc2c1O/C(=C\c1ccc(Cl)cc1Cl)C2=O,37.14,51.52
CN(C)c1ccc(C=Cc2nc3ccccc3c(=O)n2-c2cccc([N+](=O)[O-])c2)cc1,30.6,46.4
O=C1c2c(n(/N=C/c3ccccn3)c3nc4ccccc4nc23)N[CH-][NH+]1CCc1ccccc1,39.46,57.13
O=C1C(=Cc2ccc(-c3ccc(Cl)cc3)o2)Sc2ccccc21,45.51,66.54
CCN1C(=O)/C(=C2\C=Cc3cc(OC)ccc3N2C2CCCCC2)SC1=S,13.13,17.9
COc1ccc2nc(N3CCOCC3)c(/C=C3\N=C(c4ccccc4)OC3=O)cc2c1,29.37,38.31
COc1ccc(OC)c(/C=C2/C(C)=C(C#N)c3nc(N)c(C#N)c(C)c32)c1,52.3,74.89
O=C1c2ccccc2-c2onc3c(N4CCOCC4)cc(N4CCc5ccccc54)c1c23,23.29,32.9
Cc1ccc(CN2C(=O)C(=CC3=Cc4ccccc4OC3C)SC2=S)cc1,14.64,18.07
[C]OC(=O)C1=C(C(=O)O[C])SC(=C2C(=S)C([C])([C])N(C(=O)[C][C][C]3[C][C][C][C][C]3)c3cc([C])ccc32)S1,45.94,49.92
CCN1C(=O)/C(=C\c2cc(C)n(-c3ccc(N4CCOCC4)c(Br)c3)c2C)c2cc(S(=O)(=O)N3CCOCC3)ccc21,28.73,29.03
CCn1cc(/C=C2/Oc3c(ccc([O-])c3C[NH+]3CCOCC3)C2=O)c2ccccc21,32.77,48.74
O=c1[nH]c2ccc(N=Cc3ccc(-c4ccc([N+](=O)[O-])cc4Br)o3)cc2[nH]1,50.03,58.43
O=C1c2ccccc2-c2onc3c(N4CCN(c5ccccc5)CC4)cc(NC4CCCCC4)c1c23,19.44,29.37
CCN(CC)C(=O)C(C#N)=Cc1ccc(-c2cccc([N+](=O)[O-])c2)o1,19.65,24.06
O=[N+]([O-])c1ccc(C=C2CCCC3C2=NN(c2ccc([N+](=O)[O-])cc2)C3c2ccccc2)cc1,35.44,47.97
CCCn1c(C)cc(C(=O)COC(=O)c2c3c(nc4ccccc24)/C(=C\c2ccc([N+](=O)[O-])cc2)CCC3)c1C,31.28,38.41
COc1ccc([N+](=O)[O-])cc1-c1ccc(C=C(C#N)C(=O)NC2CCCCC2)o1,27.22,36.92
CC(C)c1ccc(N2C(=O)NC(=O)/C(=C/c3cc4c5c(c3)CCCN5CCC4)C2=O)cc1,28.46,36.07
CC1Oc2ccccc2C=C1C=C1SC(=S)N(Cc2ccccc2)C1=O,12.73,15.57
[C][C][C][C][C][C][C][C]Oc1ccc(/C([C]=[N+]([C])[C])=[C]/N([C])[C])cc1,31.91,36.71
COc1ccc(/C=C2\Oc3c(ccc([O-])c3C[NH+]3CCCC(C)C3)C2=O)c(OC)c1OC,30.47,40.63
COc1ccc(N2C(=O)/C(=C/c3ccc(-c4cccc(Cl)c4)o3)SC2=S)cc1,44.19,60.01
Cc1ccc(N2C(=O)/C(=C\c3ccc(N4CCCC4)o3)C(=O)NC2=S)cc1,43.3,51.72
Cc1ccc(C(=O)O)cc1N1C(=O)C(=Cc2ccc(-c3ccc([N+](=O)[O-])cc3)o2)SC1=S,71.39,86.75
CCN(CC)c1ccc(/N=C2/C=CC(=O)c3ccccc32)c(C)c1,19.2,27.89
O=C(C=Cc1ccc(-c2cccc(Cl)c2Cl)o1)c1cccc(N2CCOCC2)c1,42.91,55.9
O=C1C(=Cc2cccc3c2OCO3)CCCCC1=Cc1cccc2c1OCO2,21.74,34.13
O=[N+]([O-])c1ccc(COc2ccc(-c3n[nH]cc3-c3nc4ccccc4s3)c(O)c2)cc1,42.59,56.71
O=C1N=C(S)N(c2cccc(F)c2)C(=O)C1=Cc1cc2c3c(c1)CCCN3CCC2,36.91,51.24
CC1=C(C#N)c2nc(N)c(C#N)c(C)c2/C1=C\c1ccc(C)s1,50.79,74.97
O=C(Nc1ccc(N2CCOCC2)cc1)c1ccc2c3c(cccc13)C(=O)N(c1cccc(C(F)(F)F)c1)C2=O,55.39,75.6
O=C(O)c1c2c(nc3ccccc13)/C(=C/c1ccc([N+](=O)[O-])cc1)CC2,69.76,91.48
FC(F)(F)c1nnc2ccc(Nc3ccc4nc(N5CCOCC5)sc4c3)nn12,41.21,54.59
"CC(C)CN1CCCC2=CC(\C=C3\NC(=S)SC3=O)=CC=C12 |c:19,t:8,21|",11.75,19.41
COCCNc1cc(N2CCN(CCOc3ccc(Cl)cc3)CC2)c2noc3c2c1C(=O)c1ccccc1-3,23.31,28.63
CCOC(=O)C1CCN(c2cc(NCc3ccccc3)c3c4c(onc24)-c2ccccc2C3=O)CC1,24.07,30.22
Cc1ccc2c(c1)/C(=N/c1ccccc1)c1cc3cccc(C)c3nc1-2,46.56,70.3
CC1=CC(C)(C)N2C(=O)/C(=N\N=C3\C(=O)N4c5c(cccc53)C(C)=CC4(C)C)c3cccc1c32,29.4,36.27
CCOc1ccc2c(c1)C(=O)c1cc(O)ccc1-2,47.59,70.8
O=C(Nc1ccc(N2CCCCC2)cc1)c1ccc(-c2cccc([N+](=O)[O-])c2)o1,31.83,46.41
COCCNc1cc(N(C)C)c2noc3c2c1C(=O)c1ccccc1-3,14.82,22.32
CCN(CC)c1ccc(/C=C2/C(=O)N(c3ccc([N+](=O)[O-])cc3)N=C2N2CCOCC2)cc1,38.56,43.6
O=[N+]([O-])c1ccc(-c2ccc(/C=C/c3ccc4cccc(OCc5ccccc5Cl)c4n3)o2)cc1,51.02,71.98
CCN(CC)S(=O)Oc1ccc2c(c1)C(=O)c1cc(S(=O)(=O)N(CC)CC)ccc1-2,21.92,32.31
COc1cccc(Nc2cc(N3CCCC3)c3noc4c3c2C(=O)c2ccccc2-4)c1,29.37,44.63
CCOC(=O)C1CCCN(c2cc(Nc3cccc(F)c3)c3c4c(onc24)-c2ccccc2C3=O)C1,39.22,52.61
O=C1/C(=C/c2ccc(-c3ccc(Cl)c(Cl)c3)o2)C=C(c2ccccc2)N1c1ccc(O)cc1,54.92,81.22
O=C(c1cc([N+](=O)[O-])ccc1NCc1cccnc1)N1c2ccccc2Sc2ccccc21,22.84,31.32
COC(=O)c1sc2cc([N+](=O)[O-])cc(Sc3ccccc3)c2c1N,22.43,28.68
O=C(Nc1ccc(-c2csc(N3CCOCC3)n2)cc1)c1ccc(I)cc1,36.38,50.69
O=[N+]([O-])c1ccc(-c2ccc(CCl)o2)cc1,29.17,40.5
COCCN1C(=O)/C(=C/c2ccc(-c3ccc(Cl)cc3Cl)o2)SC1=S,31.71,38.59
O=C1/C(=C/c2ccc(-c3ccccc3[N+](=O)[O-])o2)NC(=S)N1c1ccc(Cl)cc1,49.77,62.64
N#C/C(=C/c1ccc(Sc2ccc(Cl)cc2)o1)c1ccc([N+](=O)[O-])cc1,42.68,58.56
O=C(C=Cc1ccc(-c2ccc(Cl)c(Cl)c2)o1)c1ccc(N2CCOCC2)cc1,46.6,61.23
COc1ccc(NC(=O)c2sc3nc4c(c(-c5ccc(OC)cc5)c3c2N)-c2ccccc2C4=O)cc1,54.76,78.96
CCOC(=O)C1=C(C)NC(=Cc2ccc(-c3cccc([N+](=O)[O-])c3)o2)C1=O,38.96,43.7
CC(=O)N(C)c1ccc(N2CCCC2)c2c1C(=O)c1ccccc1C2=O,29.54,41.86
Cc1ccccc1/N=C1\S/C(=C\C=C\c2ccco2)C(=O)N1c1ccccc1C,26.12,38.49
CC1(C)OC(c2ccccc2)=C/C(=C/[CH+]/C=C2/C=C(c3ccccc3)OC(C)(C)O2)O1,24.63,34.81
CC1=C(C#N)C(=O)N(C2CCCC2)C(=O)/C1=C\c1ccc(N(C)C)cc1,27.24,37.3
CC(=O)Sc1[s+]sc2c1-c1ccccc1NC2(C)C,14.85,20.61
CC(C#CC=C(C)C=CC1=C(C)CCCC1(C)C)=CCO[Si](C)(C)C(C)(C)C,19.05,29.29
O=C1c2ccccc2C(=O)c2cc([OH+]S([O-])=NC3CCCCC3)ccc21,47.01,64.8
O=C(O)CCN1C(=O)C(=Cc2ccc(-c3ccc(Cl)cc3)o2)SC1=S,67.42,79.82
COc1ccc(C2=C/C(=C/c3ccc([N+](=O)[O-])o3)C(=O)O2)cc1,45.43,58.81
CC1CC(C)CN(CCNc2cc(N3CCCCCC3)c3noc4c3c2C(=O)c2ccccc2-4)C1,12.82,17.2
"ClC1=C(\C=C\N(CC2=CC=CC=C2)CC2=CC=CC=C2)C(=O)C2=C(C=CC=C2)C1=O |c:1,9,11,17,19,26,28,t:7,15,24|",18.81,26.81
O=C(Nc1ccc(O)cc1)c1ccc2c(c1)C(=O)N(c1ccc(/N=N/c3ccccc3)cc1)C2=O,61.63,86.54
O=C(O)CCNc1cc(N2CCC3(CC2)OCCO3)c2noc3c2c1C(=O)c1ccccc1-3,68.43,73.72
O=c1c(=CC=Cc2ccccc2)sc2n1CN(c1cccc([N+](=O)[O-])c1)CN=2,39.09,49.26
CCc1ccc(NC2NC(=O)C(=Cc3ccc(-c4ccc(Br)cc4)o3)S2)cc1,41.2,56.16
O=C1/C(=C\c2ccc(-c3ccc([N+](=O)[O-])cc3)o2)SC(=S)N1C1CCS(=O)(=O)C1,54.82,64.91
Cc1ccc(C(=O)NC(=Cc2ccc(-c3ccc([N+](=O)[O-])cc3)o2)C(=O)NC2CCS(=O)(=O)C2)cc1,54.45,67.8
CC1=CC(=C2C=C(C)C(=O)C(C)=C2)C=C(C)C1=O,27.08,36.17
N#Cc1cc2nc([O-])c([O-])nc2cc1[N+](=O)[O-].[Na+].[Na+],55.08,58.63
O=C1c2ccccc2-c2onc3c(N4CCN(C5CCCCC5)CC4)cc(NCc4ccccc4)c1c23,19.08,29.1
CCOc1ccc(/N=C2\NC(=O)/C(=C\c3ccc(-c4ccc([N+](=O)[O-])cc4)o3)S2)cc1,48.68,64.2
O=S(C1=C(I)C=CC(Br)=C1)([O-])=O.[K+],48.72,61.29
CC1CCCCN1c1cc(Nc2ccccc2)c2c3c(onc13)-c1ccccc1C2=O,23.61,37.29
CC1=C(C#N)c2nc(N)c(C#N)c(C)c2C1=Cc1c[nH]c2ccccc12,46.81,69.28
COCCCN1C(=O)/C(=C\c2ccc(-c3ccc([N+](=O)[O-])cc3OC)o2)S/C1=N\c1ccccc1,27.77,32.21
O=[N+]([O-])c1ccc(-c2ccc(/C=N/N3CCOCC3)o2)cc1,51.58,65.58
O=C1Nc2ccc(Br)cc2/C1=N/N=Cc1cc([N+](=O)[O-])ccc1O,65.83,68.66
CN1C2CCC1C(=Cc1ccccn1)C(=O)C2=Cc1ccccn1,39.03,68.06
O=C1C(=Cc2ccc(-c3cccc(Cl)c3)o2)SC(=S)N1C1C=S(=O)([O-])CC1,41.96,52.14
O=C1C(Cl)=CC(=NCl)C=C1Cl,51.08,64.15
O=[N+]([O-])c1c(NC2CCCCC2)ccc2nsnc12,25.02,44.31
O=C(O)CCCCCN1C(=O)/C(=C\c2ccc(-c3ccc([N+](=O)[O-])cc3)o2)SC1=S,61.75,71.91
CCCCN1C(=O)C(=Cc2ccc(-c3cccc(F)c3)o2)SC1=S,21.46,27.92
C=CCN1C=CC(=Cc2sc3ccccc3[n+]2C)C=C1,16.72,33.02
CCOc1ccc2c(c1)/C(=c1/sc3n(c1=O)CN(c1cccc(C(F)(F)F)c1)CN=3)C(=O)N2,52.88,64.79
O=C(C=Cc1ccc(-c2ccc(Br)cc2)o1)c1cccc(N2CCOCC2)c1,37.53,49.53
N#C/C(=C/c1ccc(N2CCOCC2)o1)c1cccc([N+](=O)[O-])c1,34.35,42.79
O=C1OC(c2ccc(Cl)c([N+](=O)[O-])c2)=NC1=Cc1cc2cc3c4c(c2oc1=O)CCCN4CCC3,43.66,55.71
Cc1ccc(N2C(=O)/C(=C\c3ccc(-c4ccc([N+](=O)[O-])cc4)o3)SC2=S)c(C)c1,39.97,50.54
N#C/C(=C\C=C\c1ccc(-c2cc(Cl)ccc2Cl)o1)C(N)=S,39.24,57.31
COc1cc([N+](=O)[O-])ccc1-c1ccc(C=C2SC(=S)N(c3cccc(F)c3)C2=O)o1,45.32,57.13
CC1CCN(CCNc2cc(N(C)C)c3noc4c3c2C(=O)c2ccccc2-4)CC1,16.65,28.84
CCN(CC)c1ccc(C2=Nc3ncnn3/C2=N/Cc2ccccc2)cc1,17.41,29.43
C=CCN1/C(=C\C=C\C2=[N+](C)c3ccccc3C2(C)C)Sc2cc(C)c(C)cc21,17.4,23.31
CN(C)c1ccc(N=Nc2ccccc2C(=O)OCC(=O)c2ccc([N+](=O)[O-])cc2)cc1,25.24,29.01
CC(C)CNc1cc(N2CCOCC2)c(N)c2c1C(=O)c1ccccc1C2=O,30.32,39.61
CCN(CC)c1ccc(N2C(=O)/C(=C\c3ccc(OC)c(Br)c3)C=C2c2ccccc2)cc1,34.6,47.24
COc1cc([N+](=O)[O-])ccc1-c1ccc(C=C2C(=O)c3ccccc3C2=O)o1,53.79,68.92
CCCCOc1c(/C=C2/N(C)c3ccccc3C2(C)C)c(=O)c1=S,11.32,12.83
CCCCOc1ccc(Cl)cc1/C=C(\C#N)c1ccc([N+](=O)[O-])cc1,33.41,45.96
[C]OC(=O)C1=C(S[C][C]c2ccccc2)SC(=C2C(=O)[C][C](c3ccccc3)[C]C2=O)S1,42.64,50.17
COc1cc([N+](=O)[O-])ccc1-c1ccc(/C=C2\S/C(=N\c3ccccc3)N(CC(C)C)C2=O)o1,32.3,40.18
O=[N+]([O-])c1ccc(/C=C/c2nc3cc([N+](=O)[O-])ccc3o2)cc1,39.82,53.25
COc1cccc(Nc2cc(N3CCCC3)c(N)c3c2C(=O)c2ccccc2C3=O)c1,41.95,62.35
O=C1[N]C(=S)[N]C(=O)C1=[C]c1ccc(N([C][C]Cl)[C][C]Cl)cc1,46.94,50.12
O=C1C(=C/C=C/c2ccco2)C(=O)N(Cc2ccccc2)C(=S)N1Cc1ccccc1,15.95,19.3
CCOc1ccc(-c2cc(/C=C\c3ccc(OC)cc3)[o+]c(-c3ccc(OCC)cc3)c2)cc1,59.49,84.44
Cc1cc(N2CCCC2)ccc1/C=N/N1C(=O)c2ccccc2C1=O,31.09,44.65
CC1CCN(c2cc(Nc3ccc(F)cc3)c3c4c(onc24)-c2ccccc2C3=O)CC1,31.19,48.47
CCc1ccc(NC2NC(=O)C(=Cc3ccc(-c4ccc(Br)c(Cl)c4)o3)S2)cc1,47.63,63.53
Cc1ccc(Nc2cc(NCc3ccccc3)c3noc4c3c2C(=O)c2ccccc2-4)cc1,31.64,49.98
O=C1c2ccccc2-c2cc(N3CCN(c4ccccc4)CC3)nc3cccc1c23,27.2,42.93
CC(=O)C1=C(c2ccccc2)S/C(=C2/C(=S)C(C)(C)Nc3ccc(C)cc32)S1,21.96,24.74
Cc1cccc(C(C)(C)C)c1Sc1cc(N(C)CCO)c([N+](=O)[O-])c2nonc12,25.75,33.64
Cc1cc(C)cc(N2C(=O)N=C(O)/C(=C\C=C\c3ccc(N(C)C)cc3)C2=O)c1,56.57,69.15
Cc1ccc(C2=CC(=Cc3ccc([N+](=O)[O-])cc3)C(=O)O2)cc1,43.92,59.36
CC1=C(C#N)c2nc(N)c(C#N)c(C)c2/C1=C\c1cn(Cc2ccccc2C#N)c2ccccc12,49.44,71.28
COc1cc(/C=C2/C(C)=C(C#N)c3nc(N)c(C#N)c(C)c32)ccc1OCc1cccc([N+](=O)[O-])c1,52.05,72.15
CC(C)(C)C1=NN(c2ccccc2)C(=O)C1=Cc1cc([N+](=O)[O-])ccc1Sc1ccccn1,35.2,45.47
CCOc1c(Br)cc(C=C2CCCC(=Cc3cc(Br)c(OCC)c(OC)c3)C2=O)cc1OC,42.73,53.91
COc1cc([N+](=O)[O-])ccc1-c1ccc(/C=C(/C#N)c2cccc(F)c2)o1,45.25,60.72
Cc1ccc(-c2ccc(/C=C3/SC(N4CCN(c5cccc(C(F)(F)F)c5)CC4)=NC3=O)o2)cc1,40.66,55.39
COc1ccc2c(c1)C(=c1sc3n(c1=O)CN(c1ccc4c(c1)CCC4)CN=3)C(=O)N2,37.77,48.01
O=C1/C(=C/c2ccc(-c3ccc(Br)cc3)o2)C=C(c2ccccc2)N1c1cccnc1,45.99,66.76
O=c1/c(=C/C=C/c2ccccc2)sc2n1CN(c1ccc(F)cc1)CN=2,32.95,51.54
O=[N+]([O-])c1ccc(/C=N/c2ccc(Nc3ccccc3)cc2)cc1,20.88,38.39
O=[N+]([O-])C(=Cc1ccc(-c2ccccc2Br)o1)c1ccccc1,34.09,45.73
[C][C][C]N([C][C][C])S(=O)Oc1ccc2c(c1)C(=C1[C][C][C][C]1)C(=O)N2[C],46.58,52.01
CC[n+]1c(/C=C2\C=Cc3cc(C)ccc3N2C)sc(-c2ccccc2)c1-c1ccccc1,34.52,50.6
O=C(O)c1cc(N2C(=O)C(=Cc3ccc(-c4ccc(Br)cc4)o3)C=C2c2ccccc2)ccc1O,65.27,90.68
C=CCN1C(=O)C(=Cc2ccc(-c3cccc(Br)c3)o2)SC1=S,33.49,43.83
Cc1cc([N+](=O)[O-])ccc1-c1ccc(C=C2SC(=S)N(c3ccc([N+](=O)[O-])cc3)C2=O)o1,47.99,57.09
CCOC(=O)c1ccc(-c2ccc(/C=C/C(=O)c3ccc(N4CCOCC4)c(F)c3)o2)cc1,38.92,48.09
COC(=O)c1c(-c2ccccc2Cl)noc1-c1cc(-c2onc(-c3ccccc3Cl)c2C(=O)OC)cc(-c2onc(-c3ccccc3Cl)c2C(=O)OC)c1,59.6,79.26
O=C(O)CCCCCN1C(=O)C(=Cc2ccc(-c3cccc(C(F)(F)F)c3)o2)SC1=S,54.71,70.13
C1=C(Sc2ccccc2)C(=NC2CCCCC2)C=C2C1=NC13CCCCC1CC1=C(CCCC1)N23,15.91,27.24
[NH2+]=C1/C(=C\c2ccsc2)C(=O)N=C2SC(c3ccc([O-])cc3)=NN12,56.24,70.72
CCOc1cc2c3c(c1)/C(=N/c1ccc(-c4nc5ccc(C)cc5s4)cc1)C(=O)N3C(C)(C)C=C2C,38.4,52.72
COc1cc([N+](=O)[O-])ccc1-c1ccc(C=C2SC(=S)N(c3cccc(C)c3)C2=O)o1,38.41,46.94
O=C1/C(=C/c2ccc([N+](=O)[O-])cc2)C=C(c2ccccc2)N1c1cccc(I)c1,48.33,68.04
CC(C)C(C(=O)O)N1C(=O)/C(=C/C=C/c2ccco2)SC1=S,78.39,85.96
CCOc1cccc(N2C(=O)C(=Cc3ccc(-c4ccc([N+](=O)[O-])cc4Cl)o3)C(=O)NC2=S)c1,51.31,61.38
CC1=C(C#N)c2nc(N)c(C#N)c(C)c2/C1=C/c1ccc(-c2cccc(F)c2)o1,58.96,87.68
COc1ccc2c(c1)c(/C=C1/Oc3c(ccc([O-])c3C[NH+]3CCCCC3)C1=O)cn2C,33.25,50.68
CCCCCCOC(=O)c1c2c(n3cc4ccccc4cc13)C(=O)c1ccccc1C2=O,28.44,36.91
C=CCNS(=O)(=O)c1ccc(C(=O)Nc2ccc3nc(N4CCCC4)sc3c2)cc1,25.78,36.7
Cc1ccc2c(c1)-c1c(ssc1=S)C(C)(C)N2C(=O)/C=C/c1ccc([N+](=O)[O-])cc1,28.78,35.97
CC[NH+](CC)Cc1c([O-])ccc2c1O/C(=C\c1ccccc1Cl)C2=O,26.64,36.08
[C]OC(=O)C1=C(S[C]c2cccc([C])c2)SC(=C2C(=O)[C][C](c3ccccc3)[C]C2=O)S1,46.26,55.19
CCC[NH+](CCC)Cc1c([O-])ccc2c1O/C(=C\C=C\c1ccccc1OC)C2=O,19.67,23.25
CC(=O)N(C)c1c(Br)cc(N2CCCC2)c2c1C(=O)c1ccccc1C2=O,31.69,40.62
CN(C)c1ccc(NC(=O)c2ccc([N+](=O)[O-])o2)cc1,38.8,47.94
CCC(C(=O)O)N1C(=O)/C(=C/C=C/c2ccco2)SC1=S,77.75,83.46
CS(=O)(=O)N1CCc2cc(C(=O)Nc3ccc4nc(N5CCOCC5)sc4c3)ccc21,31.09,43.33
Cc1cccc2cc(/C=C3\N=C(c4ccccc4)OC3=O)c(N(C)C)nc12,24.29,33.74
CC(C)c1cnn(C)c1C=Cc1nc2cc(C(=O)O)cnc2s1,74.86,90.32
CCCCC(C)C=C(C)C=C(C)C(=O)NC1=CC(O)(C=CC=CC=CC(=O)NC2=C(O)CCC2=O)C2OC2C1=O,51.04,57.85
CCOC(=O)c1ccc(-c2ccc(/C=C3\C=C(c4ccccc4)N(c4cccc(C(=O)OC)c4)C3=O)o2)cc1,43.73,55.5
CN(c1ccccc1)c1ccc(/N=N/c2nc(-c3ccccc3)cs2)cc1,19.36,38.59
CC(C)C(C(=O)O)N1C(=O)/C(=C\C=C\c2ccco2)SC1=S,77.92,85.58
[C][C][C]Oc1cc(N([C][C])[C][C])ccc1[C]=C1C(=O)[N]C(=S)[N]C1=O,44.9,45.71
CC(=O)Nc1ccc(NC(=O)C=Cc2ccc(-c3cccc([N+](=O)[O-])c3)o2)cc1,43.22,57.88
N#Cc1ccc(N2CCN(c3ccc4nnc(C(F)(F)F)n4n3)CC2)cn1,51.48,61.58
O=C1/C(=C\C=C\c2ccco2)SC(=S)N1c1ccc(Cl)c(C(F)(F)F)c1,48.8,67.74
O=C1/C(=C/c2ccc(-c3ccc([N+](=O)[O-])cc3Cl)o2)SC(=S)N1N1CCOCC1,49.97,51.21
O=C1C(=Cc2ccc(-c3cccc([N+](=O)[O-])c3)o2)SC(=S)N1c1ccc(F)cc1,47.33,61.86
CC(C)(C)c1ccc2c(c1[N+](=O)[O-])C(=O)c1ccccc1C2=O,45.49,61.44
O=C1/C(=C\c2ccc(-c3ccc([N+](=O)[O-])cc3Br)o2)SC(=S)N1c1ccc(I)cc1,53.98,69.48
COc1ccc2c(c1)[n+]([O-])c1c([n+]2[O-])CCC1,24.17,31.6
CC(C)NS(=O)(=O)c1ccc(-c2ccc(C=C3C(=O)Nc4ccccc43)o2)cc1,34.05,42.67
O=C1c2cccc3c(Cl)ccc(c23)C(=O)N1c1ccc(/N=N/c2ccccc2)cc1,48.72,73.1
CCC(=C/c1sc2ccc3ccccc3c2[n+]1CCCS(=O)(=O)[O-])/C=C1/Sc2ccc(C)cc2N1CC,25.37,32.81
O=C(Nc1ccc(-c2csc(N3CCOCC3)n2)cc1)c1ccc(F)cc1,30.89,43.99
CC1CCCN(c2cc(NCc3ccccc3)c3c4c(onc24)-c2ccccc2C3=O)C1,18.06,26.51
O=C(/C=c1/[nH]c(=O)/c(=C\c2ccc([N+](=O)[O-])cc2)s1)c1ccco1,40.94,44.14
CC[n+]1c(C=Cc2ccc([N+](=O)[O-])cc2)sc2ccccc21,20.82,26.65
CCCCNc1ccc2c(c1[N+](=O)[O-])N=S=N2,45.75,63.42
O=C1OC(c2ccccc2)=NC1=Cc1ccc(-c2ccc([N+](=O)[O-])cc2)o1,48.1,66.61
Cc1cccc(N2C(=O)C(=CC=Cc3ccc(N(C)C)cc3)C(=O)N=C2O)c1,57.65,69.58
O=C1/C(=C/c2ccc(-c3ccc(Cl)c(Cl)c3)o2)C=C(c2ccccc2)N1c1ccc2ccccc2c1,52.49,76.31
CC1=NN(c2ccc(C)c(C)c2)C(=O)C1=Cc1ccc(-c2cc([N+](=O)[O-])ccc2O)o1,53.94,67.09
CCN1C(=O)/C(=C\c2ccc(Sc3ccc(Cl)cc3)s2)S/C1=N\c1ccc(N2CCCCC2)cc1,25.34,34.84
O=C(Nc1ccc(N2CCCC2)cc1)c1cc2cc([N+](=O)[O-])ccc2s1,25.52,36.86
CSc1ccc(C2=C/C(=C3/SC(=S)NC3=O)c3ccccc3O2)cc1,31.22,41.81
CCN1C=Cc2ccccc2/C1=C\C1=C/C(=C/c2sc3cc(C)ccc3[n+]2CC)CC(C)(C)C1,21.86,30.15
O=c1c2ccccc2c(=O)c2c1c(NCCCN1CCCC1)cc1oc3ccccc3[nH]c12,24.79,47.35
COc1ccc(Cl)cc1CN1CCN(c2cc(Nc3ccc(C(=O)O)cc3)c3c4c(onc24)-c2ccccc2C3=O)CC1,59.13,80.04
COC(=O)c1ccc(/C=C2/SC(=S)N(c3ccc(NC(C)=O)cc3)C2=O)cc1,31.73,36.36
CN(C)c1ccc(Nc2cccc3nonc23)cc1,14.05,39.3
[C][C]N1C(=O)C(=[C][N]c2c(-c3cccs3)nc3cc([C])ccn23)C(=O)N([C][C])C1=S,45.93,53.1
CN(C)c1ccc(Nc2cc(N3CCN(Cc4ccc5c(c4)OCO5)CC3)c3noc4c3c2C(=O)c2ccccc2-4)cc1,28.41,40.38
N#CC(C(=O)c1ccc([N+](=O)[O-])s1)=C1Nc2ccccc2S1,23.28,23.55
CCOC(=O)C1CCN(c2cc(NCCOC)c3c4c(onc24)-c2ccccc2C3=O)CC1,19.12,22.4
Cc1cc(C)n2c(NC3CCCCC3)c(-c3ccc([N+](=O)[O-])o3)nc2n1,25.36,41.02
[N]C(=O)[C]1[C][C][C]N(c2ccc([C][N][C]=C(C#N)C#N)cc2)[C]1,36.98,39.8
Oc1c(-c2ccccc2F)c2nc3ccccc3nc2c2ccccc12,31.23,59.34
COc1ccc(Nc2cc(N3CCN(c4ccc(F)cc4)CC3)c3noc4c3c2C(=O)c2ccccc2-4)cc1,36.84,54.22
"N#CC(=CC1=CN=C(S1)N1CCCCC1)C#N |c:6,t:4|",14.37,24.96
O=C1c2ccccc2-c2onc3c(NCc4ccccc4)cc(NCCO)c1c23,23.0,35.14
COC(=O)c1sc2cc([N+](=O)[O-])cc(SCC(C)C)c2c1N,18.2,22.94
[C][C][C]([C])[N]S(=O)(=O)c1ccc2c(c1)C(=C1[C][C][C][C]1)C(=O)[N]2,49.81,58.54
Cc1cccc(/N=C2/NC(=O)C(=Cc3ccc(N4CCCC4)o3)S2)c1C,19.84,26.15
CC1=C(C#N)c2nc(N)c(C#N)c(C)c2/C1=C\c1cccc(Cl)c1,53.61,80.5
Cc1ccc(N2CCN(CN3C(=O)S/C(=C/c4ccc([N+](=O)[O-])cc4)C3=O)CC2)cc1,40.43,43.17
O=C1C(=Cc2ccc(-c3ccc(Cl)cc3)o2)SC(=S)N1CCN1CCOCC1,28.6,34.45
COCC[NH+]1[CH-]Nc2c(c3nc4ccccc4nc3n2/N=C/c2cccc(OC)c2OC)C1=O,43.67,56.69
CCN(CC)c1ccc(N2C(=O)/C(=C/c3ccco3)SC2=S)cc1,14.22,18.54
CC1=C(C#N)c2nc(N)c(C#N)c(C)c2/C1=C/c1cccnc1,47.81,71.8
CCCCNc1cc(N2CCN(C3CCCCC3)CC2)c2noc3c2c1C(=O)c1ccccc1-3,16.75,24.67
Cc1ccc(/N=C/C=C/c2ccc([N+](=O)[O-])cc2)c(C)c1,22.08,31.99
CCCCc1nc2c(sc3nc(C)cc(COC)c32)c(=O)n1/N=C/c1ccc(N(C)C)cc1,16.1,22.02
CC1=C(C#N)c2nc(N)c(C#N)c(C)c2/C1=C\c1ccc(Br)s1,53.54,77.17
CCOC(=O)C1=C(Nc2ccc(C)cc2)SC(=Cc2ccc(-c3ccccc3C(=O)O)o2)C1=O,59.43,76.1
CSc1ccc(C=Cc2nc3ccc([N+](=O)[O-])cc3s2)cc1,25.24,36.91
O=C(CN1C(=O)S/C(=C/c2ccc(-c3cccc(F)c3)o2)C1=O)N1CCN(c2ccccc2)CC1,28.73,34.21
COC(=O)c1ccc2c(c1)NC(=O)C2=C(Nc1ccc(N(C)C(C)=O)cc1)c1ccccc1,32.37,41.12
COc1ccc2nc(N=Nc3ccc(N(C)c4ccccc4)cc3)sc2c1,17.42,34.65
NOS(=O)(=O)CCCN1/C(=C/C(N)=C/c2sc3ccccc3[n+]2CCCS(=O)(=O)[O-])Sc2ccccc21,28.05,36.89
CCN1c2ccccc2Sc2cc(C=CC34NC(=O)CCN3c3ccccc3C4(C)C)ccc21,16.72,20.56
O=[N+]([O-])c1ccc2nc3c(c(-c4ccccc4)c2c1)CSc1ccccc1-3,39.6,57.28
N#C/C(=C/Nc1cc(C#N)c(C#N)cc1NC1CCCCC1)c1ccc(F)cc1,27.05,39.18
CN(c1ccccc1)c1ccc(C=C2N=C(c3cc([N+](=O)[O-])cc([N+](=O)[O-])c3)OC2=O)cc1,51.12,65.3
O=C1OC(c2ccccc2)=N/C1=C\c1cc2ccccc2nc1N1CCCCC1,23.9,36.96
O=C1OC(c2cccc(Br)c2)=NC1=Cc1ccc(-c2ccc([N+](=O)[O-])cc2)o1,54.55,72.68
N#C/C(=C\c1ccc(N2CCCC2)o1)c1ccc(Cl)cc1Cl,38.51,54.19
CCOC(=O)c1ccc(-c2ccc(/C=C3\C=C(c4ccccc4)N(c4cccc(C)c4)C3=O)o2)cc1,44.19,60.05
CCN1C(=O)/C(=C/c2cc(C)n(-c3cccc([N+](=O)[O-])c3)c2C)c2cc(S(=O)(=O)N3CCOCC3)ccc21,31.75,30.45
Cc1cc2c(c(O)c1-c1c(C)cc3c(c1O)/C(=C/NCc1ccccn1)C(=O)C(O)=C3C(C)C)/C(=C/NCc1ccccn1)C(=O)C(O)=C2C(C)C,56.18,72.44
O=C1OC(c2cccc(F)c2)=N/C1=C\C=C\c1ccc([N+](=O)[O-])cc1,52.4,71.13
COc1ccc(/C=C2\Oc3c(ccc([O-])c3C[NH+]3CCCCCC3)C2=O)c(OC)c1OC,31.17,42.27
O=C(c1ccc2nc3c4ccccc4c4ccccc4c3nc2c1)N1CCOCC1,23.3,36.86
CCCCC[N+](CC)(CC)CCOc1ccc2c(c1)C(=O)c1cc(OCC[N+](CC)(CC)CCCCC)ccc1-2,29.9,41.9
CN1C2CCC1C(=Cc1cccn1C)C(=O)C2=Cc1cccn1C,48.89,77.39
CCCCN1C(=O)SC(=Cc2ccc(-c3ccc([N+](=O)[O-])cc3)o2)C1=O,32.81,41.98
Cc1cc2c3c(c1)C(C)CC(C)(C)N3C(=O)C2=C(C#N)C#N,18.35,25.18
COc1ccc(N2CN=c3sc(=CC=Cc4ccccc4)c(=O)n3C2)cc1OC,25.84,40.08
O=C([O-])C1=NN(c2ccc(S(=O)(=O)[O-])cc2)C(=O)C1/N=N/c1ccc(S(=O)(=O)[O-])cc1.[Na+].[Na+].[Na+],75.79,76.04
Cc1ccc2c(c1)C=C/C(=C\c1sc3ccccc3[n+]1CCCS(=O)(=O)[O-])N2C,19.22,24.01
O=C1/C(=C\c2ccc(-c3ccc([N+](=O)[O-])cc3)o2)SC(=S)N1C1CCCCC1,29.29,38.53
O=C1C(=Cc2ccc([N+](=O)[O-])cc2)C=C(c2ccccc2)N1c1ccc(F)cc1,45.06,64.19
[NH2+]=C1/C(=C\c2ccc(Br)o2)C(=O)N=C2SC(c3ccc([O-])cc3)=NN12,55.42,69.49
CCN1CCN(CC)c2cc(-n3c(C(F)(F)F)nn(C)c3=S)ccc21,22.39,32.26
N#CC(=Cc1ccc(-c2ccc([N+](=O)[O-])cc2Cl)o1)C(=O)N1CCCCC1,28.79,35.86
CCCCNc1cc(N2CCN(C)CC2)c2noc3c2c1C(=O)c1ccccc1-3,23.7,38.08
O=C1c2ccccc2C(=O)c2c1cc(Cl)cc2N1CCCCC1,31.45,46.62
CCCN1CCN(c2cc(NCC(C)C)c3c4c(onc24)-c2ccccc2C3=O)CC1,16.54,23.18
CCOc1cc2c(cc1/C=C1\C(C)=C(C#N)c3nc(N)c(C#N)c(C)c31)OCO2,52.43,75.15
"CC(C)(C)C1=NN(C(=O)\C1=C/C1=C(SC2=NC=CC=C2)C=CC(=C1)[N+]([O-])=O)C1=CC=CC=C1 |c:12,17,19,22,24,32,34,t:4,15,30|",35.2,45.47
O=C1Nc2ccccc2/C1=N/N=C/c1ccccc1O,67.26,80.82
COc1ccc2c(c1)-c1c(ssc1=S)C(C)(C)N2C(=O)/C=C/c1ccc([N+](=O)[O-])cc1,29.67,36.09
CN(C)c1cc(NCCO)c2c3c(onc13)-c1ccccc1C2=O,34.28,49.61
CC1CCN(c2ccc(NC(=S)NC(=O)c3ccc(-c4cccc([N+](=O)[O-])c4)o3)cc2)CC1,37.99,51.29
O=C(/C=C/c1ccc(-c2cccc(Cl)c2Cl)o1)N1CCN(c2ccc([N+](=O)[O-])c(N3CCCCC3)c2)CC1,31.62,40.6
COc1cc(OC)c(/C=C/c2ccc3ccccc3[n+]2[O-])c(OC)c1,32.63,44.26
O=C1C(=Cc2ccc(-c3cc(Cl)ccc3Cl)o2)C=C(c2ccccc2)N1c1ccccc1O,51.96,76.5
CN1C(=O)C(=Cc2ccc(-c3cc([N+](=O)[O-])ccc3Cl)o2)SC1=S,42.01,48.96
CCN1C(=Cc2ccc3ccccc3[n+]2CCCS(=O)(=O)[O-])C=Cc2ccccc21,18.62,24.7
C/N=c1\scc(-c2ccc([N+](=O)[O-])cc2)n1/N=C/c1ccc(C)o1,26.37,37.39
COc1cc([N+](=O)[O-])ccc1-c1ccc(C=C(C#N)Sc2nc3ccccc3s2)o1,35.71,46.38
CCN1C(=O)C(=C2C=Cc3cc(OC)ccc3N2C2CCCCC2)SC1=S,12.06,16.81
C=CCN1C(=O)/C(=C\C=C\c2ccccc2[N+](=O)[O-])SC1=S,31.53,37.65
O=C1/C(=C\C=C\c2ccco2)SC(=S)N1c1ccc(Br)cc1,29.4,40.81
CNC1CCc2cc(OC)c(OC)c(OC)c2-c2cc/c(=[N+](/C)CC(OC)OC)c([O-])cc21,17.54,21.03
COc1ccc(Nc2cc(NCCc3ccccc3)c3noc4c3c2C(=O)c2ccccc2-4)cc1,30.61,46.01
COC(=O)c1ccccc1-c1c2ccc(N(C)C)cc2[o+]c2cc(N(C)C)ccc12,19.94,24.32
O=C1C(=Cc2ccc([N+](=O)[O-])cc2)C=C(c2ccccc2)N1c1ccc(Br)cc1,46.42,63.09
O=C(Nc1ccc(NC(=O)c2ccc(F)cc2)c2c1C(=O)c1ccccc1C2=O)c1ccc(F)cc1,59.31,84.78
O=S(=O)([O-])CCCN1C(=Cc2ccc3ccccc3[n+]2CCCS(=O)(=O)[O-])C=Cc2ccccc21,20.02,25.4
CCOC(=O)C1CCCN(c2cc(NCCCC(=O)O)c3c4c(onc24)-c2ccccc2C3=O)C1,55.71,70.36
"[K+].F[B-](F)(F)C1=CC2=C(C=C1)C1=CC=CC=C1C2=O |c:6,8,13,15,t:4,11|",46.28,67.07
[C]c1cc([C]=C(C#N)C#N)c([C])n1-c1ccc(N2[C][C]O[C][C]2)cc1,38.8,45.95
C=C1CCC(O)CC1=CC=C1CCCC2(C)C1CCC2C(C)CCCC(C)C,10.79,19.08
CN(C)c1ccc(NC(=O)c2ccc3nc(-c4ccccc4)c(-c4ccccc4)nc3c2)cc1,32.23,51.86
O=C(CCCN1C(=O)c2cccc3cccc(c23)C1=O)Nc1ccc(N2CCOCC2)cc1,31.92,39.61
CCCOC(=O)c1cccc(-c2ccc(/C=C3\C(=O)N(CCO)C(=O)C(C#N)=C3C)o2)c1,41.56,51.28
COc1cc(OC)c(OC)cc1/C=C/c1ccc2ccccc2[n+]1C,28.49,40.68
O=[N+]([O-])c1ccc(/C=N/c2ccc(Oc3ccccc3)cc2)s1,22.82,36.15
CCOc1cccc(N2C(=O)/C(=C\c3ccc(-c4ccc([N+](=O)[O-])cc4)o3)C(=O)N=C2S)c1,59.83,76.03
CN1CCN(c2ccc(NC(=O)c3ccc4c(c3)C(=O)c3ccccc3-4)cn2)CC1,51.9,75.55
O=C1C(=Cc2ccc(-c3cccc(Cl)c3)o2)SC(=S)N1CCc1ccccc1,25.18,34.07
COc1cccc(/C=C2\Oc3c(ccc([O-])c3C[NH+]3CCCCC3)C2=O)c1OC,32.83,46.37
CCN1C(=O)/C(=C/C=C2/Sc3c(ccc4c3CCCC4)N2CC)SC1=S,11.84,15.03
CCOC(=O)c1ccc(-c2ccc(/C=C3\C=C(c4ccccc4)N(c4ccc(Br)cc4)C3=O)o2)cc1,50.97,68.19
CC[NH+](CC)Cc1c([O-])ccc2c1O/C(=C\c1ccccc1OC)C2=O,21.11,27.83
CCC(C(=O)O)N1C(=O)C(=Cc2ccc(-c3ccc([N+](=O)[O-])cc3)o2)SC1=S,74.81,84.07
COC(=O)C1=C(c2ccccc2)S/C(=C2/C(=S)C(C)(C)Nc3ccc(OC)cc32)S1,24.06,23.63
C=CCN1C(=O)/C(=C\c2ccc(-c3ccc([N+](=O)[O-])cc3C)o2)SC1=S,34.42,42.27
CCCCCCCCCCOC(=O)C=Cc1ccc(-c2cccc([N+](=O)[O-])c2)o1,22.01,32.33
CCN(CC)c1ccc(/C=C2\S/C(=N/c3ccc(Cl)cc3)NC2=O)o1,28.52,37.47
CCN(CC)c1ccc(/C=C\c2onc(C)c2[N+](=O)[O-])c(OCc2ccccc2)c1,17.92,20.23
O=C1C(=Cc2ccc(-c3ccccc3F)o2)C(=O)c2ccccc21,48.97,71.07
COc1cccc(/C=C2\Oc3c(ccc([O-])c3C[NH+]3CCCCC3C)C2=O)c1OC,25.45,34.02
COc1ccc(-c2c3c(nc4sc(C(=O)c5ccccc5)c(N)c24)C(=O)c2ccccc2-3)cc1,52.61,74.74
Cc1ccc2cc(C3=CC(=Cc4ccc([N+](=O)[O-])cc4)C(=O)O3)ccc2c1,45.49,61.83
CCC(=C\c1sc2ccc3ccccc3c2[n+]1CCCS(=O)(=O)[O-])/C=C1/Sc2ccc(OC)cc2N1CC,25.43,31.81
O=C1OC(c2ccc(Br)cc2)=N/C1=C\C=C\c1ccc([N+](=O)[O-])cc1,49.14,65.54
O=C1/C(=C/c2ccc([N+](=O)[O-])cc2)C=C(c2ccccc2)N1c1cccc(Cl)c1,44.82,62.78
COc1ccc(OC)c(/C=N/N=C2\C(=O)Nc3ccccc32)c1,42.31,60.06
C(=Cc1cc[n+]2ccsc2n1)C=C1C=CN2C=CSC2=C1,18.65,34.14
CNc1ccc(C=C2CSc3ccccc3C2=O)cc1[N+](=O)[O-],27.34,36.5
O=C1/C(=C\C=C\c2ccco2)SC(=S)N1c1cccc(Br)c1,28.04,38.5
CCOC(=O)c1ccc(-c2ccc(/C=C3\C=C(c4ccccc4)N(c4cccc(Cl)c4)C3=O)o2)cc1,49.67,67.25
Cc1ccc(Sc2ccc(C=C3COc4ccccc4C3=O)cc2[N+](=O)[O-])cc1,34.65,46.54
COc1cc(OC)c(OC)cc1/C=C1\Oc2c(ccc([O-])c2C[NH+]2CCCC(C)C2)C1=O,30.89,41.21
COc1ccc(Nc2cc(N3CCN(Cc4cc(Cl)ccc4OC)CC3)c3noc4c3c2C(=O)c2ccccc2-4)cc1,39.04,53.68
CC(C)c1ccc(-c2c(O)c3ccccc3c3nc4ccccc4nc23)cc1,30.04,51.38
COc1ccccc1N1C(=O)/C(=C/c2ccc(-c3ccc([N+](=O)[O-])cc3)o2)SC1=S,42.72,53.52
O=C1NC(=S)SC1=Cc1ccc(-c2ccc([N+](=O)[O-])cc2Cl)o1,55.12,62.31
CCc1ccc(N2CN=c3sc(=C4C(=O)Nc5ccc(OC)cc54)c(=O)n3C2)cc1,43.39,52.83
CCCCNC(=O)c1c(N)n(-c2ccc(N3CCOCC3)cc2)c2nc3ccccc3nc12,29.9,47.26
CCN1C(=O)/C(=C/C=C2/Sc3ccc4ccccc4c3N2CCCS(=O)(=O)O)SC1=S,19.11,25.77
N#CC(C#N)=C([C]1[C][C]1)[C]1[C](c2ccccc2)[C](C(=O)[C]2[C][C]2)N2[C]1[C]=[C]c1ccccc12,40.99,52.76
O=C1C(=Cc2ccc(-c3cccc(C(F)(F)F)c3)o2)Sc2ccccc21,53.99,77.38
N#CC(C#N)=Cc1ccc(-c2cc([N+](=O)[O-])ccc2Cl)o1,33.43,42.83
COc1ccc(NC(=O)/C=C/c2ccc(-c3ccccc3[N+](=O)[O-])o2)cc1,34.81,49.27
O=C(O)CCN1C(=O)/C(=C\c2ccc(-c3ccc([N+](=O)[O-])cc3Cl)o2)SC1=S,72.2,79.13
N#Cc1c(/N=C/c2cc([N+](=O)[O-])ccc2O)sc2c1C1CCN2CC1,45.51,61.09
CN(C)c1ccc(/C=C(\C#N)c2nc(-c3ccc(Br)cc3)cs2)cc1,37.32,50.63
O=S(=O)(c1ccc(-c2ccc(C=Cc3nc4cc(Cl)ccc4o3)o2)cc1)N1CCOCC1,35.36,47.9
CCN(CC)c1ccc(C=C2CCC(C=NNC(=S)NC3CCCCC3)=C2N2CCOCC2)cc1,17.36,24.98
CN(C1=CC=CC=C1)/C=C/C=C/C=C2C(C=CC=C3)=C3C4=C2C=CC=C4,28.14,47.02
CN(/C=C/C=C/C=C1c2ccccc2-c2ccccc21)c1ccccc1,28.14,47.02
CCOc1cccc(N2C(=O)C(=Cc3ccc(-c4ccc([N+](=O)[O-])cc4C)o3)C(=O)NC2=S)c1,49.31,57.48
Cc1ccc(C(=O)N2CCN(c3ccc(NC(=O)/C=C/c4ccc(-c5ccccc5[N+](=O)[O-])o4)cc3)CC2)cc1,44.67,59.1
CCOc1ccc(Nc2cc(N3CCN(c4ccc(F)cc4)CC3)c3noc4c3c2C(=O)c2ccccc2-4)cc1,37.09,54.1
Cc1cccc(N2C(=O)/C(=C\C=C\c3ccco3)SC2=S)c1C,18.59,24.05
N=C1SC(=Cc2ccc(-c3cccc([N+](=O)[O-])c3)o2)C(=O)N1c1ccc2c(c1)OCO2,49.48,65.08
CCCCCCN1C(=O)C(=CC2=Cc3ccccc3OC2C)SC1=S,10.8,14.34
N#CC(=Cc1ccc(-c2ccc([N+](=O)[O-])cc2Cl)o1)C(=O)NC1CCCCC1,30.62,42.16
COc1ccc(N2C(=O)C(=C3C=CC=CN3C)SC2=S)cc1,35.38,50.18
CCOCCCN1C(=O)C(=CC2=Cc3ccccc3OC2)SC1=S,9.68,15.01
CCc1ccc(N2C(=O)NC(=O)/C(=C/c3ccc(-c4ccc([N+](=O)[O-])cc4)o3)C2=O)cc1,58.86,69.54
COc1cccc(N2C(=O)NC(=O)C(=Cc3ccc([N+](=O)[O-])s3)C2=O)c1,70.98,69.39
O=C1/C(=C/c2ccc(-c3ccc(Cl)c(Cl)c3)o2)C=C(c2ccccc2)N1c1cccc(Br)c1,55.66,78.48
O=C1/C(=C/c2c[nH]c3ccccc23)Oc2c1ccc([O-])c2C[NH+]1CCOCC1,44.11,58.01
COC(=O)C(C#N)c1nc2ccccc2nc1NC1CCCC1,15.03,26.52
CCOC(=O)C1CCCN(c2cc(Nc3ccc4c(c3)OCCO4)c3c4c(onc24)-c2ccccc2C3=O)C1,32.58,43.28
O=C1/C(=C\c2ccc(-c3ccc([N+](=O)[O-])cc3)o2)SC(=S)N1N1CCOCC1,49.87,49.17
CC1=C(C#N)c2nc(N)c(C#N)c(C)c2C1=Cc1ccc(C)o1,44.87,68.71
CC(=O)N(c1nc(/C=C2/COc3ccccc3C2=O)cs1)c1ccccc1F,35.26,49.13
Nc1ccc(/N=N/c2ccccc2)c2ccccc12,15.77,42.58
O=[N+]([O-])c1ccc2oc(C=C3CCCCC3)c(N3CCOCC3)c2c1,16.28,29.04
Cc1nc2sc(-c3ccc([N+](=O)[O-])cc3)c(N)c2c(C)c1Cl,40.01,58.33
[N]C(=C(C#N)C#N)/C(=[C]/c1cccc(/[C]=C(\C#N)C([N])=C(C#N)C#N)c1)C#N,28.4,32.21
C=CCN1C(=O)C(=Cc2ccc(-c3cccc(F)c3)o2)SC1=S,26.52,37.57
O=C(C=Cc1ccc(-c2ccc([N+](=O)[O-])cc2Cl)o1)c1ccco1,35.89,46.89
CCOC(=O)c1ccc(/C=C2/C=C(c3ccccc3)N(c3ccc(Nc4ccccc4)cc3)C2=O)cc1,39.91,56.9
CCN1C(=c2sc(=C3SC(=S)N(c4ccc(C)cc4)C3=O)n(-c3ccc(C)cc3)c2=O)C=Cc2ccccc21,28.68,37.47
CC1(C)CC(N=C2C([N+](=O)[O-])=CC=C3NC4(CCCCC4)N=C32)CC(C)(C)N1,59.53,67.44
CCOC(=O)COc1ccc2c(c1)O/C(=C\C1=Cc3ccccc3OC1C)C2=O,30.93,38.1
O=C([O-])c1ccccc1-c1c2cc(Br)c(=O)c(Br)c-2oc2c(Br)c([O-])c(Br)cc12.[Na+].[Na+],53.81,66.65
COc1ccc2cc(/C=C3\N=C(c4ccccc4)OC3=O)c(N3CCCCC3)nc2c1,26.33,37.49
O=[N+]([O-])c1ccc(-c2ccc(C=Nc3c(-c4ccco4)nc4ccccn34)o2)cc1,33.21,52.24
CCN(CC)c1ccc(/C=C2\N=C(c3ccccc3)OC2=O)cc1,19.7,28.36
O=C1OC(C2=CC=CC=C2)=N/C1=C\C(C=C3)=CC=C3N(CC)CC,19.7,28.36
O=C1c2ccccc2-c2onc3c(N4CCCC4)cc(Nc4ccc(Cl)cc4)c1c23,38.09,58.13
O=[N+]([O-])c1ccc(N2CCCCC2)c(/C=N/c2ccc(-c3ccccc3)cc2)c1,24.9,37.36
O=C(O)CCN1C(=O)/C(=C\c2ccc(-c3ccc([N+](=O)[O-])cc3)o2)SC1=S,76.03,82.13
C=CCSC1=N/C(=C\c2ccc(-c3ccc([N+](=O)[O-])cc3C)o2)C(=O)S1,41.27,51.71
O=C1OC(c2ccc(Br)cc2)=CC1=Cc1ccc(-c2cc([N+](=O)[O-])ccc2Cl)o1,56.53,75.27
O=C1c2ccccc2-c2onc3c(N4CCN(c5ccccn5)CC4)cc(NC4CCCCC4)c1c23,19.34,28.67
CC1CC[NH+](Cc2c([O-])ccc3c2O/C(=C\c2cc4cc(Br)ccc4o2)C3=O)CC1,41.43,55.14
CN(C)c1ccc(C(=O)Nc2ccc(-c3cn4ccsc4n3)cc2)cc1,21.04,38.45
CC1=C(C#N)c2nc(N)c(C#N)c(C)c2C1=Cc1ccc([N+](=O)[O-])cc1,50.22,71.48
CCN(CC)c1ccc(-c2cc(C(=O)O)c3c(ccc4ccccc43)n2)cc1,50.4,73.87
CCc1ccc(N2NC(=O)C(=Cc3ccc(-c4ccc(S(=O)(=O)Nc5nccs5)cc4)o3)C2=O)cc1,38.85,46.91
CC(C)N(c1ccccc1)c1ccc(NC(=O)c2ccccn2)cc1,14.11,26.78
O=C1C(=Cc2ccc(-c3cc(Cl)ccc3Cl)o2)C=C(c2ccccc2)N1c1ccc(O)cc1,54.02,80.16
CCOc1ccc2c(c1)SC(=Cc1ccc([N+](=O)[O-])cc1)C2=O,36.94,48.01
O=C1/C(=C\c2ccc(-c3ccc([N+](=O)[O-])cc3)o2)Sc2ccccc21,48.43,65.46
Cc1ccccc1N1C(=O)/C(=C\C=C\c2ccco2)SC1=S,17.06,23.37
O=C1C(=Cc2ccc([N+](=O)[O-])cc2)C=C(c2ccccc2)N1c1cccc(Br)c1,44.89,60.82
O=C1/C(=C/c2ccc([N+](=O)[O-])cc2)Oc2c1ccc([O-])c2C[NH+]1CCCCC1,43.44,52.89
O=[N+]([O-])c1ccc(-c2nc3ccc4ccccc4c3c3c2CCCC3)cc1,32.13,48.67
CN(C)c1ccc(/C=C/C(=O)C(C(=O)c2ccccc2)=C2SCCCCS2)cc1,18.16,20.34
O=C1OC(c2ccc(Br)cc2)=CC1=Cc1ccc([N+](=O)[O-])cc1,48.84,64.7
CCCOc1ccc(Cc2nn3c(=O)/c(=C\c4ccc(N(CC)CC)cc4)sc3nc2=O)cc1,20.25,25.3
CN(C)c1ccc(C(=O)Nc2cc3ccccc3cc2C(=O)c2ccc(N(C)C)cc2)cc1,21.31,29.5
O=C1[N]c2ccc(S(=O)(=O)N3[C][C]C4([C][C]3)O[C][C]O4)cc2C1=C1[C][C][C][C]1,61.38,60.8
Cc1ccn2c(NC3CCCCC3)c(-c3ccc([N+](=O)[O-])o3)nc2c1,18.91,31.51
O=C([O-])CCN1C(=O)/C(=C/c2ccc(-c3ccc([N+](=O)[O-])cc3)o2)SC1=S.[K+],48.61,53.93
CC(C)CN1C(=O)/C(=C/C=C/c2ccccc2)SC1=S,11.45,13.29
Nc1ccc(N2CCOCC2)c2nonc12,43.33,59.22
Cc1cc(C(=O)O)ccc1-c1ccc(/C=C(/C#N)c2ccc([N+](=O)[O-])cc2)o1,63.84,82.21
COc1ccccc1C1=N/C(=C\c2ccc(N(C)C)c(Br)c2)C(=O)O1,34.28,41.97
CCOC(=O)Cn1cc(C=C2C(C)=C(C#N)c3nc(N)c(C#N)c(C)c32)c2ccccc21,36.55,48.61
Cc1[nH]c2ccccc2c1/C=C/c1cccc(C)[n+]1C,22.74,46.68
O=C1c2ccccc2-c2onc3c(N4CCN(CCOc5ccc(Cl)cc5)CC4)cc(NCc4ccco4)c1c23,28.3,38.88
[C]C(=O)N1[C][C]c2cc([N]C(=O)[C]=C([C]3[C][C]3)[C]3[C][C]3)ccc21,34.25,37.91
COc1ccc(C2=CC(=Cc3ccc([N+](=O)[O-])o3)C(=O)O2)cc1OC,40.93,50.9
C[n+]1c2cc3ccccc3cc2n2nc3c(cc21)c1cccc2cccc3c21,30.09,50.4
COC(=O)c1ccc(Nc2cc(N3CCC(C)CC3)c3noc4c3c2C(=O)c2ccccc2-4)cc1,34.37,44.45
COc1ccc([N+](=O)[O-])cc1-c1ccc(C=C2C(=O)N(c3ccccc3)C(=S)N(c3ccc(C)c(C)c3)C2=O)o1,43.95,55.76
CC(C)N1C(=O)/C(=C/C=C/c2ccc([N+](=O)[O-])cc2)SC1=S,31.61,38.3
Nc1c(N2CCOCC2)cc(Nc2ccc(Cl)cc2)c2c1C(=O)c1ccccc1C2=O,49.74,70.88
N#Cc1ccc(C=Cc2nc3ccc([N+](=O)[O-])cc3s2)cc1,30.31,44.98
CNc1c(I)cc(C=C2C(=O)c3ccccc3C2=O)cc1I,48.96,68.98
"[Cl-].CN(C)c1ccc(cc1)C(=C1C=CC(C=C1)=[N+](C)C)c1ccccc1 |c:12,15|",20.95,29.1
CCC(/C=C1\Sc2ccc(OC)cc2N1CC)=C1\N=C(c2ccccc2)OC1=O,24.87,29.85
O=C1/C(=C/c2ccc(-c3ccc(Br)cc3)o2)C=C(c2ccccc2)N1c1cccc(I)c1,54.75,78.66
O=C1/C(=C/c2ccco2)Oc2c1ccc([O-])c2C[NH+]1CCOCC1,42.41,57.87
Cc1ccc(N2CCN(C3=NC(=O)/C(=C/c4ccc(-c5ccc(Cl)cc5[N+](=O)[O-])o4)S3)CC2)cc1Cl,46.11,57.38
CCN1C(=O)/C(=C/c2ccc(-c3ccc([N+](=O)[O-])cc3)o2)N(C)C1=S,31.62,37.56
CCC(/C=C1\Sc2ccc(OC)cc2N1CC)=C1\SC(=S)N(C)C1=O,16.74,19.97
Nc1c(C(=O)c2ccccc2)sc2nc3c(cc12)N1CCC3CC1,16.89,28.13
O=C1/C(=C\C=C\c2ccc3c(c2)OCO3)SC(=S)N1Cc1ccccc1,16.95,23.0
CCc1cc(/N=N/c2ccc([N+](=O)[O-])cc2)ccc1N1Cc2ccccc2C1,22.49,32.03
CCC1=CC(/N=N/C2=CC=C([N+]([O-])=O)C=C2)=CC=C1N3CC(C=CC=C4)=C4C3,22.49,32.03
O=C(Nc1ccccc1)c1sc(N2CCCC2)nc1-c1ccc([N+](=O)[O-])cc1,31.08,44.55
CCOc1cc(Br)c(/C=C2/C(C)=C(C#N)c3nc(N)c(C#N)c(C)c32)cc1OC,54.11,75.54
Cc1ccc(C)c(N2C(=O)/C(=C/c3ccc(-c4ccc(Cl)c(Cl)c4)o3)C=C2c2ccccc2)c1,50.82,71.91
O=C(CN1C(=O)S/C(=C\c2ccc(O)c([N+](=O)[O-])c2)C1=O)Nc1ccc(N2CCOCC2)cc1,73.95,75.26
c1ccc2cc3nc4c5ccccc5c5ccccc5c4nc3cc2c1,26.17,48.08
COC(=O)c1ccc(-c2ccc(C=C3CC(C(=O)O)c4ccccc4C3=O)o2)cc1,61.37,78.82
Cc1cc([N+](=O)[O-])ccc1-c1ccc(C=C2SC(=S)N(c3cccc(C(F)(F)F)c3)C2=O)o1,51.86,67.44
CCCCCCN1C=CC(=CC=C(C#N)C(=O)Nc2ccccc2)c2ccccc21,17.06,22.25
CN1c2c(ccc3cccnc23)C(C)(C)C12C=Cc1cc([N+](=O)[O-])ccc1O2,18.09,21.52
Cc1ccc(-c2nn3c4cc(N5CCOCC5)ccc4nc3c3ccccc23)cc1,21.08,32.63
COc1cc2c3c(c1)-c1c(ssc1=S)C(C)(C)N3C(=O)/C2=C1\SC(S)=NC1=O,37.89,42.51
Cc1cccc(C2=N/C(=C/c3ccc(-c4ccc([N+](=O)[O-])cc4C)o3)C(=O)O2)c1,46.84,61.61
COc1cccc(Nc2cc(N3CCCC(C)C3)c3noc4c3c2C(=O)c2ccccc2-4)c1,26.69,39.03
O=C1NC(=S)NC1=Cc1ccc(-c2ccc([N+](=O)[O-])cc2Cl)o1,60.57,63.15
COc1ccc2sc(/C=C/c3cccc([N+](=O)[O-])c3)[n+](C)c2c1,24.91,30.83
CCCCCCCCOC(=O)c1ccc2c(c1)C(=O)c1ccccc1C2=O,26.92,38.68
CCN1C(=O)C(=Cc2ccc(N3CCOCC3)o2)C(=O)N(CC)C1=S,50.48,65.37
NOS(=O)c1ccc(-c2ccc(C=C3SC(=S)N(C4CCS(=O)(=O)C4)C3=O)o2)cc1,60.1,64.13
CC[NH+](CC)CCCC(C)Nc1nc(C=Cc2c(Cl)cc(Cl)cc2Cl)nc2ccc([N+](=O)[O-])cc12,23.6,29.75
CCOc1ccc(NC2=NC(=O)C(=CC=Cc3ccco3)S2)cc1,19.65,27.74
O=c1/c(=C/C=C/c2ccccc2)sc2n1CN(c1cccc([N+](=O)[O-])c1)CN=2,45.76,57.61
O=[N+]([O-])c1ccc(Cl)c(/C=N/N=C/c2cc([N+](=O)[O-])ccc2Cl)c1,50.2,61.45
Cc1ccc2cc(/C=C3\N=C(c4ccccc4)OC3=O)c(N(C)C)nc2c1,26.62,37.72
O=[N+]([O-])c1c(N2CCOCC2)ccc2n[se]nc12,67.28,73.13
COC(=O)c1cccc(-c2ccc(C=C3SC(=S)N(C4CCCCC4)C3=O)o2)c1,23.85,28.25
O=C1N/C(=N\c2cccc(Cl)c2)S/C1=C\c1ccc(N2CCCCC2)o1,28.68,41.4
CC1=C(C#N)c2nc(N)c(C#N)c(C)c2/C1=C\c1ccc(-c2ccc(F)cc2)o1,60.09,89.03
CCOC(=O)C1CCN(c2cc(Nc3ccc(C(=O)OC)cc3)c3c4c(onc24)-c2ccccc2C3=O)CC1,37.88,47.58
[C][C]C(/[C]=C1\Sc2ccc(O[C])cc2N1[C][C])=C(C#N)C#N,27.81,32.42
CC1CCCC[NH+]1Cc1c([O-])ccc2c1O/C(=C\c1cc(Cl)cc3c1OCOC3)C2=O,32.68,43.76
COc1ccc2c(C(F)(F)F)cc3sc(-c4ccccc4)c([O-])[n+]3c2c1,50.41,71.54
CN1CCCc2cc(/C=C3/SC(=S)N(c4cccc(O)c4)C3=O)ccc21,29.57,39.85
CCN(CC)c1ccc(/N=C2\S/C(=C3\Sc4ccccc4N3CC)C(=O)N2Cc2ccccc2)c(C)c1,14.73,17.22
O=C1C(=Cc2ccc(-c3ccc(Cl)c(Cl)c3)o2)C=C(c2ccccc2)N1c1ccc2ncccc2c1,51.06,74.66
Cc1cc(C)c(Nc2ccc(N)c3c2C(=O)c2ccccc2C3=O)c(C)c1,46.68,68.82
Cc1cc([N+](=O)[O-])ccc1-c1ccc(C=C2SC(=S)N(CC(=O)O)C2=O)o1,75.15,81.27
CC1CCC[NH+](Cc2c([O-])ccc3c2O/C(=C\c2ccc(Cl)cc2Cl)C3=O)C1,39.25,54.59
CCN1C(=O)C(=Cc2ccc(-c3ccc(OC)cc3[N+](=O)[O-])o2)SC1=S,32.61,37.89
O=C1c2ccccc2C(=O)c2cc(NC(=S)NC(=O)C34CC5CC(CC(C5)C3)C4)ccc21,40.85,59.83
CCN1C(=O)/C(=C\c2ccc(COc3ccc([N+](=O)[O-])cc3)o2)SC1=S,26.43,31.97
O=C1c2ccccc2-c2onc3c(N4CCN(CCOc5ccc(Cl)cc5)CC4)cc(NCc4ccccc4)c1c23,28.46,39.74
CN(C)c1ccc(/C=C2\C(=O)c3ccccc3S(=O)(=O)N2CCO)cc1,42.38,55.38
COc1ccc(N2C(=O)C(=Cc3ccc(-c4ccccc4Cl)o3)SC2=S)cc1,38.79,52.73
CCN1C(=O)/C(=C\c2cc(C)n(C)c2C)c2cc(S(=O)(=O)N3CCOCC3)ccc21,27.93,30.09
CN(C)c1ccc(/C=C/c2nc3ccccc3c(=O)n2-c2cccc([N+](=O)[O-])c2)cc1,33.24,50.03
CC1CSC(=C(C(=O)C=Cc2ccc(N(C)C)cc2)C(=O)C=Cc2ccc(N(C)C)cc2)S1,17.9,17.84
CCSC1=NC(=C(C=C2Sc3ccc(OC)cc3N2CC)CC)C(=O)S1,17.08,21.03
COc1ccc(OC)c(/C=C2\Oc3c(ccc([O-])c3C[NH+]3CCCC3)C2=O)c1,38.77,54.68
CCOc1ccc2c(c1)C(=c1sc3n(c1=O)CN(c1ccccc1)CN=3)C(=O)N2,47.24,57.57
O=C(O)CCCN1C(=O)C(=Cc2ccc(-c3ccc([N+](=O)[O-])cc3Cl)o2)SC1=S,67.83,75.22
CCN(CC)c1ccc(C=C2CCC(C=NNc3ccccc3C(=O)O)=C2N2CCOCC2)cc1,56.49,68.78
COCC[NH+](CCOC)Cc1c([O-])ccc2c1O/C(=C\C=C\c1ccccc1)C2=O,10.62,9.1
CSCCC(C(=O)O)N1C(=O)C(=Cc2ccc(-c3ccc([N+](=O)[O-])cc3Cl)o2)SC1=S,64.83,74.44
O=C1N=C(N2CCN(c3cccc(C(F)(F)F)c3)CC2)S/C1=C/c1ccc(-c2ccc(Cl)c(Cl)c2)o1,50.67,68.41
CCN1CCN(c2cc(NCc3ccco3)c3c4c(onc24)-c2ccccc2C3=O)CC1,21.82,35.44
CN(c1ccc(C=O)cc1)c1cccc2c1C(=O)c1ccccc1C2=O,40.97,58.25
CN(C)c1ccc(C=CC2=[N+](C)c3ccc(Br)cc3C2(C)C)cc1,21.04,27.34
CN1C=CC=C/C1=C1\N=C(c2ccccc2)OC1=O,42.58,63.49
O=C(O1)/C(N=C1C2=CC=CC=C2)=C3N(C)C=CC=C\3,42.57,63.48
CCN(CC)c1ccc(C=C2CCC(C=NNC(=S)Nc3ccccc3)=C2N2CCOCC2)cc1,20.56,27.13
O=S(=O)(c1ccc(-c2ccc(C=Cc3nc4ccccc4s3)o2)cc1)N1CCOCC1,23.53,30.75
CCN(CC)c1ccc(N2C(=O)/C(=C3/C(=O)Nc4ccccc43)SC2=S)cc1,31.76,37.7
CCCCn1c(=O)/c(=C/C=C2/Sc3ccccc3N2CC)s/c1=C1\SC(=S)N(NC(C)=O)C1=O,23.44,25.44
[C]c1ccc(N2C(=O)[C]3[C]([C]4[C]=[C][C]3C4=C3[C][C][C][C]3)C2=O)c([C])c1,52.26,71.19
Cc1ccc(Nc2cc(N(C)[C@H](C)[C@H](O)c3ccccc3)c3noc4c3c2C(=O)c2ccccc2-4)cc1,37.64,57.37
CN(C)c1ccc(C2OC34CCCCC3C(C#N)(C(=N)O4)C2(C#N)C#N)cc1,49.45,63.52
CCc1ccc(N=C2SC(=Cc3ccc(-c4ccccc4Cl)o3)C(=O)N2c2ccc(CC)cc2)cc1,40.11,57.3
CCCn1c(=C2SC(=S)N(c3ccccc3)C2=O)sc(=C2C=Cc3ccccc3N2CC)c1=O,17.17,17.45
CCCC[N+]1=C(C)c2cccc3c(Cl)ccc1c23,24.28,38.06
O=C1/C(=C\c2ccc(-c3ccc([N+](=O)[O-])cc3)o2)SC(=S)N1Cc1ccccc1,31.87,40.28
O=C1C(=Cc2ccc(-c3ccc(Cl)cc3)o2)SC(=S)N1Cc1cccnc1,28.61,37.13
C[N+](C)([O-])CCNc1ccc(NCC[N+](C)(C)[O-])c2c1C(=O)c1c(O)ccc(O)c1C2=O,65.27,71.14
O=C1c2ccccc2C(=O)c2c(Nc3c4ccccc4nc4ccccc34)cccc21,43.23,66.72
COC(=O)c1cc([N+](=O)[O-])cc2c1-c1c(cc([N+](=O)[O-])cc1[N+](=O)[O-])/C2=C/c1ccc(N(C)C)cc1,43.32,48.8
CN(C)c1cc(NCCN2CCCC2)c2c3c(onc13)-c1ccccc1C2=O,22.24,41.08
COc1cccc(Nc2cc(N3CCN(C)CC3)c3noc4c3c2C(=O)c2ccccc2-4)c1,35.91,55.53
C=CC1=C(C)c2cc3[nH]c(cc4nc(cc5[nH]c(cc1n2)c(C)c5CCC(=O)O)C(CCC(=O)OC)=C4C)[C@@]1(C)C3=CC=C(C(=O)OC)[C@H]1C(=O)OC,52.44,63.93
O=C(O)CN1C(=O)C(=Cc2ccc(-c3cccc([N+](=O)[O-])c3)o2)SC1=S,77.72,83.13
O=C1N=C(N2CCN(c3ccccc3)CC2)S/C1=C\c1ccc(-c2ccc(Br)cc2)o1,34.44,46.57
O=C1/C(=C/c2ccc(-c3ccc(Cl)c(Cl)c3)o2)C=C(c2ccccc2)N1c1cccc(Cl)c1,55.15,78.82
Cc1ccc(C(=O)N/C(=C\c2ccc(-c3ccc([N+](=O)[O-])cc3)o2)C(=O)NC2CCS(=O)(=O)C2)cc1,56.2,70.19
O=C1c2ccccc2C(=O)c2c(NCCc3ccc(O)cc3)ccc(NCCc3ccc(O)cc3)c21,43.08,60.93
N#Cc1cc2c(-c3ccc(Cl)cc3)c(N)n(O)c2cc1C#N,56.28,82.92
COc1ccc(OC)c(/C=C/c2cccn[n+]2C)c1,20.45,39.44
COc1ccc(CN2C(=O)/C(=C/c3ccc(-c4ccc(C(=O)O)cc4)o3)SC2=S)cc1,64.24,81.47
CCN(CC)c1ccc(/N=C2\S/C(=C3\Sc4ccc(OC)cc4N3CC)C(=O)N2Cc2ccccc2)c(C)c1,16.43,18.85
COCCN1C(=O)/C(=C/c2ccc(-c3ccc([N+](=O)[O-])cc3)o2)SC1=S,29.64,34.54
COc1cccc(Nc2cc(N3CCN(C4CCCCC4)CC3)c3noc4c3c2C(=O)c2ccccc2-4)c1,26.86,40.3
COc1ccc(-c2n[nH]cc2/C=C(\C#N)c2ccc([N+](=O)[O-])cc2)cc1,42.05,49.46
CCCCCCCCCCCCCCCCCCNS(=O)(=O)c1ccc2c(c1)C(=O)c1ccccc1C2=O,20.56,33.6
Cc1cccc2c1N(C(=O)/C=C/c1ccc([N+](=O)[O-])cc1)C(C)(C)c1ssc(=S)c1-2,26.98,33.41
CN1CCN(c2cc(NCCc3ccccc3)c3c(c2N)C(=O)c2ccccc2C3=O)CC1,30.35,45.57
N#CC(=[C]/[C]=[C]/[C]=[C]/[C]=C1N(c2ccccc2)c2ccccc2N1c1ccccc1)C#N,24.6,31.83
Cc1cc(-c2ccc(C=C3Sc4ccccc4C3=O)o2)c(C)c([N+](=O)[O-])c1,40.38,52.52
CCOc1ccc2nc3c4cccc5c(N6CCOCC6)ccc(c(=O)n3c2c1)c54,24.19,37.92
ClC(/C(C=C/1Br)=C(C#N)/C2=CC=C(C)C=C2)=CC1=N/O,51.94,67.63
Cc1ccc(/C(C#N)=C2\C=C(Br)/C(=N/O)C=C2Cl)cc1,51.94,67.62
O=C(c1ccc(S(=O)(=O)C(F)F)cc1)N(c1ccc(SC(F)F)cc1)c1nc2ccccc2s1,27.19,37.2
O=C(O)CCN1C(=O)/C(=C/C=C/c2ccc([N+](=O)[O-])cc2)SC1=S,79.33,80.11
COc1ccc(C2=C/C(=C/c3ccc([N+](=O)[O-])o3)C(=O)O2)cc1OC,44.46,55.23
COc1ccc(OC)c(/C=C2\Oc3cc(OC(=O)N(c4ccccc4)c4ccccc4)ccc3C2=O)c1,42.2,58.05
O=C(C=Cc1ccc(-c2ccc([N+](=O)[O-])cc2)o1)Nc1ccc(Cl)cc1,40.14,58.03
CCN1C(=c2sc(=C3SC(=S)N(N)C3=O)n(CC)c2=O)C=Cc2cc(OC)ccc21,32.21,31.79
O=C(O)CN1C(=O)S/C(=C\C=C2\SCCN2CCCS(=O)(=O)O)C1=S,85.79,90.06
CCN1C(=O)/C(=c2/s/c(=C3/N(C)c4ccccc4C3(C)C)c(=O)n2CC)SC1=S,12.19,9.3
Cc1cc(C(=O)Nc2ccc3nc(N4CCCC4)sc3c2)ccc1[N+](=O)[O-],27.9,39.91
O=C(/C=C/c1ccc([N+](=O)[O-])s1)N(Cc1ccccc1)Cc1ccccc1,13.26,16.38
O=C(O)c1cccc(-c2ccc(C=C3SC(=S)N(C4CCCCC4)C3=O)o2)c1,64.64,81.44
O=C(Nc1ccc(N2CCOCC2)cc1)c1ccc(-c2ccc(S(=O)(=O)N3CCCC3)s2)cc1,27.0,34.01
C=CCN1C(=O)C(=Cc2ccc(-c3cc([N+](=O)[O-])ccc3Cl)o2)SC1=S,40.38,50.02
[C][C]N1C(=O)C(=[C]c2ccc(-c3cccc(F)c3)o2)C(=O)N([C][C])C1=S,47.17,56.93
O=C1C(=CC2=Cc3ccccc3OC2)SC(=S)N1N1CCOCC1,36.27,47.28
Cc1ccc(N2CCN(C3=NC(=O)/C(=C\c4ccc(-c5cccc(C(F)(F)F)c5)o4)S3)CC2)cc1Cl,45.67,61.3
Cc1cc(Br)ccc1N1C(=O)/C(=C/c2ccc([N+](=O)[O-])cc2)C=C1c1ccccc1,45.72,60.82
Cc1ccc(/C=N/n2c3c(c4nc5ccccc5nc42)C(=O)[NH+](c2ccccc2)[CH-]N3)cc1,44.33,64.04
Cc1cccc(N2C(=O)C(=Cc3ccc(-c4ccc(C(=O)O)cc4)o3)SC2=S)c1,66.37,86.46
Cc1ccc(N2C(=O)/C(=C/c3ccc([N+](=O)[O-])cc3)C=C2c2ccccc2)c(Br)c1,44.92,60.06
O=C1/C(=C/c2ccc(Cl)cc2Cl)Oc2c1ccc([O-])c2C[NH+]1CCCCC1,43.75,61.83
CCCN1C(=O)C(=c2sc(=C3C=Cc4ccccc4N3CC)c(=O)n2-c2ccc(C)cc2)SC1=S,19.26,20.96
CC1CCCN(c2cc(NCc3ccco3)c3c4c(onc24)-c2ccccc2C3=O)C1,17.29,24.8
O=C1c2ccc(Oc3cccc([N+](=O)[O-])c3)cc2C(=O)N1c1ccc(/N=N/c2ccccc2)cc1,55.88,78.21
CC(C)(C)/C(=C/C1=C2CCCC3=NN(c4ccc([N+](=O)[O-])cc4)S(=C32)S1)Sc1ccc([N+](=O)[O-])cc1,39.92,50.8
Cc1cc(C)cc(N2C(=O)/C(=C/C=C/c3ccc([N+](=O)[O-])cc3)SC2=S)c1,33.87,42.46
CCOCCCNc1cc(N2CCN(CC)CC2)c2noc3c2c1C(=O)c1ccccc1-3,17.25,26.84
CCC(C)/[NH+]=c1/ccc2c(cc1[O-])[C@@H](NC)CCc1cc(OC)c(OC)c(OC)c1-2,20.54,27.38
CCc1ccccc1N1C(=O)/C(=C/c2ccc(-c3ccc([N+](=O)[O-])cc3)o2)SC1=S,38.47,48.96
[C][C]Oc1ccc(-n2c(-c3ccccc3)cc([C]=C3C(=O)c4ccccc4C3=O)c2-c2ccccc2)cc1,53.8,75.42
Cc1ccccc1N1CCN(C2=NC(=O)/C(=C\c3ccc(-c4cccc([N+](=O)[O-])c4)o3)S2)CC1,31.39,38.43
O=C(Nc1ccc(N2CCCCCC2)cc1)c1ccc(-c2cnco2)cc1,20.23,36.19
COCCN1C(=O)/C(=C/c2ccc(-c3ccc(Cl)cc3)o2)SC1=S,23.6,27.66
O=C1OC(c2ccc(Br)cc2)=C/C1=C\c1ccc(-c2ccccc2[N+](=O)[O-])o1,55.95,74.32
CCOc1ccc(-c2ccc(/C=C/c3[nH]c(=O)[nH]c(=O)c3[N+](=O)[O-])o2)cc1,66.24,69.63
CCOc1ccc(N2C(=O)N=C(O)C(=Cc3ccc(-c4cc([N+](=O)[O-])ccc4OC)o3)C2=O)cc1,63.09,74.73
CCCCN1CCc2cc(C=C3C(=O)N(c4cc(OC)ccc4OC)C(=O)N=C3O)ccc21,38.97,48.04
O=C1C(=Cc2ccc(N3CCOCC3)o2)SC(=S)N1Cc1ccccc1,16.59,23.07
CC(C)Cn1cc(C=Cc2nc3cc(C(=O)O)cnc3s2)nn1,78.61,89.58
Cc1ccsc1/C=C1/C(=O)/C(=C/c2sccc2C)C2CCC1N2C,19.03,23.01
Cn1c(C=C(C#N)C#N)ccc1-c1cccc([N+](=O)[O-])c1,23.95,25.0
COc1ccc(OC)c(C2=CC(=Cc3ccc(N(C)C)cc3)C(=O)O2)c1,25.96,36.14
COc1cc(OC)c(OC)cc1/C=C1\Oc2c(ccc([O-])c2C[NH+]2CCCCCC2)C1=O,31.51,42.78
O=C(/C=C/c1ccc([N+](=O)[O-])cc1)N1CCN(c2ccc(Cl)cc2)CC1,32.14,41.76
CCN1/C(=C/c2ccc3ccc(C)cc3[n+]2CCCS(=O)(=O)[O-])Sc2cc(Cl)ccc21,24.88,33.19
O=C1Nc2ccccc2/C1=N/N=C/c1ccc(-c2ccc([N+](=O)[O-])cc2)o1,58.43,76.02
Cc1ccccc1N1C(=O)/C(=C/c2ccc(-c3ccc(Cl)c(Cl)c3)o2)C=C1c1ccccc1,50.43,72.1
COc1cc(/C=C2/C(C)=C(C#N)c3nc(N)c(C#N)c(C)c32)ccc1OCc1ccc(F)cc1,57.25,81.84
CC(C=Cc1ccc(N(C)C)cc1)=C1C(=O)N(c2ccccc2)N(c2ccccc2)C1=O,24.91,31.68
CCOC(=O)c1ccc(-c2ccc(/C=C3\CCC/C(=C\c4ccc(-c5ccc(C(=O)OCC)cc5)o4)C3=O)o2)cc1,51.88,68.28
CC1=C(C#N)c2nc(N)c(C#N)c(C)c2/C1=C\c1ccc(OCc2ccc([N+](=O)[O-])cc2)cc1,53.18,75.65
O=C1C(=Cc2ccc(-c3ccc(F)cc3)o2)COc2ccccc21,38.4,59.62
O=C(O)CCCN1C(=O)SC(=CC=Cc2ccco2)C1=O,77.35,77.8
CCC(C)/C=C(C)/C=C/C1=CC2=C(Cl)C(=O)C(C)(OC(C)=O)C(=O)C2=CN1,30.78,36.62
O=C(O)CCCCN1C(=O)C(=Cc2ccc(-c3ccccc3F)s2)SC1=S,55.94,67.59
O=C1SC(=Cc2ccc(-c3ccccc3Cl)o2)C(=S)N1Cc1ccccc1,26.22,36.38
O=c1/c(=C/C=C/c2ccccc2)sc2n1CN(c1ccc([N+](=O)[O-])cc1)CN=2,46.95,58.88
Cc1ccc(C=Cc2nc3cc([N+](=O)[O-])ccc3s2)s1,21.12,29.61
CCOC(=O)C1=C(C)NC(=Cc2ccc(-c3cc(Cl)cc(Cl)c3)o2)C1=O,42.97,53.45
O=C1SC(SCc2ccc(Cl)cc2)=NC1=Cc1ccc(-c2ccc([N+](=O)[O-])cc2)o1,46.05,58.71
[O-]c1c(-c2ccccc2)sc2c3ccccc3cn[n+]12,21.99,37.47
CCCN1C(=O)/C(=C/c2ccc(-c3ccc(Cl)cc3)o2)NC1=S,30.7,39.65
O=C1N=C(S)N(c2ccccc2)C(=O)C1=Cc1cc2c3c(c1)CCCN3CCC2,30.16,42.53
O=C(C=Cc1ccc(-c2ccccc2[N+](=O)[O-])o1)Nc1ccc(NC(=O)c2ccccc2)cc1,42.82,61.66
N#CC(=Cc1ccc(N2CCCCCC2)o1)c1ccc(F)cc1,18.57,28.1
CCN1C(=C2SC(=S)N(C)C2=O)C=Cc2cc(OC)ccc21,17.57,24.19
O=C1C(Sc2ccc3c4c(cccc24)C(=O)N3)=CC(=NS(=O)(=O)c2ccccc2)c2ccccc21,37.42,50.49
COc1ccc(N2C(=O)/C(=C/C=C/c3ccccc3)SC2=S)cc1,23.27,32.28
COC(=O)CN(CC(=O)OC)CC1=C/C(=C(/c2cc(C)c(O)c(CN(CC(=O)OC)CC(=O)OC)c2)c2ccccc2S(=O)(=O)O)C=C(C)C1=O,31.07,29.12
COc1ccc(N2CN=c3s/c(=C4\C(=O)Nc5ccc(Cl)cc54)c(=O)n3C2)cc1,53.09,62.21
CCN(CC)c1ccc(C=C(C#N)c2ccc(C#N)cc2)cc1,21.19,30.99
O=C(O)CCCN1C(=O)/C(=C\c2ccc(-c3ccc([N+](=O)[O-])cc3Cl)o2)SC1=S,68.34,76.13
Cc1ccc(N2C(=O)C(=Cc3ccc(-c4ccccc4[N+](=O)[O-])o3)SC2=S)cc1,38.66,49.34
CN=C1SC(=Cc2ccc(-c3cc(Cl)ccc3OC)o2)C(=O)N1C,32.15,39.94
C/N=c1\scc(-c2ccc([N+](=O)[O-])cc2)n1/N=C/c1c[nH]c2ccccc12,33.26,44.9
O=C1c2c(n(/N=C/c3cccc(Br)c3)c3nc4ccccc4nc23)N[CH-][NH+]1c1ccccc1,49.76,69.38
COc1ccc(N2CCN(c3cc(Nc4ccc(F)cc4)c4c5c(onc35)-c3ccccc3C4=O)CC2)cc1,36.84,54.22
O=C1/C(=C\C=C\c2ccco2)SC(=S)N1c1ccc(Cl)cc1,28.8,41.76
COCCN1C(=O)/C(=C\C=C\c2ccco2)S/C1=N\c1ccccc1,12.48,17.44
O=[N+]([O-])c1ccc(C=CC2=NN(c3ccccc3)C(c3ccco3)C2)o1,24.23,35.43
Cc1ccc(-c2ccc(C=C3SC(=S)N(Cc4ccccc4)C3=O)o2)cc1,21.76,31.01
CCOC(=O)c1ccc(/C=C2\C=C(c3ccccc3)N(c3ccc(Nc4ccccc4)cc3)C2=O)cc1,38.51,54.98
O=C(/C=C/c1ccc(-c2ccc(Br)cc2)o1)c1ccc(N2CCOCC2)c(F)c1,46.49,60.81
CN1C(=O)/C(=C/c2ccc(-c3cccc(C(F)(F)F)c3)o2)N(C)C1=S,43.28,56.36
CCN(CC)S(=O)(=O)c1ccc(-c2ccc(C=C3C(=O)Nc4cc(Cl)ccc43)o2)cc1,36.81,47.18
N#CC(=Cc1ccc(N2CCCCCC2)o1)c1ccc(Cl)cc1,22.67,33.56
CC1Oc2ccccc2C=C1C=CC12N=C(O)CCN1c1ccccc1C2(C)C,20.58,29.85
Nc1c(C(=O)c2cccc([N+](=O)[O-])c2)sc2nc(N3CCCC3)c3c(c12)CCCC3,25.09,34.72
CC(C)(C)c1cc(-c2cccc3c2C(=O)c2ccccc2C3=O)cc(C(C)(C)C)c1O,52.15,74.61
CC1CC(C)CN(c2cc(Nc3ccc(F)cc3)c3c4c(onc24)-c2ccccc2C3=O)C1,29.52,44.94
CC(/C=C1\SC(=S)N(/N=C/c2cc([N+](=O)[O-])ccc2O)C1=O)=C\c1ccccc1,57.43,68.87
CCN1C(=O)/C(=C/c2ccc(-c3ccc(Cl)cc3Cl)o2)NC1=S,41.5,53.39
CN(C)/N=C/C=C1/CC/C(=C\c2cccc(C(F)(F)F)c2)C1=O,37.96,51.59
Cc1ccc(N2C(=O)NC(=O)/C(=C/c3cc4c5c(c3)CCCN5CCC4)C2=O)cc1,36.37,46.04
Cc1ccc(NC(=O)C=Cc2ccc(-c3cccc([N+](=O)[O-])c3)o2)cc1,33.37,48.69
CCN1C(=O)/C(=C/c2ccc(-c3cccc(C(F)(F)F)c3)o2)N(C)C1=S,39.06,50.67
[C]c1cc(/[C]=C(\C#N)C([N])=C(C#N)C#N)c([C])n1[C]1[C][C][C][C][C]1,33.73,36.39
COC(=O)c1ccc(Nc2cc(N3CCN(C4CCCCC4)CC3)c3noc4c3c2C(=O)c2ccccc2-4)cc1,34.62,45.32
N#C/C(=C\c1ccc(-c2ccc([N+](=O)[O-])cc2Cl)o1)c1nc(-c2ccc(F)cc2)cs1,56.52,77.33
C=CCc1cc(/C=C2\SC(=S)N(c3ccc(N(C)C)cc3)C2=O)cc(OCC)c1OCc1ccc(Br)cc1,33.47,42.05
CC1CCCN(CCCNc2cc3oc4ccccc4[nH]c3c3c(=O)c4ccccc4c(=O)c23)C1,20.65,37.43
O=C1c2ccccc2-c2onc3c(N4CCN(c5ccccc5F)CC4)cc(NC4CCCCC4)c1c23,22.27,32.9
Cc1ccc(N2C(=O)C(=Cc3ccc(-c4cc(Cl)ccc4Cl)o3)C=C2c2ccccc2)cc1[N+](=O)[O-],52.99,72.17
CCC(=O)Sc1[s+]sc2c1-c1cc(OC)ccc1NC2(C)C,16.77,21.53
CN1C(=O)/C(=C\c2ccc(-c3ccc([N+](=O)[O-])cc3)o2)SC1=S,41.36,49.2
CN1C(=N)NC(=O)/C1=C/c1ccc(-c2ccc([N+](=O)[O-])cc2)o1,72.72,74.55
CCOc1ccc(N2C(=O)NC(=O)/C(=C/c3ccc(N4CCCCC4)o3)C2=O)cc1,48.64,58.04
CC(/C=C1\Sc2ccccc2N1CCCS(=O)(=O)[O-])=C\c1sc2ccccc2[n+]1CCCS(=O)(=O)[O-],18.93,23.42
CNc1ccc(N2CCCCC2)c2c1C(=O)c1ccccc1C2=O,24.25,40.72
CCNc1cc(N(C)C)c2noc3c2c1C(=O)c1ccccc1-3,19.38,31.24
CC(C)CCOc1ccc(C=Cc2nc3cc([N+](=O)[O-])ccc3s2)cc1,22.11,27.85
COc1ccc(-c2ccc(C=C(C#N)C#N)o2)c([N+](=O)[O-])c1,27.7,33.77
CC1CCN(c2cc(Nc3ccccc3C(=O)O)c3c4c(onc24)-c2ccccc2C3=O)CC1,62.27,84.25
COc1cccc(Nc2cc(N3CCN(c4cccc(C(F)(F)F)c4)CC3)c3noc4c3c2C(=O)c2ccccc2-4)c1,44.8,63.56
COc1ccc(N2C(=O)/C(=C\c3ccc(-c4ccc([N+](=O)[O-])cc4Br)o3)C(=O)NC2=S)cc1,54.3,64.19
CN(Cc1ccccc1)Cc1c(O)ccc2c1O/C(=C\c1ccc([N+](=O)[O-])cc1)C2=O,44.1,57.24
[C][C]N([C][C])c1ccc([C]=C2C(=O)N([C])C(=S)N([C])C2=O)o1,42.31,39.25
Cc1cc([N+](=O)[O-])ccc1-c1ccc(/C=C2/SC(=S)N(C)C2=O)o1,36.27,41.74
CN(C)c1ccc(/C=C2/C(=O)C(=O)c3ccccc32)cc1,30.15,43.82
CCCCn1c(=O)[nH]c2c(C(=O)N(C)CCC)snc2c1=O,49.72,66.84
Cc1cc([N+](=O)[O-])ccc1-c1ccc(C=NN2CCN(C)CC2)o1,41.35,53.57
COc1ccc(N(CCC#N)C(=O)/C(C#N)=C\c2ccc(-c3ccccc3[N+](=O)[O-])o2)cc1,30.39,38.51
C=CCN1C(=O)C(=CC=C2Sc3ccccc3N2CCCS(=O)(=O)O)SC1=S,28.58,40.94
Cc1cc(C=C2C(=O)N(C)c3ccc(S(=O)(=O)N4CCOCC4)cc32)c(C)n1-c1ccc([N+](=O)[O-])cc1,38.81,38.31
NC(=O)C(C(=O)/C=C/c1ccc(Cl)cc1Cl)=C1SCS1,30.64,38.72
c1cc2nsnc2c2c1Nc1nc3nonc3nc1N2,27.2,40.35
CN(C)c1ccc(/C=C2/C=C(c3ccccc3)OC2=O)cc1,22.86,36.89
CN(c1ccccc1)c1ccc(C=C(C#N)c2nc3ccccc3s2)cc1,20.97,31.21
CC[NH+](CC)Cc1c([O-])ccc2c1O/C(=C\c1c(F)cccc1Cl)C2=O,31.93,44.79
COCCCN1C(=O)C(=Cc2ccc(-c3cccc(F)c3)o2)SC1=S,15.01,15.53
Cc1ccc(-c2ccc(C=C3OC(N4CCOCC4)=NC3=O)o2)cc1,29.82,39.32
CCOC(=O)c1ccc(-c2ccc(/C=C3\C=C(c4ccccc4)N(c4ccc(C(=O)O)c(O)c4)C3=O)o2)cc1,64.23,84.72
CCOC(=O)C1CCCN(c2cc(NCC(C)C)c3c4c(onc24)-c2ccccc2C3=O)C1,19.88,23.63
COc1ccc(CN2C(=O)C(=Cc3cnc(N4CCOCC4)s3)c3ccccc3C2=O)cc1,24.12,26.31
COC(=O)c1ccc2c(c1)C(C)(C)C(=CC=CC1=[N+](C)c3ccc(C(=O)OC)cc3C1(C)C)N2C,20.39,19.35
O=C1/C(=C/c2ccc(-c3cc(Cl)ccc3Cl)o2)C=C(c2ccccc2)N1c1ccccc1Cl,54.31,77.42
O=C1/C(=C/C=C/c2ccccc2)Oc2cc(OC(=O)N(c3ccccc3)c3ccccc3)ccc21,38.72,58.01
CN(C)CCCNc1cc(N2CCOCC2)c(N)c2c1C(=O)c1ccccc1C2=O,49.73,71.33
Cc1cc([O-])c(C[NH+]2CCCC2)c2c1C(=O)/C(=C/c1cccnc1)O2,37.08,54.65
N#Cc1cc(N2CCN(c3ccc4nnc(C(F)(F)F)n4n3)CC2)ccn1,52.09,62.7
O=c1[nH]c2ccc(/N=C/c3ccc(-c4ccc([N+](=O)[O-])cc4Cl)o3)cc2[nH]1,55.74,67.24
O=C1Nc2ccc(Br)cc2/C1=N/N=C/c1ccccc1,38.93,52.98
O=C(O)CN1C(=O)C(=CC=Cc2ccc(Br)c([N+](=O)[O-])c2)SC1=S,71.11,70.39
O=C1C(=Cc2ccc([N+](=O)[O-])cc2)C=C(c2ccccc2)N1c1ccc(I)cc1,48.6,68.52
Cc1cc([N+](=O)[O-])c(-c2ccc(C=C3Sc4ccccc4C3=O)o2)cc1Cl,48.13,62.49
COc1ccc(N2CCN(c3cc(Nc4ccc5c(c4)OCO5)c4c5c(onc35)-c3ccccc3C4=O)CC2)cc1,30.74,44.92
CCNc1cc(N2CCN(C(=O)OCC)CC2)c(N)c2c1C(=O)c1ccccc1C2=O,41.62,56.27
N#C/C(=C\c1ccc(-c2cccc(Cl)c2)o1)c1ccc([N+](=O)[O-])cc1,48.24,66.13
O=C1C(=Cc2ccc([N+](=O)[O-])cc2)C=C(c2ccccc2)N1c1ccc(Cl)cc1Cl,46.89,65.11
CCCCC(C(=O)O)N1C(=O)C(=Cc2ccc(-c3ccc(OC)cc3)o2)SC1=S,57.21,70.25
O=C1NC(=S)SC1=Cc1ccc(-c2ccc(N=Nc3ccccc3)cc2)o1,33.87,49.5
CCOCCCNc1cc(N2CCN(c3ccc(OC)cc3)CC2)c2noc3c2c1C(=O)c1ccccc1-3,18.1,20.53
CCN1C(=O)/C(=C\c2ccc(-c3ccc([N+](=O)[O-])cc3)o2)N(CC)C1=S,26.08,31.88
O=C(O)c1cc(/C=C/c2ccc(-c3ccc([N+](=O)[O-])cc3)o2)nc2ccccc12,68.11,93.33
CN1C(=O)C(=Cc2ccc(-c3cc(Cl)ccc3Cl)o2)SC1=S,42.07,54.93
CN1C(=O)/C(=C\C=C2\N(C)c3ccccc3C2(C)C)N(C)C1=S,12.35,18.96
"N#CC(=CC1=CN=C(S1)N1CCN(CC1)C1=CC=CC=C1)C#N |c:6,19,21,t:4,17|",14.05,17.99
O=C1c2ccccc2-c2onc3c(N4CCCC4)cc(Nc4ccc5c(c4)OCO5)c1c23,26.15,41.02
CCc1ccc(N2C(=O)/C(=C/c3ccc(N4CCOCC4)o3)C(=O)NC2=S)cc1,45.95,50.53
CCOc1cc2c3c(c1)C(=C(C#N)C#N)C(=O)N3C(C)(C)C=C2C,26.61,34.37
O=C1N/C(=N/c2ccc(Br)cc2)S/C1=C\c1ccc(N2CCCC2)o1,31.74,43.72
N#C/C(=C\c1ccc(-c2ccc(Br)cc2)o1)c1cccc([N+](=O)[O-])c1,47.35,63.63
O=C(C=Cc1nc2ccccc2s1)OCC(=O)c1ccc(S(=O)(=O)N2CCCCC2)cc1,19.63,20.55
[C]N1C(=O)C(=C2[C][C][C][C]2)c2cc(OS(=O)N3[C][C][C](N4[C][C][C][C][C]4)[C][C]3)ccc21,57.77,64.35
COCCN1C(=O)/C(=C/c2ccc(N3CCOCC3)o2)S/C1=N\c1ccccc1,17.83,23.81
Cc1cnc(C(=O)Nc2ccc(N(c3ccccc3)C(C)C)cc2)cn1,16.77,33.44
CCSc1c(C(=O)Nc2ccc(C)cc2)ccc2c1C(=O)c1ccccc1C2=O,44.42,60.95
O=C1C(=Cc2ccc(-c3ccccc3[N+](=O)[O-])o2)SC(=S)N1Cc1cccnc1,30.69,36.67
Cc1ccc(/N=C2/NC(=O)/C(=C/c3ccc(N4CCCC4)o3)S2)c(C)c1,22.56,29.89
O=C1OC(c2ccc(Cl)cc2)=N/C1=C/c1ccc(-c2ccc([N+](=O)[O-])cc2Br)o1,56.41,75.32
CCCCCCN1C(=O)c2c(n(/N=C/c3cccs3)c3nc4ccccc4nc23)NC1C,15.86,20.46
Cc1cc(-c2ccc(C=C3C(=O)NC(=S)N(Cc4ccco4)C3=O)o2)ccc1Br,39.97,46.5
Cc1ccc(C)n1N1C(=O)C(=Cc2ccc(-c3ccc([N+](=O)[O-])cc3)o2)SC1=S,39.37,45.59
[C]c1ccc([C][N]S(=O)(=O)c2ccc3c(c2)C(=C2[C][C][C][C]2)C(=O)[N]3)cc1,50.81,68.79
CC1CC(C)C[NH+](Cc2c([O-])ccc3c2O/C(=C\c2cccnc2)C3=O)C1,28.22,41.39
O=C(O)c1ccc(-c2ccc(C=C3SC(=S)N(c4cccc5ccccc45)C3=O)o2)cc1,61.59,84.95
O=C(O)CCC(C(=O)O)N1C(=O)/C(=C/C=C/c2ccco2)SC1=S,84.92,84.27
CC[N+]1=C(C)SC2C=CC=CC21,30.27,55.96
[N]C(=C(C#N)C#N)/C(=[C]/c1ccc(-c2ccc([N+](=O)[O-])cc2)o1)C#N,30.58,35.7
O=[N+]([O-])c1cccc(C2C3CCC/C(=C\c4ccco4)C3=NN2c2ccccc2)c1,23.51,35.01
Cc1cc([O-])c(C[NH+]2CC(C)CC(C)C2)c2c1C(=O)/C(=C/c1cc3cc(Br)ccc3o1)O2,34.36,42.91
C=CC=C(C=CCCC)N(C(=O)NC1CCCCC1)C1=NCCCS1,19.68,34.87
CCCCNc1cc(N2CCN(c3ccc(OC)cc3)CC2)c2noc3c2c1C(=O)c1ccccc1-3,22.0,28.45
CC[n+]1c(/C=C2\C=Cc3cccc(C)c3N2CCCS(=O)(=O)[O-])sc2ccccc21,16.91,20.42
Cc1cccc2c1OCCC(=Cc1ccc([N+](=O)[O-])cc1)C2=O,30.56,41.5
O=C(Nc1ccccc1N1CCOCC1)c1ccc2c(c1)C(=O)c1ccccc1-2,38.04,52.14
COc1cccc(-c2c3ccc([N+](=O)[O-])cc3c(=O)n3c2[nH]c2ccc(C(F)(F)F)cc23)c1,52.1,69.42
COc1ccc(N2C(=O)c3ccc(C(=O)Nc4ccc(-c5cc(-c6ccc(NC(=O)c7ccc8c(c7)C(=O)N(c7ccc(OC)cc7)C8=O)cc6)nc(-c6ccccc6)n5)cc4)cc3C2=O)cc1,65.25,92.74
Cc1ccc(N2C(=O)C(=Cc3ccc(-c4ccc(C(=O)O)cc4)o3)SC2=S)c(C)c1,64.13,83.73
CC1Oc2ccccc2C=C1/C=C1\Oc2cc(OC(=O)N3CCOCC3)ccc2C1=O,36.5,46.75
CCOc1cccc(N2C(=O)C(=Cc3ccc(-c4ccc([N+](=O)[O-])cc4Cl)o3)C(=O)N=C2S)c1,57.28,73.08
O=C1/C(=C/c2ccc(-c3ccc(Br)cc3)o2)C=C(c2ccccc2)N1c1ccc(Cl)cc1Cl,55.96,78.96
CC(=O)c1cccc(N2C(=O)C(=Cc3ccc(-c4ccc(Br)cc4)o3)C=C2c2ccccc2)c1,50.19,68.71
Cc1cc(C)cc(N2CN=c3s/c(=C\C=C\c4ccccc4)c(=O)n3C2)c1,25.09,36.83
CN(C)c1ccc(/C=C2\N=C(c3cccc(Br)c3)OC2=O)cc1,34.76,46.78
O=C1C(=Cc2ccc(-c3cccc(F)c3)o2)SC(=S)N1CCc1ccccc1,22.53,31.07
O=[N+]([O-])c1ccc(C2Nc3ccc4ccccc4c3C3=C2CCCC3)cc1,23.8,36.72
N#CC(C#N)=Cc1ccc(-c2ccc(N=Nc3ccccc3)cc2)o1,26.44,41.67
CCN(CC)c1ccc(/C=C2\S/C(=N\c3ccc(Br)cc3)NC2=O)o1,28.78,36.66
Cc1ccc(N2C(=O)/C(=C\c3ccc(-c4cc(Cl)ccc4Cl)o3)C=C2c2ccccc2)cc1[N+](=O)[O-],55.0,74.81
CCOc1ccc(-c2ccc(C=C3SC(=S)N(C)C3=O)o2)c([N+](=O)[O-])c1,35.43,40.53
CCN1C(=O)/C(=C/C=C2/Sc3ccccc3N2CC)S/C1=N\c1ccc2ncccc2c1,20.52,25.86
CCCN1C(=O)C(=CC2=Cc3ccccc3OC2)SC1=S,12.18,17.28
C=CCN1C(=O)/C(=C\C=C2\N(C)c3ccccc3C2(C)C)SC1=S,12.2,11.49
O=C1/C(=C\c2ccc(-c3ccc(F)c(Cl)c3)o2)SC(=S)N1c1ccc([N+](=O)[O-])cc1,52.4,68.68
O=C1Nc2ccc(Br)cc2/C1=N/N=C/c1cc(Br)ccc1O,50.86,63.11
CN1C(=O)/C(=C/c2ccc(-c3ccc(Cl)c(C(F)(F)F)c3)o2)N(C)C1=S,46.74,62.53
Cc1cccc(C2=NC(=Cc3ccc(-c4ccc([N+](=O)[O-])cc4C)o3)C(=O)O2)c1,45.68,59.88
O=C(NCCO)Nc1ccc2nc3c4ccccc4c4ccccc4c3nc2c1,23.76,43.43
COc1cc(/C=C2\CC/C(=C\c3cc(OC)c(OC(C)C)cc3Br)C2=O)c(Br)cc1OC(C)C,44.76,56.44
O=S(=O)([O-])CCC[n+]1c(/C=C/c2ccc3c(c2)OCCOCCOCCOCCO3)ccc2ccccc21,21.08,26.3
CCC1=CC(C)(CC)N2C(=O)C(=C(C#N)C#N)c3cc(C)cc1c32,22.47,30.35
O=[N+]([O-])c1ccc(/C=C/C=N/c2ccccc2O)cc1,42.25,57.47
CN1/C(=C\C=C(/C#N)c2nc3ccccc3s2)C(C)(C)c2ccccc21,18.43,22.26
COc1ccc2nc(/C=C3\SC(=S)N(c4ccc(NC(C)=O)cc4)C3=O)ccc2c1,39.72,55.08
O=C1c2ccccc2C(=O)c2c1ccc(C(=O)N1CCC3(CC1)OCCO3)c2NCCO,70.6,74.8
O=[N+]([O-])c1ccc(-c2csc(C=Cc3cccc(Cl)c3)n2)cc1,38.94,56.43
[C][C][C][C][C][C][C][C][C][C][C][C][C][C][C][C]OC(=O)c1cc([N+](=O)[O-])cc2c1-c1ccc([N+](=O)[O-])cc1C2=C(C#N)C#N,47.86,56.99
Cc1ccsc1/C=C1\N=C(/C=C/c2ccc([N+](=O)[O-])cc2)OC1=O,46.71,60.83
O=C1SC(SCc2ccccc2)=NC1=CC=Cc1ccco1,13.82,19.77
CCOC(=O)c1ccc(-c2ccc(/C=C3/C=C(c4ccccc4)N(c4ccc(C(=O)O)cc4)C3=O)o2)cc1,60.96,82.36
O=C(O)c1ccc2c(c1)C(=O)N(c1ccc(/N=N/c3ccccc3)cc1)C2=O,76.22,94.05
O=C1c2ccccc2-c2onc3c(N4CCN(c5cccc(C(F)(F)F)c5)CC4)cc(Nc4ccc5c(c4)OCO5)c1c23,41.89,60.95
CC1(C)Nc2ccccc2C2=C1SC(=C(C(N)=O)C(N)=O)C2=S,47.84,58.38
Cc1cc([N+](=O)[O-])ccc1-c1ccc(/C=C2/SC(=S)N(Cc3ccccc3)C2=O)o1,29.06,35.94
CC(=O)C1=C(c2ccccc2)S/C(=C2/C(=S)C(C)(C)Nc3c(C)cc(C)cc32)S1,20.98,22.9
Cc1ccc(Nc2cc(N3CCCCC3)c3noc4c3c2C(=O)c2ccccc2-4)cc1,28.47,44.15
COc1ccc(CCNC(=O)c2c(N)n(-c3ccc(N(C)C)cc3)c3nc4ccccc4nc23)cc1OC,26.65,46.45
CCCN1/C(=C\C=C(/C#N)c2nc3ccccc3s2)Sc2ccccc21,18.9,24.57
CCN1C(c2ccccc2)=C(c2ccccc2)S/C1=C\C=c1/s/c(=C\c2sc(-c3ccccc3)c(-c3ccccc3)[n+]2CCCS(=O)(=O)[O-])n(CC)c1=O,49.3,66.4
CCCn1c(=O)[nH]c2c(C(=O)N3CCN(C(C)C)CC3)snc2c1=O,66.15,73.56
O=[N+]([O-])c1c(NC2CCCCC2)ccc2nonc12,51.97,72.08
CCn1c(=O)/c(=C/C=C2\SC=C(c3ccccc3)N2CCCS(=O)(=O)[O-])s/c1=C\c1scc(-c2ccccc2)[n+]1CCCS(=O)(=O)[O-],28.86,33.42
Cc1ccc(N2CCN(C(=O)/C(C#N)=C\c3ccc(-c4ccc(Br)cc4)o3)CC2)cc1,36.75,45.72
CN1C(=O)/C(=C\C=C\C=C\c2ccc([N+](=O)[O-])cc2)SC1=S,38.8,44.19
CCN1C=C/C(=C/C=c2\s/c(=C\c3sc(-c4ccccc4)c(-c4ccccc4)[n+]3CC)n(CC)c2=O)c2ccccc21,37.81,52.29
CCn1c(=O)/c(=C/C=C2\SC(c3ccccc3)=C(c3ccccc3)N2C)s/c1=C1/C(=O)N(c2ccccc2)N=C1C,29.27,37.37
CCCCn1c(=O)[nH]c2c(C(=O)N3CCN(C4CCCCC4)CC3)snc2c1=O,36.75,50.32
CCN1C(=O)/C(=C\C=C2/N(CC)c3ccc(-c4ccccc4)cc3C2(C)C)S/C1=N\c1ccc(C)cc1,24.42,33.89
CN1/C(=C/C=C2\SC(=S)N(c3ccccc3)C2=O)C(C)(C)c2ccccc21,14.97,16.6
COc1ccc(N2CCN(C(=O)c3snc4c(=O)n(C5CC5)c(=O)[nH]c34)CC2)cc1,64.07,74.03
CCn1c(=O)/c(=C/C=C2/N(C)c3ccc(-c4ccccc4)cc3C2(C)C)s/c1=C1/C(=O)N(c2ccccc2)N=C1C,26.86,33.45
CCN1C(=O)/C(=c2\s/c(=C/C=C3/Sc4ccc(OC)cc4N3CC)c(=O)n2CC)SC1=S,16.8,16.56
CCCCn1c(=O)[nH]c2c(C(=O)N3CCN(C(C)C)CC3)snc2c1=O,54.66,64.75
CN1C(=O)/C(=C\C=C\c2ccco2)SC1=S,23.37,35.87
CCCn1c(=O)[nH]c2c(C(=O)N3CCN(c4ccccc4)CC3)snc2c1=O,56.71,70.7
O=C1NC(=S)S/C1=C/C=C/c1ccc([N+](=O)[O-])cc1,67.64,72.06
CCCCCCCC(=O)N/N=C1/c2ccccc2-c2nc3ccccc3nc21,24.37,36.3
CCN1C(=O)/C(=C2\C=Cc3ccccc3N2CC)S/C1=N\c1ccc(N2CCOCC2)cc1,18.87,21.09
C[n+]1c(/C=C/c2ccc(-c3ccc([N+](=O)[O-])cc3)o2)ccc2ccccc21,43.85,62.16
Nc1c(Sc2ccccc2)c(Sc2ccccc2)c(N)c2c1C(=O)c1ccccc1C2=O,46.51,71.46
CCCCn1c(=O)[nH]c2c(C(=O)N3CCN(c4ccccn4)CC3)snc2c1=O,60.29,74.27
Cc1ccc(N2CCN(C(=O)c3snc4c(=O)n(CC(C)C)c(=O)[nH]c34)CC2)cc1,42.27,53.53
CCCCn1c(=O)[nH]c2c(C(=O)N3CCC4(CC3)OCCO4)snc2c1=O,72.04,73.95
CCCCn1c(=O)[nH]c2c(C(=O)N3CCN(c4ccc(OC)cc4)CC3)snc2c1=O,42.25,56.11
CCCCn1c(=O)[nH]c2c(C(=O)N3CCN(c4ccc(C)cc4)CC3)snc2c1=O,36.44,49.28
CCN1C(=O)/C(=C\C=C2\Sc3ccc4sccc4c3N2CC)SC1=S,13.32,14.72
CN1/C(=C/C=C2\SC(=S)N(Cc3ccccc3)C2=O)C(C)(C)c2ccccc21,11.4,10.11
CCN1C=C/C(=C\c2ccc3ccc(C)cc3[n+]2C)c2ccccc21,23.91,38.76
CC(C)Cn1c(=O)[nH]c2c(C(=O)N3CCC4(CC3)OCCO4)snc2c1=O,75.99,75.33
CCCn1c(=O)[nH]c2c(C(=O)N3CCN(c4ccccn4)CC3)snc2c1=O,69.71,81.97
CCCn1c(=O)[nH]c2c(C(=O)N3CCN(c4ccc(OC)cc4)CC3)snc2c1=O,53.69,66.9
COc1ccc(N2CCN(C(=O)c3snc4c(=O)n(CC(C)C)c(=O)[nH]c34)CC2)cc1,48.59,61.33
CN(C)c1ccc(/C=C2/N=C(/C=C\c3cccc([N+](=O)[O-])c3)OC2=O)cc1,41.69,53.8
CCN(CC)c1ccc(C2=C(c3ccc(N(CC)CC)cc3)[S][Ni]3([S]2)[S]C(c2ccc(N(CC)CC)cc2)=C(c2ccc(N(CC)CC)cc2)[S]3)cc1,29.13,40.66
N=C1C=Cc2ccc(N)c3cccc1c23,34.88,67.89
NC(=O)C1CCN(c2ccc(NC(=O)C=Cc3ccc(-c4ccccc4[N+](=O)[O-])s3)cc2)CC1,52.16,71.13
CCOC(=O)CCN1CC(=Cc2ccc(C(=O)O)cc2)C(=O)C(=Cc2ccc(C(=O)O)cc2)C1,73.36,80.45
O=C(C=c1[nH]c(=O)c(=Cc2ccc(-c3cccc([N+](=O)[O-])c3)o2)s1)c1ccco1,41.51,49.92
CCc1ccc(-c2ccc(C=C3SC(=S)N(CCC(=O)O)C3=O)o2)cc1,62.78,74.48
O=C(c1ccc2nsnc2c1)N1CCCC1C1CC1,24.77,49.56
CNc1ccc([N+](=O)[O-])s1,53.27,61.96
O=C1C(=Cc2cc(C(=O)O)cs2)CCC1=Cc1cc(C(=O)O)cs1,83.09,93.05
CCNC(=O)CNc1ccc2nsnc2c1,40.16,65.15
OC(CNc1ccc2nsnc2c1)C(F)F,45.11,66.65
FC(F)(F)c1ccc(CNc2ccc3nsnc3c2)nc1,17.54,33.47
Cc1ncsc1-c1ccc(CNC(=O)[C@@H]2C[C@@H](O)CN2C(=O)[C@@H](NC(=O)COCCOCCOCCOCCOCCNC(=O)CCCCC[N+]2=C(/C=C/C=C/C=C3/N(C)c4ccccc4C3(C)C)C(C)(C)c3ccccc32)C(C)(C)C)cc1,54.88,75.55
Cn1cncc1C=Cc1cc[n+]([O-])c2ccccc12,36.82,60.81
O=Cc1ccc(N(c2ccccc2)c2ccccc2)cc1C=O,19.5,34.39
CC1CCCCN1c1ccc2c(c1)CCCN2C(=O)c1ccc2nsnc2c1,11.32,16.82
CC(C)Nc1c(-c2ccc3c(c2)OCC(=O)N3)nc2cc([N+](=O)[O-])ccn12,56.2,66.95
O=C(O)C1CC2(CC(Nc3ccc4nsnc4c3)C2)C1,73.7,85.91
C[N+]1=C(/C=C/C=C/C=C2\N(CCCCCC(=O)NCCCCNC(=O)COc3cccc4c3CN(C3CCC(=O)NC3=O)C4=O)c3ccccc3C2(C)C)C(C)(C)c2ccccc21,33.16,41.08
CC(=CC(=O)N1CCCC1)/C=C/C=C(C)/C=C/C1=C(C)CCCC1(C)C,13.71,19.97
CCN1CCc2cc(C=C3CS(=O)(=O)c4ccccc4C3=O)ccc21,16.62,26.77
CC(C)(C)c1ncc(C=Cc2cc[n+]([O-])c3ccccc23)s1,27.54,39.48
c1ccc(N2CCCCC2)c(-c2cccc3nonc23)c1,12.67,27.1
O=CC1=C(N2CCOCC2)C(=Cc2ccc([N+](=O)[O-])cc2)CC1,56.17,70.59
O=CC1=C(N2CCOCC2)C(=Cc2cccc([N+](=O)[O-])c2)CC1,55.4,70.15
O=C1C(=CC=Cc2ccco2)CCCC1=CC=Cc1ccco1,18.45,30.81
C=CCN1C(=O)C(=Cc2ccc(-c3ccccc3)o2)SC1=S,18.41,25.82
O=C(O)CCN1C(=O)C(=Cc2ccc(-c3cccc(Cl)c3)o2)SC1=S,67.48,79.63
O=C(O)CCCN1C(=O)C(=CC=Cc2ccccc2)SC1=S,70.02,76.69
CCN(CC)C(=O)C(C#N)=Cc1ccc(-c2ccc([N+](=O)[O-])cc2Br)o1,24.71,29.18
O=C(O)CCCN1C(=O)C(=Cc2ccc(-c3cccc(Cl)c3)o2)SC1=S,63.55,76.31
O=C1C(=Cc2ccccc2)CCCC1=Cc1ccc([N+](=O)[O-])cc1,27.79,39.48
N#CC(=CC1=C(N2CCOCC2)C(=Cc2ccc([N+](=O)[O-])cc2)CC1)C(=O)Nc1ccc(OC(F)F)cc1,40.2,48.04
Cc1cc(C=Cc2ccc3cc(N(C)C)ccc3[n+]2C)c(C)n1-c1ccccc1,20.73,35.61
CN(C)c1ccc(/C=C/C=C2C(=O)NC(=S)NC2=O)cc1,73.72,79.68
O=C(CCl)NC1CC2CCCC(C1)N2C(=O)c1ccc2nsnc2c1,51.75,71.46
C=CC(=O)NC1CC2CCCC(C1)N2C(=O)c1ccc2nsnc2c1,57.94,78.55
CCOC(=O)CCCOc1c(I)cc(C(=C2C=CC(=[N+](C)C)C=C2)c2ccc(N(C)C)cc2)cc1I,27.95,33.24
CN1C=CC(=CC=Cc2sc3ccccc3[n+]2CC(=O)[O-])c2ccccc21,20.66,26.54
CCCN1C(=CC=C2CCCC(C=CC3=[N+](CCC)c4ccccc4C3(C)C)=C2N2CCN(S(=O)(=O)c3cccc4c(N(C)C)cccc34)CC2)C(C)(C)c2ccccc21,25.43,33.89
CCCN1C(=CC=C2CCCC(C=CC3=[N+](CCC)c4ccccc4C3(C)C)=C2N2CCN(S(=O)(=O)c3ccc([N+](=O)[O-])cc3[N+](=O)[O-])CC2)C(C)(C)c2ccccc21,29.57,35.97
CC1(C)C(/C=C/C=C/C=C/C=C2/N(CCCCS(=O)(=O)[O-])c3ccc4ccccc4c3C2(C)C)=[N+](CCCCS(=O)(=O)[O-])c2ccc3ccccc3c21,26.86,34.97
O=[N+]([O-])c1ccc2c(c1)Sc1cc(OCCF)ccc1N2,20.43,26.63
CN(C)c1ccc(/C=C/C=C/C=C(C#N)C#N)cc1,14.87,20.16
N#CCCN(C(=O)CCl)c1ccc2c(c1)OCCN2,34.28,54.75
O=C(CSc1cccc[n+]1[O-])Nc1cc2c(cc1Cl)C(=O)c1ccccc1C2=O,46.22,58.67
O=C(O)c1ccc(C=Cc2nc3ccc([N+](=O)[O-])cc3s2)cc1,70.34,85.85
O=[N+]([O-])c1ccc(-c2ccc(C=Cc3ccc4ccccc4n3)o2)c(Br)c1,46.37,66.12
O=C(O)c1c2c(nc3ccccc13)C(=Cc1ccc(-c3ccc([N+](=O)[O-])cc3Br)o1)CCC2,63.23,86.56
O=[N+]([O-])c1ccc(-c2csc(NC3CCCC3)n2)cc1,20.19,34.74
CN1C(=CC=C2CCCC(=CC=C3N(C)c4ccccc4C3(C)C)C2=O)C(C)(C)c2ccccc21,14.44,16.58
CC[n+]1c(C=Cc2ccc3c(c2)C(C)(C)C(C)N3C)ccc2ccccc21,15.3,22.03
CCN1C(=O)C(=CC=C(C=C2Sc3ccccc3N2CC)c2ccccc2)SC1=S,16.03,16.31
CCC(=Cc1sc2ccc(-c3ccccc3)cc2[n+]1CCCS(=O)(=O)[O-])C=C1Sc2cc(OC)c3ccsc3c2N1CCCS(=O)(=O)O,28.99,36.28
CN1C(=CC=C2C(=O)c3ccccc3C2=O)Sc2ccccc21,26.94,37.21
CCC(=Cc1sc2ccc(-c3ccccc3)cc2[n+]1CC)C=C1Sc2ccc3sccc3c2N1CCCS(=O)(=O)[O-],29.1,38.4
CN(C)c1ccc(C=Cc2cc(C=Cc3ccc(N(C)C)cc3)[n+]3ccccc3n2)cc1,22.92,37.89
CN(C)N=CC=C1CCC(=Cc2ccc(C(F)(F)F)cc2)C1=O,37.2,50.31
O=[N+]([O-])c1cccc(C=C2CCC(C=NN=Cc3ccc(-c4ccc(SC(F)F)cc4)o3)=C2N2CCOCC2)c1,42.48,55.16
CN1C=CC=CC1=C(C#N)C(=O)NC1CCCCC1,33.08,50.05
C(=NN=CC1=C(N2CCOCC2)C(=Cc2ccccc2)CC1)C1=C(N2CCOCC2)C(=Cc2ccccc2)CC1,25.44,34.54
Cc1[nH]c2ccccc2c1C=NN=CC1=C(N2CCOCC2)C(=Cc2ccc([N+](=O)[O-])cc2)CC1,46.42,56.0
COC(=O)c1c(N)n(-c2ccc(N3CCOCC3)cc2)c2nc3ccccc3nc12,26.46,41.49
CC1=C(C#N)C(=O)N(C2CCS(=O)(=O)C2)C(=O)C1=Cc1ccc(-c2cccc([N+](=O)[O-])c2)o1,61.33,70.42
N#CC(=Cc1ccc(N2CCCCC2)o1)C(=O)c1c[nH]c2ccccc12,20.4,23.63
O=C(O)CC(=Cc1ccc(-c2ccc([N+](=O)[O-])cc2)o1)c1nc2ccccc2o1,59.21,77.33
CC[n+]1c(C=CN(C)C)sc2ccccc21,10.07,24.33
Nc1ccc(C=Cc2ccc([N+](=O)[O-])cc2)cc1,27.97,47.32
c1ccc2c(c1)Oc1ccccc1N2c1cccc2nccnc12,14.82,30.6
O=C(Nc1ccc2nc(N3CCOCC3)sc2c1)N1C2CCNCC1CC2,63.61,76.0
CN(C)/C=C/C=C/C=C/C1=[N+](C)c2ccccc2C1(C)C,11.58,21.96
CCN1/C(=C\C=C2/CC(C)CC(/C=C/c3sc4ccccc4[n+]3CC)=C2Cl)Sc2ccccc21,24.29,33.66
COc1ccc2c(/C=C/C=C3C=C(c4ccccc4)OC(c4ccccc4)=C3)c3ccc(OC)cc3[o+]c2c1,42.94,63.67
CC(C)(C)C1=CC(=CC2=C([O-])/C(=C\c3cc(C(C)(C)C)[o+]c(C(C)(C)C)c3)C2=S)C=C(C(C)(C)C)O1,48.35,67.38
CCCCN1/C(=C/C2=C([S-])/C(=C/C3=[N+](CCCC)c4ccccc4C3(C)C)C2=S)C(C)(C)c2ccccc21,22.49,29.47
CC(C)(C)C1=C/C(=C\C=C\c2cc(C(C)(C)C)cc(-c3ccccc3)[s+]2)SC(c2ccccc2)=C1,49.1,70.6
O=CC(=C\C=C1C=C(c2ccccc2)SC(c2ccccc2)=C1)/C=C/c1cc(-c2ccccc2)[s+]c(-c2ccccc2)c1,48.05,69.26
CCN1/C(=C/C2=CC(c3ccccc3)=C/C(=C\c3sc4ccccc4[n+]3CC)O2)Sc2ccccc21,30.79,44.82
Oc1cccc(-c2ccc3nsnc3c2)c1,20.14,43.56
Cc1ccc(N)c(-c2ccc3nsnc3c2)c1,17.29,40.68
COc1cc(N)ccc1-c1ccc2nsnc2c1,16.15,36.95
C[N+]1=C(/C=C/C=C/C=C2/N(CCCCCC(=O)NCCOc3cccc4c3C(=O)N(C3CCC(=O)NC3=O)C4=O)c3ccccc3C2(C)C)C(C)(C)c2ccccc21,33.27,39.42
C[N+]1=C(/C=C/C=C/C=C2/N(CCCCCC(=O)NCCCc3ccc4c(c3)C(=O)N(C3CCC(=O)NC3=O)C4=O)c3ccccc3C2(C)C)C(C)(C)c2ccccc21,31.98,38.5
CC(Nc1ccc2nsnc2c1)c1ccc(S(C)(=O)=O)cc1,17.87,39.18
CNc1ccc(N)c2nonc12,34.81,57.42
O=[N+]([O-])c1ccc2n[se]nc2c1,56.1,63.93
N#CC(C#N)=CC=Cc1cc(C#N)c(N)o1,23.36,33.94
CC(C=CN(C)C)=CC=[N+](C)C,18.66,38.61
O=C1C(=CC=Cc2ccccc2)SC(=S)N1Cc1ccccc1,12.77,16.92
O=C(O)CCN1C(=O)C(=CC=Cc2ccccc2)SC1=S,75.29,80.82
CN(C)c1ccc(C=Cc2cc(C(=O)O)c3cc(Br)ccc3n2)cc1,50.24,70.4
O=C1C(=Cc2csnn2)CCC(C2CC2)C1=Cc1csnn1,48.99,66.74
COC(=O)c1cc([N+](=O)[O-])ccc1Nc1ccc(N2CCC(O)CC2)cc1,41.14,49.11
COc1cc2sc(C=CC3=Cc4ccccc4OC3)[n+](CCCS(=O)(=O)[O-])c2c2sccc12,24.12,30.1
COc1ccccc1C=CC=Cc1nc2cc([N+](=O)[O-])ccc2s1,21.14,29.25
CCOC(=O)C1CC(=Cc2ccc(C(=O)O)cc2)C(=O)C(=Cc2ccc(C(=O)O)cc2)C1,75.65,87.57
CCC(CC)N1CC(=Cc2ccc(C(=O)O)cc2)C(=O)C(=Cc2ccc(C(=O)O)cc2)C1,75.55,89.55
CCOC(=O)CCN1CC(=Cc2ccc([N+](=O)[O-])cc2)C(=O)C(=Cc2ccc([N+](=O)[O-])cc2)C1,30.06,29.68
COC(=O)c1cnc(C=Cc2csc([N+](=O)[O-])c2)s1,20.74,19.76
O=[N+]([O-])c1ccc(Nc2ccc(N3CCC(O)CC3)cc2)nc1,65.84,79.72
Cn1ncc2c1CCC(=CC=Cc1ccccc1[N+](=O)[O-])C2=O,42.81,49.61
O=C1C(=CC2=Cc3cc(Cl)cc(Cl)c3OC2)SC(=S)N1c1cccnc1,40.09,51.88
CN(C)c1ccc(NC(=O)c2ccc3c(c2)S(=O)(=O)c2ccccc2C3=O)cc1,42.67,57.47
CC1(C)C2CCC1(C)C(NC(=O)CC(=Cc1ccc([N+](=O)[O-])cc1)c1nc3ccccc3s1)C2,17.64,20.54
O=C(C=Cc1ccc([N+](=O)[O-])cc1)Nc1ccc(N2CCOCC2)cc1,47.68,56.79
Cc1ccc(C2=NC(=CC=C3N(C)c4ccccc4C3(C)C)C(=O)O2)s1,16.8,17.75
CCN1C(=O)C(=CC=Cc2ccccc2)SC1=S,14.52,22.95
O=C1Nc2ccccc2C1=CC=Cc1ccccc1[N+](=O)[O-],44.36,54.01
O=C1C(=Cc2ccc(-c3ccc([N+](=O)[O-])cc3Br)o2)SC(=S)N1Cc1ccco1,40.06,47.5
O=C1C(=CC=Cc2ccccc2)SC(=S)N1Cc1ccco1,11.42,15.48
CCN1C(=O)C(=Cc2ccc(N(C)c3ccccc3)cc2)SC1=S,13.66,17.12
O=C1NC(=S)SC1=Cc1ccc(-c2ccc(S(=O)(=O)N3CCOCC3)cc2)o1,49.29,50.73
CN1C(=O)C(=Cc2ccc(-c3cccc([N+](=O)[O-])c3)o2)c2ccccc21,41.61,55.4
O=C(O)CCCCCN1C(=O)C(=Cc2ccc(-c3ccc([N+](=O)[O-])cc3)o2)SC1=S,61.06,70.83
CCN1C(=O)C(=Cc2ccc(C)s2)SC1=S,15.43,24.43
COc1ccccc1C=CC=C1SC(=S)N(CCC(=O)O)C1=O,72.09,77.03
CC(C)C(=O)C(C#N)=Cc1ccc(-c2ccc([N+](=O)[O-])cc2)o1,25.41,30.74
CCN1CC(=Cc2ccc([N+](=O)[O-])cc2)C(=O)C(=Cc2ccc([N+](=O)[O-])cc2)C1,40.27,44.32
O=C(C=Cc1ccc(N(c2ccccc2)c2ccccc2)cc1)c1cc2ccccc2o1,27.91,45.08
O=C1C(=Cc2ccc(-c3cccc([N+](=O)[O-])c3)o2)Cc2ccccc21,43.6,59.53
CCN(CC)c1ccc(C=Cc2sc3cc(OC)c4ccsc4c3[n+]2CCCS(=O)(=O)[O-])cc1,18.28,22.05
O=C1C(=Cc2ccc(C(=O)O)cc2)CCC1=Cc1ccc(C(=O)O)cc1,80.74,94.74
CC1CC(=Cc2cccc([N+](=O)[O-])c2)C(=O)C(=Cc2cccc([N+](=O)[O-])c2)C1,32.69,41.89
CC1CC(=Cc2ccc([N+](=O)[O-])cc2)C(=O)C(=Cc2ccc([N+](=O)[O-])cc2)C1,36.03,46.47
O=C1C(=Cc2ccc(C(=O)O)cc2)CCCC1=Cc1ccc(C(=O)O)cc1,79.75,94.8
O=C(O)c1c2c(nc3ccccc13)C(=Cc1ccc(-c3cccc([N+](=O)[O-])c3)o1)CN(Cc1ccccc1)C2,61.86,84.27
Cc1cc(C)c2c(c1)C(=O)C(=Cc1ccc(-c3ccc([N+](=O)[O-])cc3)o1)CC2,41.39,55.05
O=S(=O)([O-])CCC[n+]1c(C=Cc2c(Cl)nc3sccn23)sc2ccccc21,19.14,21.22
O=C1C(=Cc2cccc([N+](=O)[O-])c2)CCCCC1=Cc1cccc([N+](=O)[O-])c1,32.91,43.04
O=C1C(=Cc2ccc(-c3ccc([N+](=O)[O-])cc3Br)o2)CCc2ccccc21,50.15,65.28
O=C(C=Cc1ccc(-c2ccccc2Cl)o1)c1ccc(N2CCOCC2)cc1,34.24,45.97
O=C(C=Cc1ccc(-c2ccc([N+](=O)[O-])cc2)o1)c1ccc(N2CCOCC2)cc1,39.28,48.01
O=[N+]([O-])c1cc(C=Cc2nc3c(ccc4ccccc43)s2)ccc1N1CCCC1,24.47,34.73
O=[N+]([O-])c1ccc(-c2ccc(C=Cc3nc4ccccc4s3)o2)c(Br)c1,44.11,61.17
O=C1C(=Cc2ccc(-c3cccc([N+](=O)[O-])c3)o2)COc2ccccc21,42.43,57.76
O=[N+]([O-])c1ccc2nc(C=Cc3cccc(C=Cc4nc5ccc([N+](=O)[O-])cc5s4)c3)sc2c1,44.66,61.13
O=[N+]([O-])c1cc(C=Cc2nc3c(ccc4ccccc43)s2)ccc1N1CCCCC1,23.3,32.93
CC(C)(C)C1CC(=Cc2ccc(-c3cccc([N+](=O)[O-])c3)o2)c2nc3ccccc3c(C(=O)O)c2C1,62.98,87.26
O=[N+]([O-])c1ccc(N2CCCCC2)c(C=Cc2nc3ccccc3s2)c1,17.12,22.71
CSc1ccc(C=Cc2nc3cc([N+](=O)[O-])ccc3s2)cc1,24.87,36.33
O=[N+]([O-])c1ccc2nc(C=Cc3ccc(N4CCCCC4)c([N+](=O)[O-])c3)sc2c1,28.71,37.65
CCN1CC(=Cc2ccc(-c3ccc(Cl)cc3[N+](=O)[O-])o2)c2nc3ccccc3c(C(=O)O)c2C1,64.27,84.12
CCN1CC(=Cc2ccc(-c3ccc(OC)cc3[N+](=O)[O-])o2)c2nc3ccccc3c(C(=O)O)c2C1,64.75,82.85
CCN1CC(=Cc2ccc([N+](=O)[O-])cc2)c2nc3ccccc3c(C(=O)O)c2C1,69.42,84.5
O=C(O)c1cc(C=Cc2ccc(-c3ccc([N+](=O)[O-])cc3)o2)nc2ccccc12,66.93,91.19
CC(C)(C)C(=O)C=c1[nH]c(=O)c(=Cc2ccc(-c3ccc(S(=O)(=O)N4CCOCC4)cc3)o2)s1,36.02,40.36
CC(C)(C)C(=O)C=c1[nH]c(=O)c(=Cc2ccc(-c3cccc([N+](=O)[O-])c3)o2)s1,43.32,52.23
CC(C)(C)C(=O)C=c1[nH]c(=O)c(=Cc2ccc(-c3ccc([N+](=O)[O-])cc3Br)o2)s1,45.92,54.83
N#CC1(c2ccccc2)CC(=Cc2ccc([N+](=O)[O-])cc2)C(=O)C(=Cc2ccc([N+](=O)[O-])cc2)C1,41.88,55.44
N#CC1(c2ccccc2)CC(=Cc2ccc(C(=O)O)cc2)C(=O)C(=Cc2ccc(C(=O)O)cc2)C1,76.25,97.06
CCN(CC)S(=O)(=O)c1ccc(-c2ccc(C=c3sc(=C(C#N)C(=O)C(C)(C)C)n(CC4CCCO4)c3=O)o2)cc1,23.91,27.67
COC(=O)CCCN1CC(=Cc2csc([N+](=O)[O-])c2)C(=O)C(=Cc2csc([N+](=O)[O-])c2)C1,28.21,22.47
CN(c1ccccc1)c1ccc(C=NNc2cccc([N+](=O)[O-])c2)cc1,21.32,34.87
O=C(C=Cc1ccc([N+](=O)[O-])o1)Nc1ccc(N2CCOCC2)cc1,50.87,59.23
Cc1cc(C=Cc2sc3ccccc3[n+]2CCCS(=O)(=O)[O-])c(C)n1-c1ccc(I)cc1,26.99,35.19
CCN(CC)c1ccc(N=Nc2c(Br)cc([N+](=O)[O-])cc2Br)cc1,27.45,34.9
O=C1C(=Cc2cc([N+](=O)[O-])ccc2OC(F)F)CCCC1=Cc1cc([N+](=O)[O-])ccc1OC(F)F,43.78,55.04
CCOC(C=C1Sc2c(ccc3c2CCCC3)N1CC)=C1SC(=S)N(CC)C1=O,13.19,15.66
COc1cc2sc(C=CC=C3N(C)c4ccccc4C3(C)C)[n+](CCCS(=O)(=O)[O-])c2c2sccc12,16.78,17.18
NC(=S)N1N=C2C(=Cc3ccc([N+](=O)[O-])cc3)CCCC2C1c1ccc([N+](=O)[O-])cc1,52.41,67.58
CCCCN1C(=CC=C2SC(=S)N(CC)C2=O)Sc2ccccc21,9.78,11.64
CN(C)c1ccc(C=C2CCCC(=Cc3cccs3)C2=O)cc1,15.13,22.15
CCN(CC)c1ccc(N2C(=O)C(=Cc3ccc(C(=O)O)cc3)SC2=S)cc1,64.71,77.71
O=C1c2ccccc2C2=Nc3ccc4c5c(ccc(c35)N12)CC4,31.01,52.4
CCN1C(=CC=c2sc(=Cc3sc(-c4ccccc4)c(-c4ccccc4)[n+]3CC)n(CC)c2=O)SC(c2ccccc2)=C1c1ccccc1,33.84,47.7
C(=C1C=C(c2ccccc2)SC(c2ccccc2)=C1)c1cc(-c2ccccc2)[s+]c(-c2ccccc2)c1,44.0,66.06
CN1C(=CC=CC2=[N+](C)c3ccc([N+](=O)[O-])cc3C2(C)C)C(C)(C)c2cc([N+](=O)[O-])ccc21,18.89,18.5
Cc1ccc(N=C2C(Nc3ccc(C)cc3)=CC(=O)c3oc4ccc(Nc5ccc(C)cc5)cc4c32)cc1,42.28,65.21
CN(C)c1ccc(C=CC2=[N+](C)c3ccc(P(=O)(c4ccccc4)c4ccccc4)cc3C2(C)C)cc1,19.25,27.41
CN1C(=CC2=CC3=CC(=C(C#N)C#N)CCC3CC2)Sc2ccccc21,20.19,25.29
CC(=O)N(C=CC=Cc1sc2ccccc2[n+]1C)c1ccccc1,14.93,21.28
CC1N(C)c2ccc(C=Cc3sc4ccccc4[n+]3C)cc2C1(C)C,13.41,17.5
CC1CC(=CC2=C(N3CCOCC3)C(=Cc3cccc([N+](=O)[O-])c3)CC2)C(=O)C(=CC2=C(N3CCOCC3)C(=Cc3cccc([N+](=O)[O-])c3)CC2)C1,39.13,46.02
CC(=O)C=Cc1ccc(-c2ccc([N+](=O)[O-])cc2)o1,25.93,31.73
CCOC(=O)C1C(=O)C=C(C=Cc2ccc(N(C)C)cc2)CC1c1ccccc1,17.73,21.97
CCC(=Cc1sc2ccc(C)cc2[n+]1CCCS(=O)(=O)[O-])C=C1Sc2ccc(C)cc2N1CCO,19.02,21.22
CC1N(C)c2ccc(C=C(C#N)C#N)cc2C1(C)C,13.15,16.07
C=CC[n+]1c(C=Cc2ccc(N(C)C)cc2)ccc2ccccc21,17.65,31.99
CCCCn1c(=C2SC(=S)N(CCCCCC(=O)OCC)C2=O)sc(=CC=C2SC(c3ccccc3)=C(c3ccccc3)N2CC)c1=O,20.78,23.13
Cn1c(=NN=CC2=C(N3CCOCC3)C(=Cc3ccc([N+](=O)[O-])cc3)CC2)sc2ccccc21,35.47,41.54
COc1ccc(OC)c(C=NN=CC2=C(N3CCOCC3)C(=Cc3ccc([N+](=O)[O-])cc3)CC2)c1,42.22,52.49
CN(C)N=CC=C1CCC(=CC=NN(C)C)C1=O,66.5,89.79
CN(C)N=CC=C1CCC(=Cc2ccco2)C1=O,33.76,59.69
CCN(CCOC)c1ccc(N=Nc2ccc([N+](=O)[O-])cc2S(=O)(=O)C(F)F)cc1,27.63,40.55
CN(C)N=Cc1ccc(P(c2ccc(C=NN(C)C)o2)c2ccc(C=NN(C)C)o2)o1,30.51,55.7
O=[N+]([O-])c1cccc(C=C2CCC(C=NNc3ccccc3)=C2N2CCOCC2)c1,36.59,45.88
O=[N+]([O-])c1cccc(C=C2CCC(C=NN=Cc3cccs3)=C2N2CCOCC2)c1,38.32,48.5
N#CC(C#N)=C1C=C2C=C(N3CCN(c4ccccc4)CC3)CCC2CC1,16.01,21.63
CCN(CC)c1ccc(C=C2CCC(=CC=NN(C)C)C2=O)cc1,17.44,33.2
CN(C)c1ccc(N=Nc2ccc([N+](=O)[O-])cc2C(F)(F)F)cc1,32.78,43.32
CCN(CC)c1ccc(C=C2CCC(C=NN=CC3=C(N4CCOCC4)C(=Cc4ccccc4)CC3)=C2N2CCOCC2)cc1,22.31,27.11
O=C1C(=CC2=C(N3CCOCC3)C(=Cc3cccc([N+](=O)[O-])c3)CC2)N=C2CCCCCN12,34.35,42.08
CC1=C(C#N)c2nc(N)c(C#N)c(C)c2C1=Cc1ccc(-c2ccc(C)cc2Br)o1,56.28,81.03
CCOC(=O)c1ccc(-c2ccc(C=C3C(C)=C(C#N)c4nc(N)c(C#N)c(C)c43)o2)cc1,51.59,72.32
CCN(CC)c1ccc(C=C2CCC(C=NN=C3C(=O)Nc4ccc(Br)cc43)=C2N2CCOCC2)cc1,37.13,43.74
O=C1C(=CC=Cc2ccc([N+](=O)[O-])cc2)SC(=S)N1c1cccc(Br)c1,37.5,46.72
O=[N+]([O-])c1cccc(C=C2CCC(C=NN=Cc3ccc(Br)cc3)=C2N2CCOCC2)c1,45.16,57.33
CN(C)N=CC=C1CCCC(=Cc2cc(Br)cs2)C1=O,25.46,33.32
CCN(CC)c1ccc(C=C2CCC(C=C(C#N)c3nc4ccccc4s3)=C2N2CCOCC2)cc1,19.43,20.75
CCN(CC)c1ccc(C=C2CCC(C=NN=Cc3ccc(-c4ccc(SC(F)F)cc4)o3)=C2N2CCOCC2)cc1,26.79,34.75
O=[N+]([O-])c1ccc(C=C2CCC(C3=CCCC3)=C2N2CCOCC2)cc1,22.41,34.95
O=C1C(=CC=Cc2ccc([N+](=O)[O-])cc2)SC(=S)N1c1ccccc1Cl,34.84,44.61
O=C1Nc2ccc([N+](=O)[O-])cc2C1=NN=CC1=C(N2CCOCC2)C(=Cc2cccc([N+](=O)[O-])c2)CC1,64.91,69.4
O=C1C(=CC(Cl)=Cc2ccc([N+](=O)[O-])cc2)SC(=S)N1c1ccccc1Br,37.6,44.54
CN(C)N=CC=C1CCC(=Cc2ccccc2C(F)(F)F)C1=O,33.7,45.51
O=[N+]([O-])c1cccc(C=C2CCC(C=NN=Cc3ccccc3Cl)=C2N2CCOCC2)c1,41.39,53.29
CN(C)N=CC=C1CCCC(=Cc2ccc([N+](=O)[O-])cc2)C1=O,36.49,46.82
C1=C(N2CCCC2)CCCC1=[N+]1CCCC1,17.85,50.45
CN(C)N=CC=C1CCCC(=CC=NN(C)C)C1=O,61.95,87.69
O=C1OC(c2cccs2)=NC1=CC1=C(N2CCOCC2)C(=Cc2cccc([N+](=O)[O-])c2)CC1,38.71,44.92
CCCCCN1C(=O)C(=CC=Cc2ccccc2)SC1=S,10.73,14.37
O=C(COC(=O)CCN1C(=O)C(=CC=Cc2ccccc2)SC1=S)NC1CCCCCC1,14.83,19.94
O=[N+]([O-])c1cccc(C=C2CCC(C=NN=CC3=C(N4CCOCC4)C(=Cc4cccc([N+](=O)[O-])c4)CC3)=C2N2CCOCC2)c1,46.37,52.84
CCN(CC)c1ccc(C=C2CCC(C=C3N=C(c4cccs4)OC3=O)=C2N2CCOCC2)cc1,18.9,21.16
CCOC(=O)c1ccc(-c2ccc(C=C3C=C(c4ccccc4)N(c4cccc(Cl)c4)C3=O)o2)cc1,48.16,65.16
CC1CC(=CC2=C(N3CCOCC3)C(=Cc3ccccc3)CC2)C(=O)C(=CC2=C(N3CCOCC3)C(=Cc3ccccc3)CC2)C1,23.58,30.91
COCCN1C(=O)C(=CC2=Cc3ccccc3OC2)SC1=S,11.59,19.2
CC(C)N(c1ccccc1)c1ccc(NC(=O)c2ccc3c(c2Cl)C(=O)c2ccccc2C3=O)cc1,44.86,64.16
O=[N+]([O-])c1cccc(C=C2CCC(C=NN=Cc3cnc4ccccc4n3)=C2N2CCOCC2)c1,46.58,61.86
COc1cccc(C=NN=CC2=C(N3CCOCC3)C(=Cc3ccc([N+](=O)[O-])cc3)CC2)c1OC,40.5,50.3
CCN(CC)c1ccc(C=C2CCC(C=NN=Cc3ccc([N+](=O)[O-])cc3)=C2N2CCOCC2)cc1,27.52,32.3
O=C1C(=CC=Cc2ccco2)SC(=S)N1c1ccccc1,14.6,21.99
CN(C=CC=C1CCC(=CC=CN(C)c2ccccc2)C1=O)c1ccccc1,15.58,24.8
O=[N+]([O-])c1ccc(C=NN=CC2=C(N3CCOCC3)C(=Cc3cccc([N+](=O)[O-])c3)CC2)cc1,53.56,64.22
C=C(C)CN=c1scc(-c2ccc([N+](=O)[O-])cc2)n1N=Cc1ccc(N(CC)CC)cc1,22.13,27.08
CSC(SC)=C1CCC(=Cc2ccc(N(C)C)cc2)C1=O,15.23,23.72
O=C(CCN1C(=O)C(=CC=Cc2ccccc2)SC1=S)OCc1ccc(Br)cc1,22.21,23.52
CN(C)c1ccc(C=C2CCCC(=Cc3ccccc3)C2=O)cc1,17.29,28.2
CC(C)N1C(=O)C(=CC=Cc2ccc([N+](=O)[O-])cc2)SC1=S,27.7,32.59
O=C1C(=C2C(c3ccccc3)=Cc3[o+]c4ccccc4cc32)C([O-])=C1c1c(-c2ccccc2)cc2oc3ccccc3cc1-2,58.5,83.8
CC1CCC(=Cc2ccc([N+](=O)[O-])cc2)C(=O)C1=Cc1ccc([N+](=O)[O-])cc1,35.29,45.88
O=[N+]([O-])c1ccc(Nc2ccc3nc(N4CCOCC4)sc3c2)c(Cl)c1,30.71,38.99
COc1ccc(C=C2CCC(=Cc3cccc([N+](=O)[O-])c3)C2=O)cc1,33.63,44.59
O=C(O)CC(=Cc1ccc(-c2ccc([N+](=O)[O-])cc2Br)o1)c1nc2ccccc2o1,56.75,73.61
CCCCN1c2ccccc2Sc2cc(C=C3C(=O)N(c4cccc(Cl)c4)N=C3C)ccc21,26.83,35.9
CN(c1ccccc1)c1ccc(C=Cc2ccc3c4ccccc4ccc3[n+]2-c2ccc(O)cc2)cc1,38.7,63.52
CCN1C(=CC=Cc2sc3ccc(-c4nc5ccc6ccccc6c5s4)cc3[n+]2CC)Sc2ccc(-c3nc4ccc5ccccc5c4s3)cc21,45.31,65.39
COc1ccc(-c2ccc(C=C3SC(=S)N(C4CCCC4)C3=O)o2)cc1,20.5,27.95
O=C(O)CCCCCN1C(=O)C(=Cc2ccc(-c3ccccc3C(F)(F)F)o2)SC1=S,53.9,69.03
CN1C(=O)C(=Cc2ccc(-c3ccc([N+](=O)[O-])cc3Cl)o2)SC1=S,42.08,49.08
COc1ccc2cc(C=Cc3ncc([N+](=O)[O-])cc3C(=O)O)ccc2c1,69.41,84.23
O=[N+]([O-])c1ccc(Nc2ccc3nc(N4CCCC4)sc3c2)nc1,19.7,32.89
O=C(C=Cc1cc([N+](=O)[O-])cc2c1OCOC2)Nc1ccc(N2CCCCC2)cc1,37.59,49.58
O=C(C=CC=Cc1ccco1)c1ccc(N2CCOCC2)cc1,17.44,26.3
O=C(C=CC1=Cc2cc(Cl)ccc2OC1)c1ccc(N2CCOCC2)cc1,32.23,43.33
COc1ccc2c(c1)C(=O)C(=Cc1ccc([N+](=O)[O-])cc1)CO2,36.28,48.65
O=C(C=Cc1ccc(-c2ccccc2[N+](=O)[O-])s1)NC1CC1,37.76,49.68
CSCCCN1C(=O)C(=Cc2ccc(-c3ccccc3Cl)o2)SC1=S,20.87,26.07
CCN(CC)S(=O)(=O)c1ccc(-c2ccc(C=CC(=O)c3cccc(N4CCOCC4)c3)o2)cc1,20.99,24.04
COC(=O)c1ccc(C=C2CCCC(=Cc3ccc(C(=O)OC)o3)C2=O)o1,27.73,29.82
Cn1cc(C=C2CCC(=Cc3cccc([N+](=O)[O-])c3)C2=O)cn1,39.33,44.18
CN1C(=CC=C2CCCCC2=O)C(C)(C)c2ccccc21,9.48,16.11
CCN1C(=O)C(=Cc2ccc(Cl)s2)SC1=S,22.32,32.87
CCN1C(=O)C(=Cc2ccc(-c3ccccc3)s2)C(=O)N(CC)C1=S,16.84,19.43
O=C1NC(=S)SC1=CC=Cc1ccc([N+](=O)[O-])cc1,65.4,69.03
CN1C=CC=CC1=C1N=C(c2ccco2)OC1=O,43.48,58.9
Cc1ccc(-c2csc(C(C#N)=C3C=CC=CN3C)n2)cc1,18.89,21.45
CN1C(=O)C(=CC=Cc2ccco2)SC1=S,21.95,34.24
O=C1C(=Cc2csnn2)CCCCCC1=Cc1csnn1,44.37,62.95
CC1CC(=Cc2csnn2)C(=O)C(=Cc2csnn2)C1,58.87,75.93
O=C1C(=Cc2ccsc2)CCC1=Cc1cccc([N+](=O)[O-])c1,29.02,39.18
COc1ccc(C=C2CCC(=Cc3cccc([N+](=O)[O-])c3)C2=O)cc1O,54.67,70.35
COc1cccc(C=C2CCC(=Cc3cccc([N+](=O)[O-])c3)C2=O)c1,31.11,41.12
COc1cc(C=C2CCC(=Cc3cccc([N+](=O)[O-])c3)C2=O)cc2c1OCCO2,33.75,43.14
COc1ccc(C=C2CCC(=Cc3cccc([N+](=O)[O-])c3)C2=O)cc1OC,33.1,41.57
CCN1CC(=Cc2csnn2)C(=O)C(=Cc2csnn2)C1,68.91,82.87
O=C1C(=Cc2csnn2)CCCC1=Cc1csnn1,57.91,73.34
O=C1C(=Cc2ccc(C(=O)O)cc2)CN(c2ccccn2)CC1=Cc1ccc(C(=O)O)cc1,79.72,95.88
O=C1C(=Cc2cccc([N+](=O)[O-])c2)CCC1=Cc1cc(F)ccc1F,41.74,58.74
O=C1C(=Cc2cnc(N3CCCC3)nc2)CCC1=Cc1cccc([N+](=O)[O-])c1,33.51,46.33
O=C1C(=Cc2cccc([N+](=O)[O-])c2)CCC1=Cc1csc(-c2ccccn2)n1,38.06,52.65
S=C1NC(=S)C(=CC=Cc2ccco2)S1,25.58,38.44
O=C1C(=Cc2cccc([N+](=O)[O-])c2)CC(O)(C(F)(F)F)CC1=Cc1cccc([N+](=O)[O-])c1,58.54,72.59
O=C1C(=Cc2ccc([N+](=O)[O-])cc2)CC(O)(C(F)(F)F)CC1=Cc1ccc([N+](=O)[O-])cc1,60.15,75.16
O=C1C(=Cc2ccc(C(=O)O)cc2)CC(O)(C(F)(F)F)CC1=Cc1ccc(C(=O)O)cc1,79.67,93.74
O=[N+]([O-])c1ccc(C2=Nc3ccc(Br)cc3C(c3ccc([N+](=O)[O-])cc3)=Nc3ccc(Br)cc32)cc1,55.79,74.55
O=C(O)C=Cc1cnc(C=Cc2csc([N+](=O)[O-])c2)s1,77.23,83.48
Cc1cc(C=C2CCC(=Cc3cccc([N+](=O)[O-])c3)C2=O)cc(C)c1O,46.55,60.95
COc1cc(C=C2CCC(=Cc3cccc([N+](=O)[O-])c3)C2=O)cc(OC)c1O,51.42,64.5
O=C(O)/C=C/c1ccc(-c2ccccc2[N+](=O)[O-])s1,77.3,88.45
CC[n+]1c(/C=C2/C=C(/C=C3\Sc4ccccc4N3CCCS(=O)(=O)[O-])CC(C)(C)C2)sc2ccc3ccccc3c21,21.62,27.87
CCN1/C(=C/C2=C/C(=C/c3sc4ccc(OC)cc4[n+]3CC)CC(C)(C)C2)Sc2ccccc21,20.06,25.75
CCSC1=C(/C=C/C2=[N+](C)c3ccccc3C2(C)C)CCC/C1=C\C=C1\N(C)c2ccccc2C1(C)C,18.44,23.96
CCCCCCCCCCN1C=CC(=CC2=CC(=C3C(=O)c4ccccc4C3=O)CCC2)C=C1,19.47,28.23
CC(C)(C)C1=C/C(=C\C2=C([O-])/C(=C\c3cc(C(C)(C)C)c4ccccc4[o+]3)C2=O)Oc2ccccc21,53.32,74.19
CCCn1c2ccccc2c2cc(/C=C/C3=CC(=C(C#N)C#N)C=C(c4ccccc4)O3)ccc21,35.71,48.86
CC[n+]1c(/C=C2/C=C(/C=C3\Sc4ccccc4N3CCCS(=O)(=O)[O-])CC(C)(C)C2)sc2cc(OC)c(C)cc21,18.99,21.2
CC(=O)N(/C=C1\SC=CC1=S)/C=C1/SC=CC1=S,51.61,66.63
CCO/C=C(C)\C=C\C1=C/C(=C/c2sc3ccccc3[n+]2CC)CC(C)(C)C1,18.95,22.96
CC1CC(C)(C)N(C)c2ccc(C=C3C(=O)c4ccccc4C3=O)cc21,17.3,22.12
COc1ccc(-c2ccc(C=C3C(=O)c4ccccc4C3=O)o2)c([N+](=O)[O-])c1,54.17,69.46
Cc1ccc(Nc2cc(N3CCCCC3)c(N)c3c2C(=O)c2ccccc2C3=O)cc1,38.7,59.04
CCOC(=O)CCN1/C(=C\C=C2/SC(=S)N(C)C2=O)Sc2ccc(OC)cc21,18.86,22.62
O=C1NC(=S)S/C1=C/C=C/c1cccc([N+](=O)[O-])c1,68.42,72.88
O=[N+]([O-])c1ccc(-c2ccc(/C=C\c3nc4ccccc4o3)o2)cc1,41.45,63.63
CSCCC(C(=O)O)N1C(=O)/C(=C\c2ccc(-c3ccc([N+](=O)[O-])cc3)o2)SC1=S,69.38,79.72
CN(C)c1ccc(NC(=O)c2ccc3nsnc3c2)cc1,18.26,38.83
O=C1N=C(N2CCN(c3cccc(Cl)c3)CC2)S/C1=C\c1ccc(-c2ccc([N+](=O)[O-])cc2)o1,44.87,56.29
O=C1/C(=C\C=C\c2cccc(Br)c2)SC(=S)N1Cc1ccccc1,24.86,31.3
O=C1SC(SCc2ccc(Cl)cc2)=N/C1=C\c1ccc(-c2ccc([N+](=O)[O-])cc2)o1,47.78,61.26
N#C/C(=C/c1ccc(N2CCCC2)cc1F)c1ccc(C(=O)O)cc1,58.41,77.57
CCN1/C(=C/C=C/C=C/C=O)Sc2ccccc21,13.97,20.72
CCN1C(=O)/C(=C/C=C2/N(CC)c3ccc(-c4ccccc4)cc3C2(C)C)S/C1=N\c1ccc(/C=C/c2ccccc2)cc1,36.2,51.74
O=C(O)CCC(C(=O)O)N1C(=O)/C(=C/C(Cl)=C\c2ccc([N+](=O)[O-])cc2)SC1=S,79.2,77.97
CN(C)/C=C/C=C/C=C/C(=O)/C=C/C=C/N(C)C,32.24,50.52
CN(C)/C=C/C=C/C1=CC(=O)/C(=C/C=C/N(C)C)CC1,42.54,71.61
CC(=O)C(=C/C=C/C=C/N(C)C)C(C)=O,19.12,22.98
CC1CC/C(=C\C=C\N(C)C)C(=O)/C1=C/C=C/N(C)C,32.08,60.07
CN(C)/C=C/C=C/C(=O)c1ccc(/C=C/C=C/N(C)C)o1,20.72,38.18
COC(=O)CCNc1ccc(NCCC(=O)OC)c2c1C(=O)c1ccccc1C2=O,22.23,29.95
CN1C=CC=C/C1=C\C=C1\C=Nc2ccccc21,28.9,56.39
CCN(CC)c1ccc(/C=C/c2ccc([N+](=O)[O-])cc2)cc1,18.5,26.49
COc1ccc([N+](=O)[O-])cc1-c1ccc(/C=C/c2cc(C(F)(F)F)nc(=O)[nH]2)o1,56.81,70.09
Cc1ccc(S(=O)(=O)/C(=C/C=C2/N(C)c3ccccc3C2(C)C)c2sc3ccccc3[n+]2C)cc1,17.18,20.46
O=[N+]([O-])c1cccc(/C=N/N(c2ccccc2)c2ccccc2)c1,19.49,33.72
N=C1NC(=O)/C(=C/C=C/c2ccc([N+](=O)[O-])o2)S1,79.45,76.17
CCCCN1C(=O)/C(=c2/s/c(=C/C=C3\SC(c4ccccc4)=C(c4ccccc4)N3CC)c(=O)n2CCCC)SC1=S,20.63,24.45
CCOC(=O)N1CCN(C(=S)Nc2ccc3nc4c5ccccc5c5ccccc5c4nc3c2)CC1,20.27,28.15
O=C1OC(c2ccccc2)=C/C1=C/c1ccc(-c2ccc([N+](=O)[O-])cc2)o1,51.49,70.54
Cc1cc(-c2ccc(/C=C3\Sc4ccccc4C3=O)o2)cc([N+](=O)[O-])c1C,45.25,59.06
Cc1ccc(C2=C/C(=C/c3ccc(-c4ccc([N+](=O)[O-])cc4)o3)C(=O)O2)cc1,52.79,71.44
CCOC(=O)CN1C(=O)S/C(=C/C=C/c2ccc(N(C)C)cc2)C1=O,24.16,32.82
O=C(Nc1ccc(N2CCOCC2)cc1)Nc1ccc2nsnc2c1,31.49,48.69
CCN(CC)c1ccc(/C=C(/C#N)c2cccc([N+](=O)[O-])c2)c(OC)c1,20.42,25.67
N#C/C(=C/c1ccc(N2CCCC2)cc1)c1cccc([N+](=O)[O-])c1,23.95,32.1
N#C/C(=C/c1ccc(N2CCCCCC2)o1)c1ccc(F)cc1,21.94,33.52
O=C1/C(=C\C=C(Cl)Cl)CC/C1=C\C=C(Cl)Cl,36.79,46.32
CC(=O)Nc1ccc2sc(/C=C/C=C/C=C/N(C)c3ccccc3)[n+](CCO)c2c1,22.43,35.09
O=C1c2ccccc2C(=O)c2cc(Nc3ccccc3)ccc21,38.19,61.34
O=c1cc2oc3c4c5c(cc3nc-2c2ccccc12)CCCN5CCC4,20.03,35.38
O=C1/C(=C/C=C/c2cccc([N+](=O)[O-])c2)Sc2ccccc21,36.97,50.6
Cc1cc([N+](=O)[O-])c(-c2ccc(C=C3C(=O)c4ccccc4C3=O)o2)cc1Cl,52.3,67.89
NC(=O)N(CC(=O)O)/N=C/C=C/c1ccc([N+](=O)[O-])o1,81.86,80.82
Cc1ccc(NC(=O)/C=C/c2ccc(-c3cccc([N+](=O)[O-])c3)o2)cc1,36.94,54.05
COc1ccc(N2C(=O)/C(=C\C=C\c3ccc(N(C)C)cc3)SC2=S)cc1,21.87,28.42
O=C1/C(=C/c2ccc(-c3ccc(Cl)cc3[N+](=O)[O-])o2)Sc2ccccc21,54.17,71.87
Cc1cccc(N2CCN(C3=NC(=O)/C(=C/c4ccc(-c5cccc([N+](=O)[O-])c5)o4)S3)CC2)c1,34.88,42.7
CN(C1=NC(=O)/C(=C\C(Cl)=C\c2ccc([N+](=O)[O-])cc2)S1)c1ccc(O)cc1,53.28,62.71
O=C1/C(=C\c2ccc(-c3ccc([N+](=O)[O-])cc3Br)o2)SC(=S)N1Cc1ccccc1,40.05,48.84
C=CCN1C(=O)S/C(=C\C=C\c2ccc(N(C)C)cc2)C1=O,27.96,40.19
CCCSC1=N/C(=C\C=C\c2ccco2)C(=O)S1,17.76,29.84
N#C/C(=C/c1ccc(-c2ccc([N+](=O)[O-])cc2Br)o1)c1ccc2c(c1)OCO2,50.32,66.12
C[n+]1ccccc1C(=O)/C=C/C=C(Cl)Cl,21.64,21.0
c1ccc2c(c1)N=c1cc3c(cc1O2)=Nc1ccccc1O3,12.88,30.4
CNc1ccc(Nc2ccc(C)cc2)c2c1C(=O)c1ccccc1C2=O,37.49,58.9
O=C1C(Cl)=C(N2CCCCC2)C(=O)C(Cl)=C1/C=C/N1CCCCC1,28.11,47.35
Nc1nonc1N/N=C/c1ccc2nsnc2c1,38.78,60.13
O=C1C2=C3C=CC(S(=O)(=O)O)=CC3CC=C2S/C1=C1\Sc2ccc3cc(S(=O)(=O)O)ccc3c2C1=O,59.87,73.49
COc1cc([N+](=O)[O-])ccc1-c1ccc(C=C(C#N)C#N)o1,27.62,33.67
CCN(CC)S(=O)(=O)c1ccc2nsnc2c1,30.64,60.29
COc1ccc(NC(=O)/C(C#N)=C/c2ccc(-c3ccc([N+](=O)[O-])cc3OC)o2)cc1,34.61,43.51
O=C1NC(=S)S/C1=C/c1ccc(-c2ccc([N+](=O)[O-])cc2Br)o1,52.4,59.22
CC(C)(C)c1ccc(C2=C/C(=C/c3ccc(-c4cc([N+](=O)[O-])ccc4Cl)o3)C(=O)O2)cc1,56.09,75.92
CC1=C(C#N)c2nc(N)c(C#N)c(C)c2/C1=C/c1ccc(-c2ccc([N+](=O)[O-])cc2C)o1,57.37,80.86
CN(C)c1ccc(/C=C/C=C/c2cc[n+](CCCS(=O)(=O)[O-])cc2)cc1,22.67,34.6
Cc1ccc(N2C(=O)NC(=O)/C(=C\c3ccc(N4CCCC4)o3)C2=O)cc1,57.08,64.95
O=[N+]([O-])c1ccc(-c2ccc(/C=C/c3cc(O)c4ccccc4n3)o2)cc1,49.06,75.82
O=C1NC(=S)NC(=O)C1=C/C=C/C=C/c1c(O)[nH]c(=S)[nH]c1=O,83.29,74.91
CCC(/C=C1\Sc2ccccc2N1CCCS(=O)(=O)[O-])=C\c1sc2ccc(OC)cc2[n+]1CCCS(=O)(=O)[O-],20.46,24.77
Cc1ccc(N(C=O)c2ccc(Nc3ccc(C)cc3Br)c3c2C(=O)c2ccccc2C3=O)cc1,51.15,70.74
O=C(O)c1cccc(-c2ccc(C=C3C(=O)c4ccccc4C3=O)o2)c1,72.97,95.29
O=C1C(=Cc2ccc(-c3ccc([N+](=O)[O-])cc3)o2)C(=O)c2ccccc21,56.0,73.81
CCN(CC)c1ccc(/C=C(/C#N)c2ccc([N+](=O)[O-])cc2)cc1,21.34,29.54
O=[N+]([O-])c1ccc(O)c(/C=N/N=C/c2ccccc2O)c1,77.07,86.79
Cc1ccc(C2=NC(=O)/C(=C/C=C/c3ccc([N+](=O)[O-])o3)S2)cc1,49.48,64.19
CC(C)(C)c1ccc(N(/C=C/c2ccccc2)c2ccc3c(c2O)C(=O)c2ccccc2C3=O)cc1,50.6,73.43
CCCCN1C(=O)/C(=C\C=C2\Sc3ccccc3N2CCC(=O)OCC)SC1=S,13.03,15.83
CCN(CC)c1ccc(/C=C2/SC(=S)N(Cc3ccccc3)C2=O)c(O)c1,16.94,20.47
CC1=NN(c2ccc(C)cc2)C(=O)/C1=C/C=C/c1ccc([N+](=O)[O-])o1,49.32,60.95
CN(c1ccccc1)c1ccc(/C=C2/C(=O)ON=C2c2ccc([N+](=O)[O-])cc2)cc1,46.01,61.99
COc1ccc(N2C(=O)/C(=C/c3ccc(-c4ccc([N+](=O)[O-])cc4Cl)o3)SC2=S)cc1,50.19,63.03
CC1=C(C#N)c2nc(N)c(C#N)c(C)c2/C1=C\c1ccc(I)o1,55.65,82.75
O=C1N=C(Nc2ccc(O)cc2)S/C1=C/C(Cl)=C/c1ccc([N+](=O)[O-])cc1,54.99,64.8
O=C1/C(=C/C(Cl)=C/c2ccc([N+](=O)[O-])cc2)SC(=S)N1c1ccc(O)cc1,54.18,65.98
CCCSC1=N/C(=C\c2ccc(-c3ccc([N+](=O)[O-])cc3Cl)o2)C(=O)S1,43.11,53.94
CCN(CC)c1ccc(/C=C(/C#N)c2ccc([N+](=O)[O-])cc2)c(OC)c1,21.7,27.92
CCN1C=C/C(=C\C=C\c2ccc3ccccc3[n+]2CC)c2ccccc21,23.53,37.6
CC[N+]1=C(/C=C/N(C)C)c2cccc3cccc1c23,12.55,22.26
CC[n+]1c(/C=C/C=C/C=C/N(C(C)=O)c2ccccc2)sc2ccc3ccccc3c21,21.62,31.3
Cn1c(-c2ccccc2)c(/C(=C/C=C2/C(c3ccccc3)=[N+](C)c3ccccc32)c2ccccc2)c2ccccc21,47.52,68.65
CC1OC/C(=C\C=C\N(C)C)C(=O)/C1=C/C=C/N(C)C,66.13,93.05
O=C(Nc1ccc(Nc2ccccc2)c2c1C(=O)c1ccccc1C2=O)c1ccccc1,45.67,68.86
CCCCCCCNc1ccc(NC(=O)c2ccccc2)c2c1C(=O)c1ccccc1C2=O,27.5,40.36
O=C1c2ccccc2C(=O)c2c1cc(NC1CCCCC1)c1nsnc21,25.92,40.67
N#C/C(=C\C=C(/Cl)c1ccc([N+](=O)[O-])cc1)c1nc(-c2ccc3c(c2)OCO3)cs1,45.38,58.69
C=CCn1c(=O)/c(=C/C=C2\C=CN(CC)c3ccccc32)s/c1=C\c1sc(-c2ccccc2)c(-c2ccccc2)[n+]1CC,38.6,54.2
CCCCN1C(=O)/C(=C\C=C2\C=CN(CC)c3ccccc32)SC1=S,13.61,16.54
O=C1OC(c2ccccc2)=C/C1=C/c1ccc(-c2ccc([N+](=O)[O-])cc2Br)o1,56.0,74.11
CCN1C(=O)/C(=C/C=C2\C=CN(CC)c3ccccc32)SC1=S,15.98,18.77
O=C1SC(SCc2ccccc2)=N/C1=C\C=C\c1ccc([N+](=O)[O-])o1,30.57,38.46
CC[n+]1c(/C=C/C=C2/C=C(/C=C/N(C(C)=O)c3ccccc3)CC(C)(C)C2)sc2ccccc21,19.19,24.74
CCN1/C(=C/C=C(C)/C=C/c2sc3ccccc3[n+]2CC)Sc2ccccc21,22.04,29.5
CN(C)/C=C\C=C\C=C\C(=O)/C=C/C=C/C=C/N(C)C,29.42,47.32
COC(=O)C(=C/C=C/C=C/N(C)C)C(=O)OC,19.02,20.13
O=C1C2=C/C(=C\NC3CCCCC3)C(=O)N2c2ccccc21,33.01,53.95
CN1C=CC(=C/C=C2/C=Nc3ccccc32)C=C1,31.81,60.38
CN(C)/C=C/C=C/C=[N+](C)C,29.91,56.19
O=C1NC(=S)S/C1=C/c1ccc(-c2ccc([N+](=O)[O-])cc2Cl)o1,55.84,63.72
O=C1C(Cl)=C(N2CCOCC2)C(=O)C(Cl)=C1/C=C/N1CCOCC1,67.65,75.86
CN(C)c1ccc(/C=C/C=C/c2ccc([N+](=O)[O-])cc2)cc1,19.9,28.67
CN(C)c1ccc(NC(=O)c2ccc3nc4c5ccccc5c5ccccc5c4nc3c2)cc1,28.12,47.47
CCCCN1C(=O)/C(=C\C=C2/SC(c3ccccc3)=C(c3ccccc3)N2CC)SC1=S,16.92,20.38
O=C1Nc2ccccc2/C1=N/N=C/c1cccs1,45.2,62.52
COc1ccc(C2=C/C(=C/c3ccc(-c4cccc([N+](=O)[O-])c4)o3)C(=O)O2)cc1,52.48,69.56
COc1cc([N+](=O)[O-])ccc1-c1ccc(/C=C2/C=C(c3ccc(C(C)(C)C)cc3)OC2=O)o1,54.19,72.05
Cc1ccccc1N1C(=O)C(=Cc2ccc(-c3ccc(C(=O)O)cc3)o2)SC1=S,65.74,85.56
Cc1ccsc1/C=N/N=C1\C(=O)Nc2ccccc21,41.32,57.76
O=C1SC(SCc2ccccc2)=N/C1=C\C=C\c1ccco1,15.35,22.19
CCN1C(=O)/C(=c2\s/c(=C3/C=Cc4ccccc4N3CC)c(=O)n2CC)SC1=S,16.34,15.25
CC[n+]1c(/C=C/C=C2/C=C(/C=C/N(C)c3ccccc3)CC(C)(C)C2)sc2ccccc21,17.37,24.25
O=S(=O)([O-])CCCN1CCS/C1=C\C=C\C1=[N+](CCCS(=O)(=O)[O-])CCS1,41.3,62.01
CN1/C(=C/C=C/C2=[N+](C)c3ccc4ccccc4c3C2(C)C)C(C)(C)c2c1ccc1ccccc21,21.65,31.59
CN(C)/C=C/C=C1/CCC(/C=C/N(C)C)=CC1=O,50.47,81.88
CN(C)/C=C/C=C1/CC/C(=C/C=C/N(C)C)C(=O)C1=O,55.29,79.4
O=[N+]([O-])c1ccc(/C=N/N=C/c2ccccc2O)o1,67.44,78.68
N#Cc1cc2ccc(N3CCOCC3)cc2cc1C#N,31.37,47.69
Cc1ccc(Nc2cc(NC3CCCCC3)c3noc4c3c2C(=O)c2ccccc2-4)cc1,29.52,47.27
N#C/C(=C\C=C\c1ccc([N+](=O)[O-])cc1)c1nc(-c2ccc3c(c2)OCO3)cs1,41.24,55.6
CCN1/C(=C/C=C/C=C/c2ccc3ccc4ccoc4c3[n+]2CC)C=Cc2ccc3ccoc3c21,31.73,48.49
O=C1/C(=C\c2ccc(-c3ccc([N+](=O)[O-])cc3Br)o2)Sc2ccccc21,53.98,70.09
O=C1OC(c2ccc(Br)cc2)=C/C1=C/c1ccc(-c2ccc([N+](=O)[O-])cc2)o1,57.41,76.81
O=C1NC(=S)NC(=O)C1=Cc1ccc(-c2ccc(S(=O)(=O)Nc3nccs3)cc2)o1,70.48,74.8
Cc1cc(/C=C2/SC(=S)NC2=O)c(C)n1-c1ccc(N2CCOCC2)cc1,43.93,52.13
CN(C)c1ccc(/N=C/c2ccc([N+](=O)[O-])cc2)cc1,17.0,27.29
CN(C)/C=C/C=C/C=C/C(=O)c1ccc(C(=O)/C=C/C=C/C=C/N(C)C)cc1,20.45,28.76
S=C1NC(=S)/C(=C\c2ccc(-c3ccc(Br)cc3)o2)S1,33.22,44.59
O=c1c(Cl)c2oc3cc(N4CCOCC4)ccc3nc-2c2ccccc12,26.18,42.58
O=C(c1ccc2nsnc2c1)N1CCC2(CC1)CC2(F)F,32.35,52.56
O=C(c1ccc2nsnc2c1)N1CCN(C2CCS(=O)(=O)CC2)CC1,67.19,82.19
O=C(c1ccc2nsnc2c1)N1C2CCC1CC(F)C2,36.05,57.58
C=C1CC2CCC(C1)N2C(=O)c1ccc2nsnc2c1,23.25,43.92
CC=C1CC2CCC(C1)N2C(=O)c1ccc2nsnc2c1,18.06,36.06
CC(C)Cn1c(=O)[nH]c2c(C(=O)N3CCOCC3)snc2c1=O,79.14,80.14
O=C(c1ccc2nsnc2c1)N1CC2CC1CS2(=O)=O,81.68,99.66
CC(C)Cn1c(=O)[nH]c2c(C(=O)N3CCN(C(C)C)CC3)snc2c1=O,61.36,68.56
O=C(c1ccc2nsnc2c1)N1C2C=CCC1CC2,36.07,59.19
CS(=O)(=O)C1CCN(C(=O)c2ccc3nsnc3c2)CC1,71.44,100.68
CSC1CC2CCC(C1)N2C(=O)c1ccc2nsnc2c1,18.3,37.03
O=C(c1ccc2nsnc2c1)N1CCN(CC(O)C2CC2)CC1,66.55,90.57
COC1CCN(C(=O)c2ccc3nsnc3c2)CC1,51.58,78.49
O=C(c1ccc2nsnc2c1)N1CCN(c2cnsn2)CC1,43.37,65.05
O=C(c1ccc2nsnc2c1)N1C2CCC1CC(n1cccn1)C2,46.46,67.97
O=C(c1ccc2nsnc2c1)N1C2CCC1CC(n1ccnn1)C2,63.47,80.7
Nc1nc(-c2ccc3nsnc3c2)cs1,14.11,37.89
C[N+]1=C(/C=C/C=C2\Sc3ccccc3N2CCCS(=O)(=O)[O-])SCC1,14.61,23.45
O=C1N=C(N2CCOCC2)S/C1=C\C=C\c1ccc([N+](=O)[O-])cc1,72.05,78.22
[N-]=[N+]=NC1CCN(C(=O)c2ccc3nsnc3c2)CC1,71.89,85.36
O=C1C=C(Cl)C2C=CC3=C4C2=C1C=CC4C(Cl)=CC3=O,53.31,74.69
O=C(c1ccc2nsnc2c1)N1CCC2(CC1)OCCCO2,59.44,74.45
O=C(c1ccc2nsnc2c1)N1CCC(CSCc2ccco2)CC1,8.25,15.74
Cc1ccc(NC(=O)/C=C/c2ccc([N+](=O)[O-])s2)cc1,30.92,40.57
CN1CCc2cc(C(O)CNC(=O)c3ccc4nsnc4c3)ccc21,31.99,49.26
Cc1ccc(N=C2C=C(SC#N)C(=O)C(SC#N)=C2)cc1,32.64,45.93
Cc1ccc(N=C2C=C(Cl)C(=O)C(Cl)=C2)cc1,39.48,60.41
COc1ccc(N2C(=O)/C(=C/C=C/c3ccco3)SC2=S)cc1,20.94,28.72
O=C1/C(=C/C=C/c2ccco2)SC(=S)N1c1ccccc1F,22.85,33.25
O=C1/C(=C/c2ccc(Br)o2)CC/C1=C\c1ccc(Br)o1,49.08,66.54
CN(C)c1ccc(C2=C([O-])C(=C3C=CC(=[N+](C)C)C=C3)C2=O)cc1,27.4,33.96
CCCCN(CCCC)c1ccc(C2=C([O-])/C(=C3\C=CC(=[N+](CCCC)CCCC)C=C3O)C2=O)c(O)c1,29.64,40.96
CC1(C)C(/C=C2/C(=O)C(/C=C3\N(CC(F)(F)F)c4ccc(OC(F)(F)F)cc4C3(C)C)=C2[O-])=[N+](CC(F)(F)F)c2ccc(OC(F)(F)F)cc21,58.52,79.67
O=C1/C(=C/C=C/c2ccccc2)SC(=S)N1c1cccc(O)c1,37.38,52.62
Cc1ccc(N2C(=O)/C(=C/C=C/c3ccco3)SC2=S)cc1,21.23,30.52
Cc1cccc(N2C(=O)/C(=C/C=C/c3ccco3)SC2=S)c1C,20.01,25.88
CCOc1ccc(N2C(=O)/C(=C/C=C/c3ccco3)SC2=S)cc1,22.99,30.44
CCOc1ccccc1N1C(=O)/C(=C/C=C/c2ccco2)SC1=S,19.5,24.66
CCN1/C(=C/C(=O)/C=C/C=C2/N(C)c3ccccc3C2(C)C)Sc2ccccc21,14.64,15.78
CCN(CC)c1ccc(N2C(=O)/C(=C/C=C/c3ccco3)SC2=S)cc1,16.45,20.31
CCCCCCCCN1C=C/C(=C\C=C\c2sc3ccccc3[n+]2C)c2ccccc21,20.16,28.14
CCN1/C(=C/C=C/C=C/C2=[N+](CC)c3ccc4cc(S(=O)(=O)[O-])ccc4c3C2(C)C)C(C)(C)c2cc(CCC(=O)O)ccc21,29.73,37.69
O=C1/C(=C\c2ccc(-c3ccc([N+](=O)[O-])cc3)o2)SC(=S)N1CCS(=O)(=O)O,67.08,80.01
O=C1/C(=C\c2ccc(-c3ccc([N+](=O)[O-])cc3Cl)o2)SC(=S)N1CCS(=O)(=O)O,60.92,71.84
Cc1c(-c2ccccc2)sc(/C=C/c2sc(-c3ccccc3)c(C)[n+]2C)[n+]1C,37.21,50.37
CCN1/C(=C/C=C/C=C/C2=[N+](CCCS(=O)(=O)[O-])c3ccc4ccccc4c3C2(C)C)C(C)(C)c2cc(CCC(=O)O)ccc21,26.7,33.64
CC(C)(C)CN1/C(=C/C2=C([O-])/C(=C/C3=[N+](CC(C)(C)C)c4ccccc4C3(C)C)C2=O)C(C)(C)c2ccccc21,29.63,39.93
CN1/C(=C/C=C2/C=C(/C=C/C3=[N+](CCCCCC(=O)ON4C(=O)CCC4=O)c4ccccc4C3(C)C)CCC2)C(C)(C)c2ccccc21,22.1,25.23
CC1(C)C(/C=C/C=C/C=C2/N(CCCS(=O)(=O)O)c3ccc(CCC(=O)O)cc3C2(C)C)=[N+](CCCS(=O)(=O)[O-])c2ccc3ccccc3c21,29.86,37.12
CCN1/C(=C\C=C\C2=[N+](CCCCCC(=O)O)c3ccc(S(=O)(=O)[O-])cc3C2(C)C)C(C)(C)c2cc(S(=O)(=O)[O-])ccc21,26.61,31.94
CCN1/C(=C/C=C2/C=C(/C=C/c3sc4ccc(OC)cc4[n+]3CC)COC2)Sc2ccc(OC)cc21,27.42,33.84
CCN1/C(=C/C2=C/C(=C/c3sc4ccccc4[n+]3CC)CC(C)(C)C2)Sc2ccccc21,18.22,24.81
CC(=O)N(/C=C/C=C/C1=[N+](CCCCCC(=O)O)c2ccc(S(=O)(=O)[O-])cc2C1(C)C)c1ccccc1,31.66,39.49
COc1cccc(-c2csc(/C(C#N)=C/C=C/c3ccc([N+](=O)[O-])cc3)n2)c1,36.39,48.77
CN1/C(=C/C=C/C=C/C2=[N+](C)c3ccc(S(=O)(=O)[O-])cc3C2(C)C)C(C)(C)c2cc(S(=O)(=O)[O-])ccc21,17.39,16.78
CCCCn1/c(=C/C2=C([O-])/C(=C/C3=[N+](CCCC)c4cccc5cccc3c45)C2=O)c2cccc3cccc1c32,38.49,53.25
CCCCOc1ccc2c3c(cccc13)C(/C=C/c1ccc(N(C)C)cc1)=[N+]2CCCC,27.14,39.09
CCN1/C(=C/C=C(/C=C/C2=[N+](CC)c3ccc4ccccc4c3C2(C)C)CCCO)C(C)(C)c2c1ccc1ccccc21,24.19,32.92
CN1/C(=C/C=C2\CCCC(/C=C/C3=[N+](C)c4ccc5ccccc5c4C3(C)C)=C2Cl)C(C)(C)c2c1ccc1ccccc21,30.8,43.78
CN1/C(=C/C=C/C2=C/C(=C/C=C/C3=[N+](C)c4ccc5ccccc5c4C3(C)C)CC(C)(C)C2)C(C)(C)c2c1ccc1ccccc21,26.67,37.98
C(/C=C/c1cc(-c2ccccc2)[s+]c(-c2ccccc2)c1)=C1C=C(c2ccccc2)SC(c2ccccc2)=C1,45.95,68.6
CCCCCCCCn1/c(=C/C2=C([O-])/C(=C/C3=[N+](CCCCCCCC)c4cccc5cccc3c45)C2=O)c2cccc3cccc1c32,41.8,58.66
CC[N+]1=C(/C=C/C=C/C=C2/N(CCCS(=O)(=O)[O-])c3ccc(CCC(=O)O)cc3C2(C)C)C(C)(C)c2c1ccc1cc(S(=O)(=O)[O-])ccc21,30.64,37.51
CCN1/C(=C/C=C2\CC(C)CC(/C=C/c3sc4cc(Cl)ccc4[n+]3CC)=C2c2ccc(OC)cc2)Sc2cc(Cl)ccc21,46.74,63.64
CCN1/C(=C\C=C\C2=[N+](CCCCCC(=O)ON3C(=O)CCC3=O)c3ccc(S(=O)(=O)[O-])cc3C2(C)C)C(C)(C)c2cc(S(=O)(=O)[O-])ccc21,22.63,24.32
CN1/C(=C\C=C2\C=C(/C=C/C3=[N+](CCCCCC(=O)ON4C(=O)CCC4=O)c4ccc5ccccc5c4C3(C)C)CCC2)C(C)(C)c2c1ccc1ccccc21,35.46,46.75
CCCCCCCCn1/c(=C/C2=C([O-])/C(=C/C3=[N+](CCCCCCCC)c4cc5c(c6cccc3c46)OC(C)C5)C2=O)c2cccc3c4c(cc1c32)CC(C)O4,48.65,67.4
CCn1/c(=C/C=C2\CCC(/C=C/C3=[N+](CC)c4ccc(Cl)c5cccc3c45)=C2c2ccccc2)c2cccc3c(Cl)ccc1c32,51.7,73.47
CCCCn1/c(=C/C=C/C2=C/C(=C/C=C/C3=[N+](CCCC)c4cc5c(c6cccc3c46)OC(C)C5)CC(C)(C)C2)c2cccc3c4c(cc1c32)CC(C)O4,38.48,54.62
CCCCn1/c(=C\C=C\C=C\C=C\C2=[N+](CCCC)c3cccc4cccc2c34)c2cccc3cccc1c32,32.65,47.77
CC1(C)C(/C=C/C=C/C=C2/N(CCCS(=O)(=O)[O-])c3ccc(CCC(=O)O)cc3C2(C)C)=[N+](CCCS(=O)(=O)[O-])c2ccc3ccccc3c21,28.35,34.69
C(/C=C/C=C/c1cc(-c2ccccc2)[s+]c(-c2ccccc2)c1)=C1C=C(c2ccccc2)SC(c2ccccc2)=C1,47.19,70.27
CN1/C(=C/C=C(/C=C/C2=[N+](C)c3ccc4ccccc4c3C2(C)C)CCCO)C(C)(C)c2c1ccc1ccccc21,24.22,32.84
CCN1/C(=C/C=C(/C=C/C2=[N+](CC)c3ccc4cc(S(=O)(=O)[O-])ccc4c3C2(C)C)CCCO)C(C)(C)c2c1ccc1cc(S(=O)(=O)O)ccc21,30.13,38.53
CCN1/C(=C/C=C(/C=C/C2=[N+](CC)c3ccc(-c4ccc(S(=O)(=O)[O-])cc4)cc3C2(C)C)CCCO)C(C)(C)c2cc(-c3ccc(S(=O)(=O)O)cc3)ccc21,42.45,55.96
CCn1c(=O)/c(=C\C=C2/C=CN(CCS(=O)(=O)[O-])c3ccccc32)s/c1=C/c1scc(-c2ccccc2)[n+]1CCCS(=O)(=O)[O-],27.19,30.4
CCCCCCCCn1/c(=C/C2=C([O-])/C(=C/C3=[N+](CCCCCCCC)c4ccc(OCCCC)c5cccc3c45)C2=O)c2cccc3c(OCCCC)ccc1c32,55.11,75.99
O=S(=O)([O-])CCC[n+]1c(/C=C/C2=C(N(c3ccccc3)c3ccccc3)/C(=C/C=C3\Sc4ccccc4N3CCCS(=O)(=O)O)CC2)sc2ccccc21,32.35,43.22
CCCCn1/c(=C/C=C2\CCC(/C=C/C3=[N+](CCCC)c4ccc(Cl)c5cccc3c45)=C2N(c2ccccc2)c2ccccc2)c2cccc3c(Cl)ccc1c32,50.8,72.68
C(/C=C1\CCC(/C=C/c2cc(-c3ccccc3)[s+]c(-c3ccccc3)c2)=C1c1ccccc1)=C1C=C(c2ccccc2)SC(c2ccccc2)=C1,56.92,82.75
CCCCOc1ccc(C2=C(/C=C/C3=[N+](CCCC)c4cccc5cccc3c45)CC(C)C/C2=C\C=c2/c3cccc4cccc(c43)n2CCCC)cc1,50.08,70.74
O=S(=O)([O-])CCC[n+]1c(/C=C/C2=C(N(c3ccccc3)c3ccccc3)/C(=C/C=C3\Sc4ccc5ccccc5c4N3CCCS(=O)(=O)O)CC2)sc2ccc3ccccc3c21,46.58,65.27
CC1(C)C(/C=C/C=C/C=C2/N(CCCS(=O)(=O)[O-])c3ccc(CCC(=O)O)cc3C2(C)C)=[N+](CCCS(=O)(=O)[O-])c2ccc3cc(S(=O)(=O)[O-])ccc3c21,34.21,41.27
CCCCn1/c(=C\C=C\C=C\C2=[N+](CCCC)c3cccc4cccc2c34)c2cccc3cccc1c32,31.44,46.26
CC(C)(c1ccccc1)c1ccc2c(c1)C(=[N+]1CCOCC1)C=C(O)/C2=C1\C(=O)C(c2c(O)cc(N3CCOCC3)c3cc(C(C)(C)c4ccccc4)ccc23)=C1[O-],55.46,76.29
CC(C)CN1CCCc2cc(/C=C3/NC(=S)SC3=O)ccc21,11.75,19.28
CN(C)C(/C=C/Nc1cc(C(F)(F)F)cc(C(F)(F)F)c1)=C(C#N)C#N,30.97,40.0
COC(=O)c1cc([N+](=O)[O-])ccc1NC1CCCCC1,18.12,30.91
CN(C)c1ccc(/C=C/C=[N+]2\OC(=O)C(c3ncc(C(F)(F)F)cc3Cl)=C2[O-])cc1,48.41,64.18
CO/N=C(/C)c1ccc(/C(C#N)=C/N(C)C)s1,15.92,27.78
CN(C)c1ccc(/C=C(\C#N)c2ccc(C(=O)c3ccccc3F)s2)cc1,27.68,36.52
COc1ccc2c(c1)C=C(C=C1C(=O)c3ccccc3C1=O)CO2,38.22,52.72
COc1ccc(OC)c(N/C=C/C(=C(C#N)C#N)N(C)C)c1,17.45,27.65
COC(=O)C1=C(C)N(CCc2ccccc2)C(=O)/C1=C\C=C/c1ccc(N(C)C)cc1,17.0,16.57
CC(=O)c1c(/C=C/N(C)C)[n+]([O-])c2ccccc2[n+]1[O-],26.43,21.07
Cc1cc(C)c(-c2c3nc(c(-c4c(C)cc(C)cc4C)c4ccc([nH]4)c(-c4c(C)cc(C)cc4C)c4nc(c(-c5c(C)cc(C)cc5C)c5ccc2[nH]5)C=C4)C=C3)c(C)c1,58.13,82.04
CC(C)(C)c1cc(-c2c3nc(c(-c4cc(C(C)(C)C)cc(C(C)(C)C)c4)c4ccc([nH]4)c(-c4cc(C(C)(C)C)cc(C(C)(C)C)c4)c4nc(c(-c5cc(C(C)(C)C)cc(C(C)(C)C)c5)c5ccc2[nH]5)C=C4)C=C3)cc(C(C)(C)C)c1,66.31,95.35
COc1ccc(C=CC=C2C(=O)c3ccccc3C2=O)cc1,36.58,52.0
CCN1C(=O)C(=CC=Cc2ccc(OC)cc2)SC1=S,15.54,22.06
Cc1ccc(C)n1-c1ccc(C=C(C#N)C#N)cc1,17.87,24.76
N#CC1=CC(=C2C=CC=CC=C2)C=C1C#N,48.86,67.86
CN(C)c1ccc(N=Nc2ccccc2C(=O)[O-])cc1,36.66,54.33
O=C1C(Cl)=CC(=Nc2ccc([O-])cc2)C=C1Cl,45.82,66.71
COC1CC(=O)/C2=C\CCCC(C)OC(=O)C3=C(/C=C/C=C/C=C/C(=O)O)OC1C32,75.79,84.18
CN(C)\C=C\C=C\C=C1/c2ccccc2-c2ccc(cc12)[N+]([O-])=O,30.21,41.41
CN1C=C/C(=C/C=C(/C=C/c2cc[n+](C)c3ccccc23)c2ccccc2)c2ccccc21,36.25,54.04
CCCN(CCC)c1ccc(C(NC(C)C)=c2ccc(=C(C#N)C#N)cc2)cc1,14.39,19.34
CC[n+]1c(/C=C/C=C/C=C/N(C)c2ccccc2)sc2c(C)c(C)sc21,14.89,20.04
CCN1/C(=C/C=C/C=C/C2=C/C(=C/c3sc4ccccc4[n+]3CC)CC(C)(C)C2)Sc2ccccc21,22.09,30.38
CC[n+]1c(C=CC=C2C=C(C=CN(C)c3ccccc3)CC(C)(C)C2)sc2ccccc21,15.59,21.13
CN(C)c1ccc(/C=C2\CCCc3c2cc(-c2ccccc2)[o+]c3-c2ccccc2)cc1,46.92,68.69
